date,APR El Cobre Lo Calvo >> Captación y Estanque >> Caudal Salida(13373)
2020-11-30 21:02:51-03:00,5.5
2020-11-30 21:07:51-03:00,5.5
2020-11-30 21:12:52-03:00,5.5
2020-11-30 21:17:52-03:00,5.4
2020-11-30 21:22:52-03:00,0.0
2020-11-30 21:27:53-03:00,0.0
2020-11-30 21:32:53-03:00,0.0
2020-11-30 21:37:53-03:00,0.0
2020-11-30 21:42:54-03:00,0.0
2020-11-30 21:47:54-03:00,0.0
2020-11-30 21:52:54-03:00,5.6
2020-11-30 21:57:55-03:00,5.5
2020-11-30 22:02:55-03:00,5.4
2020-11-30 22:07:55-03:00,5.4
2020-11-30 22:12:56-03:00,5.4
2020-11-30 22:17:56-03:00,5.3
2020-11-30 22:22:56-03:00,0.0
2020-11-30 22:27:56-03:00,0.0
2020-11-30 22:32:57-03:00,0.0
2020-11-30 22:37:57-03:00,0.0
2020-11-30 22:42:57-03:00,0.0
2020-11-30 22:47:58-03:00,0.0
2020-11-30 22:52:58-03:00,0.0
2020-11-30 22:57:58-03:00,5.6
2020-11-30 23:02:59-03:00,5.5
2020-11-30 23:07:59-03:00,5.5
2020-11-30 23:12:59-03:00,5.5
2020-11-30 23:18:00-03:00,5.4
2020-11-30 23:23:00-03:00,0.0
2020-11-30 23:28:00-03:00,0.0
2020-11-30 23:33:00-03:00,0.0
2020-11-30 23:38:01-03:00,0.0
2020-11-30 23:43:01-03:00,0.0
2020-11-30 23:48:01-03:00,0.0
2020-11-30 23:53:02-03:00,0.0
2020-11-30 23:58:02-03:00,0.0
2020-12-01 00:03:02-03:00,0.0
2020-12-01 00:08:03-03:00,0.0
2020-12-01 00:13:03-03:00,0.0
2020-12-01 00:18:03-03:00,0.0
2020-12-01 00:23:04-03:00,0.0
2020-12-01 00:28:04-03:00,5.6
2020-12-01 00:33:04-03:00,5.5
2020-12-01 00:38:05-03:00,5.5
2020-12-01 00:43:05-03:00,5.5
2020-12-01 00:48:05-03:00,0.0
2020-12-01 00:53:06-03:00,0.0
2020-12-01 00:58:06-03:00,0.0
2020-12-01 01:03:06-03:00,0.0
2020-12-01 01:08:06-03:00,0.0
2020-12-01 01:13:07-03:00,0.0
2020-12-01 01:18:07-03:00,0.0
2020-12-01 01:23:07-03:00,0.0
2020-12-01 01:28:08-03:00,0.0
2020-12-01 01:33:08-03:00,0.0
2020-12-01 01:38:08-03:00,0.0
2020-12-01 01:43:09-03:00,0.0
2020-12-01 01:48:09-03:00,0.0
2020-12-01 01:53:09-03:00,0.0
2020-12-01 01:58:10-03:00,0.0
2020-12-01 02:03:10-03:00,0.0
2020-12-01 02:08:11-03:00,0.0
2020-12-01 02:13:11-03:00,0.0
2020-12-01 02:18:11-03:00,0.0
2020-12-01 02:23:12-03:00,0.0
2020-12-01 02:28:12-03:00,0.0
2020-12-01 02:33:12-03:00,0.0
2020-12-01 02:38:13-03:00,0.0
2020-12-01 02:43:13-03:00,0.0
2020-12-01 02:48:13-03:00,0.0
2020-12-01 02:53:14-03:00,0.0
2020-12-01 02:58:14-03:00,0.0
2020-12-01 03:03:14-03:00,0.0
2020-12-01 03:08:14-03:00,0.0
2020-12-01 03:13:15-03:00,0.0
2020-12-01 03:18:15-03:00,0.0
2020-12-01 03:23:15-03:00,0.0
2020-12-01 03:28:16-03:00,0.0
2020-12-01 03:33:16-03:00,0.0
2020-12-01 03:38:16-03:00,0.0
2020-12-01 03:43:17-03:00,5.8
2020-12-01 03:48:17-03:00,5.5
2020-12-01 03:53:17-03:00,5.5
2020-12-01 03:58:18-03:00,5.5
2020-12-01 04:03:18-03:00,0.0
2020-12-01 04:08:18-03:00,0.0
2020-12-01 04:13:19-03:00,0.0
2020-12-01 04:18:19-03:00,0.0
2020-12-01 04:23:19-03:00,0.0
2020-12-01 04:28:20-03:00,0.0
2020-12-01 04:33:20-03:00,0.0
2020-12-01 04:38:20-03:00,0.0
2020-12-01 04:43:20-03:00,0.0
2020-12-01 04:48:21-03:00,0.0
2020-12-01 04:53:21-03:00,0.0
2020-12-01 04:58:21-03:00,0.0
2020-12-01 05:03:22-03:00,0.0
2020-12-01 05:08:22-03:00,0.0
2020-12-01 05:13:22-03:00,0.0
2020-12-01 05:18:23-03:00,0.0
2020-12-01 05:23:23-03:00,0.0
2020-12-01 05:28:23-03:00,0.0
2020-12-01 05:33:24-03:00,0.0
2020-12-01 05:38:24-03:00,0.0
2020-12-01 05:43:24-03:00,0.0
2020-12-01 05:48:25-03:00,0.0
2020-12-01 05:53:25-03:00,0.0
2020-12-01 05:58:25-03:00,0.0
2020-12-01 06:03:25-03:00,0.0
2020-12-01 06:08:26-03:00,0.0
2020-12-01 06:13:26-03:00,0.0
2020-12-01 06:18:27-03:00,0.0
2020-12-01 06:23:28-03:00,5.7
2020-12-01 06:28:28-03:00,5.6
2020-12-01 06:33:28-03:00,5.6
2020-12-01 06:38:28-03:00,5.6
2020-12-01 06:43:29-03:00,0.0
2020-12-01 06:48:29-03:00,0.0
2020-12-01 06:53:29-03:00,0.0
2020-12-01 06:58:30-03:00,0.0
2020-12-01 07:03:30-03:00,0.0
2020-12-01 07:08:30-03:00,0.0
2020-12-01 07:13:31-03:00,0.0
2020-12-01 07:18:31-03:00,0.0
2020-12-01 07:23:31-03:00,0.0
2020-12-01 07:28:31-03:00,0.0
2020-12-01 07:33:32-03:00,0.0
2020-12-01 07:38:32-03:00,5.6
2020-12-01 07:43:32-03:00,5.6
2020-12-01 07:48:33-03:00,5.6
2020-12-01 07:53:33-03:00,5.6
2020-12-01 07:58:33-03:00,0.0
2020-12-01 08:03:34-03:00,0.0
2020-12-01 08:08:34-03:00,0.0
2020-12-01 08:13:35-03:00,0.0
2020-12-01 08:18:35-03:00,0.0
2020-12-01 08:23:35-03:00,0.0
2020-12-01 08:28:36-03:00,0.0
2020-12-01 08:33:36-03:00,0.0
2020-12-01 08:38:36-03:00,0.0
2020-12-01 08:43:36-03:00,5.6
2020-12-01 08:48:37-03:00,5.6
2020-12-01 08:53:37-03:00,5.6
2020-12-01 08:58:37-03:00,5.6
2020-12-01 09:03:38-03:00,0.0
2020-12-01 09:08:38-03:00,0.0
2020-12-01 09:13:38-03:00,0.0
2020-12-01 09:18:39-03:00,0.0
2020-12-01 09:23:39-03:00,0.0
2020-12-01 09:28:39-03:00,0.0
2020-12-01 09:33:40-03:00,0.0
2020-12-01 09:38:40-03:00,0.0
2020-12-01 09:43:40-03:00,5.6
2020-12-01 09:48:40-03:00,5.5
2020-12-01 09:53:41-03:00,5.5
2020-12-01 09:58:41-03:00,5.5
2020-12-01 10:03:41-03:00,5.5
2020-12-01 10:08:42-03:00,5.6
2020-12-01 10:13:43-03:00,0.0
2020-12-01 10:18:43-03:00,0.0
2020-12-01 10:23:43-03:00,0.0
2020-12-01 10:28:43-03:00,0.0
2020-12-01 10:33:44-03:00,0.0
2020-12-01 10:38:44-03:00,0.0
2020-12-01 10:43:44-03:00,0.0
2020-12-01 10:48:44-03:00,0.0
2020-12-01 10:53:44-03:00,0.0
2020-12-01 10:58:45-03:00,5.6
2020-12-01 11:03:45-03:00,5.6
2020-12-01 11:08:45-03:00,5.7
2020-12-01 11:13:46-03:00,5.5
2020-12-01 11:18:46-03:00,5.5
2020-12-01 11:23:46-03:00,5.5
2020-12-01 11:28:47-03:00,0.0
2020-12-01 11:33:47-03:00,0.0
2020-12-01 11:38:47-03:00,0.0
2020-12-01 11:43:48-03:00,0.0
2020-12-01 11:48:48-03:00,0.0
2020-12-01 11:53:47-03:00,0.0
2020-12-01 11:58:48-03:00,5.6
2020-12-01 12:03:47-03:00,5.7
2020-12-01 12:08:48-03:00,5.5
2020-12-01 12:13:48-03:00,5.5
2020-12-01 12:18:48-03:00,5.5
2020-12-01 12:23:48-03:00,5.5
2020-12-01 12:28:51-03:00,0.0
2020-12-01 12:33:51-03:00,0.0
2020-12-01 12:38:51-03:00,0.0
2020-12-01 12:43:52-03:00,0.0
2020-12-01 12:48:52-03:00,0.0
2020-12-01 12:53:52-03:00,0.0
2020-12-01 12:58:53-03:00,0.0
2020-12-01 13:03:53-03:00,6.0
2020-12-01 13:08:53-03:00,5.5
2020-12-01 13:13:54-03:00,5.5
2020-12-01 13:18:54-03:00,5.5
2020-12-01 13:23:54-03:00,5.5
2020-12-01 13:28:55-03:00,5.5
2020-12-01 13:33:55-03:00,0.0
2020-12-01 13:38:55-03:00,0.0
2020-12-01 13:43:55-03:00,0.0
2020-12-01 13:48:56-03:00,0.0
2020-12-01 13:53:56-03:00,0.0
2020-12-01 13:58:56-03:00,0.0
2020-12-01 14:03:57-03:00,0.0
2020-12-01 14:08:57-03:00,0.0
2020-12-01 14:13:57-03:00,5.6
2020-12-01 14:18:58-03:00,5.5
2020-12-01 14:23:58-03:00,5.6
2020-12-01 14:28:58-03:00,5.5
2020-12-01 14:33:59-03:00,5.4
2020-12-01 14:38:59-03:00,0.0
2020-12-01 14:43:59-03:00,0.0
2020-12-01 14:49:00-03:00,0.0
2020-12-01 14:54:00-03:00,0.0
2020-12-01 14:59:00-03:00,0.0
2020-12-01 15:04:01-03:00,0.0
2020-12-01 15:09:01-03:00,0.0
2020-12-01 15:14:01-03:00,0.0
2020-12-01 15:19:02-03:00,0.0
2020-12-01 15:24:02-03:00,0.0
2020-12-01 15:29:02-03:00,0.0
2020-12-01 15:34:02-03:00,5.5
2020-12-01 15:39:03-03:00,5.5
2020-12-01 15:44:03-03:00,5.6
2020-12-01 15:49:03-03:00,5.4
2020-12-01 15:54:04-03:00,0.0
2020-12-01 15:59:04-03:00,0.0
2020-12-01 16:04:05-03:00,0.0
2020-12-01 16:09:05-03:00,0.0
2020-12-01 16:14:06-03:00,0.0
2020-12-01 16:19:06-03:00,0.0
2020-12-01 16:24:06-03:00,0.0
2020-12-01 16:29:07-03:00,0.0
2020-12-01 16:34:07-03:00,0.0
2020-12-01 16:39:07-03:00,5.6
2020-12-01 16:44:07-03:00,5.5
2020-12-01 16:49:08-03:00,5.6
2020-12-01 16:54:08-03:00,5.4
2020-12-01 16:59:08-03:00,5.4
2020-12-01 17:04:09-03:00,0.0
2020-12-01 17:09:09-03:00,0.0
2020-12-01 17:14:09-03:00,0.0
2020-12-01 17:19:10-03:00,0.0
2020-12-01 17:24:10-03:00,0.0
2020-12-01 17:29:10-03:00,0.0
2020-12-01 17:34:11-03:00,0.0
2020-12-01 17:39:11-03:00,0.0
2020-12-01 17:44:11-03:00,0.0
2020-12-01 17:49:11-03:00,6.0
2020-12-01 17:54:12-03:00,5.5
2020-12-01 17:59:12-03:00,5.5
2020-12-01 18:04:13-03:00,5.6
2020-12-01 18:09:13-03:00,5.4
2020-12-01 18:14:14-03:00,5.4
2020-12-01 18:19:14-03:00,5.4
2020-12-01 18:24:14-03:00,0.0
2020-12-01 18:29:14-03:00,0.0
2020-12-01 18:34:15-03:00,0.0
2020-12-01 18:39:15-03:00,0.0
2020-12-01 18:44:15-03:00,0.0
2020-12-01 18:49:16-03:00,0.0
2020-12-01 18:54:16-03:00,0.0
2020-12-01 18:59:16-03:00,5.5
2020-12-01 19:04:17-03:00,5.5
2020-12-01 19:09:17-03:00,5.4
2020-12-01 19:14:17-03:00,5.4
2020-12-01 19:19:18-03:00,5.3
2020-12-01 19:24:18-03:00,5.2
2020-12-01 19:29:18-03:00,5.2
2020-12-01 19:34:19-03:00,5.1
2020-12-01 19:39:19-03:00,0.0
2020-12-01 19:44:19-03:00,0.0
2020-12-01 19:49:19-03:00,0.0
2020-12-01 19:54:20-03:00,0.0
2020-12-01 19:59:20-03:00,0.0
2020-12-01 20:04:20-03:00,5.4
2020-12-01 20:09:21-03:00,5.3
2020-12-01 20:14:21-03:00,5.3
2020-12-01 20:19:21-03:00,5.2
2020-12-01 20:24:22-03:00,5.2
2020-12-01 20:29:22-03:00,5.2
2020-12-01 20:34:22-03:00,0.0
2020-12-01 20:39:23-03:00,0.0
2020-12-01 20:44:23-03:00,0.0
2020-12-01 20:49:23-03:00,0.0
2020-12-01 20:54:24-03:00,0.0
2020-12-01 20:59:24-03:00,0.0
2020-12-01 21:04:24-03:00,5.5
2020-12-01 21:09:24-03:00,5.3
2020-12-01 21:14:25-03:00,5.2
2020-12-01 21:19:25-03:00,5.2
2020-12-01 21:24:25-03:00,5.2
2020-12-01 21:29:26-03:00,5.1
2020-12-01 21:34:26-03:00,0.0
2020-12-01 21:39:26-03:00,0.0
2020-12-01 21:44:27-03:00,0.0
2020-12-01 21:49:27-03:00,0.0
2020-12-01 21:54:27-03:00,0.0
2020-12-01 21:59:28-03:00,0.0
2020-12-01 22:04:28-03:00,0.0
2020-12-01 22:09:28-03:00,0.0
2020-12-01 22:14:29-03:00,0.0
2020-12-01 22:19:29-03:00,5.5
2020-12-01 22:24:29-03:00,5.4
2020-12-01 22:29:29-03:00,5.5
2020-12-01 22:34:30-03:00,5.3
2020-12-01 22:39:30-03:00,5.2
2020-12-01 22:44:30-03:00,0.0
2020-12-01 22:49:31-03:00,0.0
2020-12-01 22:54:31-03:00,0.0
2020-12-01 22:59:31-03:00,0.0
2020-12-01 23:04:32-03:00,0.0
2020-12-01 23:09:32-03:00,0.0
2020-12-01 23:14:32-03:00,0.0
2020-12-01 23:19:33-03:00,0.0
2020-12-01 23:24:33-03:00,0.0
2020-12-01 23:29:33-03:00,0.0
2020-12-01 23:34:34-03:00,0.0
2020-12-01 23:39:34-03:00,0.0
2020-12-01 23:44:34-03:00,0.0
2020-12-01 23:49:34-03:00,0.0
2020-12-01 23:54:35-03:00,0.0
2020-12-01 23:59:35-03:00,0.0
2020-12-02 00:04:36-03:00,0.0
2020-12-02 00:09:36-03:00,5.4
2020-12-02 00:14:37-03:00,5.4
2020-12-02 00:19:37-03:00,5.4
2020-12-02 00:24:37-03:00,5.5
2020-12-02 00:29:37-03:00,0.0
2020-12-02 00:34:38-03:00,0.0
2020-12-02 00:39:38-03:00,0.0
2020-12-02 00:44:38-03:00,0.0
2020-12-02 00:49:39-03:00,0.0
2020-12-02 00:54:39-03:00,0.0
2020-12-02 00:59:39-03:00,0.0
2020-12-02 01:04:40-03:00,0.0
2020-12-02 01:09:40-03:00,0.0
2020-12-02 01:14:40-03:00,0.0
2020-12-02 01:19:41-03:00,0.0
2020-12-02 01:24:41-03:00,0.0
2020-12-02 01:29:41-03:00,0.0
2020-12-02 01:34:42-03:00,0.0
2020-12-02 01:39:42-03:00,0.0
2020-12-02 01:44:42-03:00,0.0
2020-12-02 01:49:42-03:00,0.0
2020-12-02 01:54:43-03:00,0.0
2020-12-02 01:59:43-03:00,0.0
2020-12-02 02:04:44-03:00,0.0
2020-12-02 02:09:44-03:00,0.0
2020-12-02 02:14:44-03:00,0.0
2020-12-02 02:19:45-03:00,0.0
2020-12-02 02:24:45-03:00,0.0
2020-12-02 02:29:45-03:00,0.0
2020-12-02 02:34:46-03:00,0.0
2020-12-02 02:39:46-03:00,0.0
2020-12-02 02:44:46-03:00,0.0
2020-12-02 02:49:47-03:00,0.0
2020-12-02 02:54:47-03:00,0.0
2020-12-02 02:59:47-03:00,0.0
2020-12-02 03:04:47-03:00,0.0
2020-12-02 03:09:48-03:00,0.0
2020-12-02 03:14:48-03:00,0.0
2020-12-02 03:19:48-03:00,0.0
2020-12-02 03:24:49-03:00,0.0
2020-12-02 03:29:49-03:00,0.0
2020-12-02 03:34:49-03:00,0.0
2020-12-02 03:39:50-03:00,0.0
2020-12-02 03:44:50-03:00,0.0
2020-12-02 03:49:50-03:00,0.0
2020-12-02 03:54:51-03:00,0.0
2020-12-02 03:59:51-03:00,0.0
2020-12-02 04:04:51-03:00,16.1
2020-12-02 04:09:52-03:00,5.5
2020-12-02 04:14:52-03:00,5.5
2020-12-02 04:19:52-03:00,5.4
2020-12-02 04:24:53-03:00,0.0
2020-12-02 04:29:53-03:00,0.0
2020-12-02 04:34:53-03:00,0.0
2020-12-02 04:39:54-03:00,0.0
2020-12-02 04:44:54-03:00,0.0
2020-12-02 04:49:54-03:00,0.0
2020-12-02 04:54:54-03:00,0.0
2020-12-02 04:59:55-03:00,0.0
2020-12-02 05:04:55-03:00,0.0
2020-12-02 05:09:55-03:00,0.0
2020-12-02 05:14:56-03:00,0.0
2020-12-02 05:19:56-03:00,0.0
2020-12-02 05:24:56-03:00,0.0
2020-12-02 05:29:57-03:00,0.0
2020-12-02 05:34:57-03:00,0.0
2020-12-02 05:39:57-03:00,0.0
2020-12-02 05:44:58-03:00,0.0
2020-12-02 05:49:58-03:00,0.0
2020-12-02 05:54:58-03:00,0.0
2020-12-02 05:59:59-03:00,0.0
2020-12-02 06:04:59-03:00,0.0
2020-12-02 06:09:59-03:00,0.0
2020-12-02 06:15:00-03:00,0.0
2020-12-02 06:20:00-03:00,0.0
2020-12-02 06:25:00-03:00,0.0
2020-12-02 06:30:00-03:00,0.0
2020-12-02 06:35:01-03:00,0.0
2020-12-02 06:40:01-03:00,0.0
2020-12-02 06:45:01-03:00,0.0
2020-12-02 06:50:02-03:00,0.0
2020-12-02 06:55:02-03:00,0.0
2020-12-02 07:00:02-03:00,0.0
2020-12-02 07:05:03-03:00,5.5
2020-12-02 07:10:03-03:00,5.5
2020-12-02 07:15:03-03:00,5.5
2020-12-02 07:20:04-03:00,5.4
2020-12-02 07:25:04-03:00,0.0
2020-12-02 07:30:04-03:00,0.0
2020-12-02 07:35:04-03:00,0.0
2020-12-02 07:40:05-03:00,0.0
2020-12-02 07:45:05-03:00,0.0
2020-12-02 07:50:05-03:00,0.0
2020-12-02 07:55:06-03:00,0.0
2020-12-02 08:00:06-03:00,0.0
2020-12-02 08:05:06-03:00,0.0
2020-12-02 08:10:07-03:00,0.0
2020-12-02 08:15:07-03:00,0.0
2020-12-02 08:20:07-03:00,0.0
2020-12-02 08:25:08-03:00,0.0
2020-12-02 08:30:08-03:00,6.0
2020-12-02 08:35:08-03:00,5.6
2020-12-02 08:40:09-03:00,5.6
2020-12-02 08:45:09-03:00,5.5
2020-12-02 08:50:09-03:00,0.0
2020-12-02 08:55:09-03:00,0.0
2020-12-02 09:00:10-03:00,0.0
2020-12-02 09:05:10-03:00,0.0
2020-12-02 09:10:10-03:00,0.0
2020-12-02 09:15:11-03:00,0.0
2020-12-02 09:20:11-03:00,0.0
2020-12-02 09:25:11-03:00,0.0
2020-12-02 09:30:12-03:00,0.0
2020-12-02 09:35:12-03:00,0.0
2020-12-02 09:40:12-03:00,0.0
2020-12-02 09:45:13-03:00,0.0
2020-12-02 09:50:13-03:00,5.6
2020-12-02 09:55:13-03:00,5.6
2020-12-02 10:00:14-03:00,5.5
2020-12-02 10:05:14-03:00,5.5
2020-12-02 10:10:14-03:00,0.0
2020-12-02 10:15:14-03:00,0.0
2020-12-02 10:20:15-03:00,0.0
2020-12-02 10:25:15-03:00,0.0
2020-12-02 10:30:15-03:00,0.0
2020-12-02 10:35:16-03:00,0.0
2020-12-02 10:40:16-03:00,0.0
2020-12-02 10:45:16-03:00,0.0
2020-12-02 10:50:17-03:00,5.7
2020-12-02 10:55:17-03:00,5.5
2020-12-02 11:00:17-03:00,5.4
2020-12-02 11:05:18-03:00,5.6
2020-12-02 11:10:18-03:00,5.4
2020-12-02 11:15:18-03:00,5.5
2020-12-02 11:20:18-03:00,5.5
2020-12-02 11:25:19-03:00,5.4
2020-12-02 11:30:19-03:00,0.0
2020-12-02 11:35:19-03:00,0.0
2020-12-02 11:40:20-03:00,0.0
2020-12-02 11:45:20-03:00,0.0
2020-12-02 11:50:20-03:00,0.0
2020-12-02 11:55:21-03:00,0.0
2020-12-02 12:00:21-03:00,0.0
2020-12-02 12:05:22-03:00,5.6
2020-12-02 12:10:22-03:00,5.7
2020-12-02 12:15:22-03:00,5.5
2020-12-02 12:20:23-03:00,5.5
2020-12-02 12:25:23-03:00,5.5
2020-12-02 12:30:23-03:00,5.4
2020-12-02 12:35:24-03:00,0.0
2020-12-02 12:40:24-03:00,0.0
2020-12-02 12:45:24-03:00,0.0
2020-12-02 12:50:25-03:00,0.0
2020-12-02 12:55:25-03:00,0.0
2020-12-02 13:00:25-03:00,0.0
2020-12-02 13:05:26-03:00,0.0
2020-12-02 13:10:26-03:00,0.0
2020-12-02 13:15:26-03:00,5.5
2020-12-02 13:20:26-03:00,5.7
2020-12-02 13:25:27-03:00,5.4
2020-12-02 13:30:27-03:00,5.4
2020-12-02 13:35:27-03:00,5.4
2020-12-02 13:40:28-03:00,0.0
2020-12-02 13:45:28-03:00,0.0
2020-12-02 13:50:28-03:00,0.0
2020-12-02 13:55:29-03:00,0.0
2020-12-02 14:00:29-03:00,0.0
2020-12-02 14:05:29-03:00,0.0
2020-12-02 14:10:30-03:00,0.0
2020-12-02 14:15:30-03:00,0.0
2020-12-02 14:20:30-03:00,0.0
2020-12-02 14:25:31-03:00,5.5
2020-12-02 14:30:31-03:00,5.6
2020-12-02 14:35:31-03:00,5.4
2020-12-02 14:40:31-03:00,5.4
2020-12-02 14:45:32-03:00,5.4
2020-12-02 14:50:32-03:00,0.0
2020-12-02 14:55:32-03:00,0.0
2020-12-02 14:59:09-03:00,0.0
2020-12-02 15:00:03-03:00,0.0
2020-12-02 15:05:03-03:00,0.0
2020-12-02 15:10:03-03:00,0.0
2020-12-02 15:15:04-03:00,0.0
2020-12-02 15:20:04-03:00,0.0
2020-12-02 15:21:23-03:00,0.0
2020-12-02 15:22:33-03:00,0.0
2020-12-02 15:23:36-03:00,0.0
2020-12-02 15:25:38-03:00,0.0
2020-12-02 15:30:39-03:00,0.0
2020-12-02 15:31:34-03:00,0.0
2020-12-02 15:32:53-03:00,0.0
2020-12-02 15:33:46-03:00,0.0
2020-12-02 15:35:00-03:00,3.9
2020-12-02 15:35:32-03:00,3.9
2020-12-02 15:36:51-03:00,5.7
2020-12-02 15:37:35-03:00,5.7
2020-12-02 15:38:40-03:00,5.7
2020-12-02 15:43:40-03:00,5.6
2020-12-02 15:45:50-03:00,5.6
2020-12-02 15:47:21-03:00,5.6
2020-12-02 15:47:38-03:00,5.6
2020-12-02 15:52:38-03:00,5.6
2020-12-02 15:54:24-03:00,5.6
2020-12-02 15:56:41-03:00,0.0
2020-12-02 16:01:41-03:00,3.9
2020-12-02 16:02:49-03:00,5.7
2020-12-02 16:03:07-03:00,5.7
2020-12-02 16:03:25-03:00,5.7
2020-12-02 16:04:05-03:00,5.7
2020-12-02 16:05:41-03:00,5.7
2020-12-02 16:10:41-03:00,5.7
2020-12-02 16:15:41-03:00,5.7
2020-12-02 16:20:42-03:00,5.7
2020-12-02 16:25:42-03:00,5.6
2020-12-02 16:29:41-03:00,5.6
2020-12-02 16:34:42-03:00,0.0
2020-12-02 16:39:42-03:00,0.0
2020-12-02 16:44:42-03:00,0.0
2020-12-02 16:49:43-03:00,0.0
2020-12-02 16:54:43-03:00,0.0
2020-12-02 16:59:43-03:00,0.0
2020-12-02 17:04:43-03:00,0.0
2020-12-02 17:09:44-03:00,0.0
2020-12-02 17:14:44-03:00,0.0
2020-12-02 17:19:44-03:00,0.0
2020-12-02 17:24:45-03:00,0.0
2020-12-02 17:29:45-03:00,0.0
2020-12-02 17:34:45-03:00,0.0
2020-12-02 17:39:46-03:00,0.0
2020-12-02 17:44:46-03:00,0.0
2020-12-02 18:29:28-03:00,5.6
2020-12-02 18:34:28-03:00,0.0
2020-12-02 18:39:29-03:00,0.0
2020-12-02 18:44:29-03:00,0.0
2020-12-02 18:49:29-03:00,0.0
2020-12-02 18:54:30-03:00,0.0
2020-12-02 18:59:30-03:00,0.0
2020-12-02 19:04:30-03:00,5.7
2020-12-02 19:09:31-03:00,5.8
2020-12-02 19:14:31-03:00,5.6
2020-12-02 19:19:31-03:00,5.6
2020-12-02 19:24:32-03:00,5.6
2020-12-02 19:29:32-03:00,0.0
2020-12-02 19:34:32-03:00,5.5
2020-12-02 19:39:33-03:00,0.0
2020-12-02 19:44:33-03:00,5.5
2020-12-02 19:49:33-03:00,0.0
2020-12-02 19:54:34-03:00,5.5
2020-12-02 19:59:34-03:00,5.7
2020-12-02 20:04:34-03:00,0.0
2020-12-02 20:09:34-03:00,5.5
2020-12-02 20:14:35-03:00,0.0
2020-12-02 20:19:35-03:00,5.6
2020-12-02 20:24:35-03:00,0.0
2020-12-02 20:29:36-03:00,5.5
2020-12-02 20:34:36-03:00,5.6
2020-12-02 20:39:36-03:00,0.0
2020-12-02 20:44:37-03:00,5.6
2020-12-02 20:49:37-03:00,0.0
2020-12-02 20:54:37-03:00,5.5
2020-12-02 20:59:37-03:00,0.0
2020-12-02 21:04:38-03:00,5.5
2020-12-02 21:09:38-03:00,9.6
2020-12-02 21:14:38-03:00,0.0
2020-12-02 21:19:39-03:00,5.6
2020-12-02 21:24:39-03:00,0.0
2020-12-02 21:29:39-03:00,5.6
2020-12-02 21:34:40-03:00,0.0
2020-12-02 21:39:40-03:00,5.5
2020-12-02 21:44:40-03:00,8.0
2020-12-02 21:49:41-03:00,0.0
2020-12-02 21:54:41-03:00,5.7
2020-12-02 21:59:41-03:00,0.0
2020-12-02 22:04:42-03:00,5.6
2020-12-02 22:09:42-03:00,0.0
2020-12-02 22:14:42-03:00,5.6
2020-12-02 22:19:42-03:00,0.0
2020-12-02 22:24:43-03:00,5.6
2020-12-02 22:29:43-03:00,5.8
2020-12-02 22:34:43-03:00,0.0
2020-12-02 22:39:44-03:00,5.5
2020-12-02 22:44:44-03:00,0.0
2020-12-02 22:49:44-03:00,5.6
2020-12-02 22:54:45-03:00,0.0
2020-12-02 22:59:45-03:00,5.5
2020-12-02 23:04:45-03:00,5.8
2020-12-02 23:09:46-03:00,0.0
2020-12-02 23:14:46-03:00,5.6
2020-12-02 23:19:46-03:00,0.0
2020-12-02 23:24:46-03:00,5.5
2020-12-02 23:29:47-03:00,0.0
2020-12-02 23:34:47-03:00,0.0
2020-12-02 23:39:47-03:00,5.7
2020-12-02 23:44:48-03:00,0.0
2020-12-02 23:49:48-03:00,5.6
2020-12-02 23:54:48-03:00,0.0
2020-12-02 23:59:49-03:00,5.6
2020-12-03 00:04:49-03:00,0.0
2020-12-03 00:09:49-03:00,0.0
2020-12-03 00:14:50-03:00,5.7
2020-12-03 00:19:50-03:00,0.0
2020-12-03 00:24:50-03:00,5.7
2020-12-03 00:29:51-03:00,0.0
2020-12-03 00:34:51-03:00,0.0
2020-12-03 00:39:51-03:00,0.0
2020-12-03 00:44:52-03:00,0.0
2020-12-03 00:49:52-03:00,0.0
2020-12-03 00:54:52-03:00,6.0
2020-12-03 00:59:52-03:00,5.7
2020-12-03 01:04:53-03:00,5.7
2020-12-03 01:09:53-03:00,5.6
2020-12-03 01:14:53-03:00,5.6
2020-12-03 01:19:54-03:00,0.0
2020-12-03 01:24:54-03:00,0.0
2020-12-03 01:29:54-03:00,0.0
2020-12-03 01:34:55-03:00,0.0
2020-12-03 01:39:55-03:00,0.0
2020-12-03 01:44:55-03:00,0.0
2020-12-03 01:49:56-03:00,0.0
2020-12-03 01:54:56-03:00,0.0
2020-12-03 01:59:56-03:00,0.0
2020-12-03 02:04:57-03:00,0.0
2020-12-03 02:09:57-03:00,0.0
2020-12-03 02:14:57-03:00,0.0
2020-12-03 02:19:58-03:00,0.0
2020-12-03 02:24:58-03:00,0.0
2020-12-03 02:29:58-03:00,0.0
2020-12-03 02:34:58-03:00,0.0
2020-12-03 02:39:59-03:00,0.0
2020-12-03 02:44:59-03:00,0.0
2020-12-03 02:49:59-03:00,0.0
2020-12-03 02:55:00-03:00,0.0
2020-12-03 03:00:00-03:00,0.0
2020-12-03 03:05:00-03:00,0.0
2020-12-03 03:10:01-03:00,0.0
2020-12-03 03:15:01-03:00,0.0
2020-12-03 03:20:01-03:00,0.0
2020-12-03 03:25:02-03:00,0.0
2020-12-03 03:30:02-03:00,0.0
2020-12-03 03:35:03-03:00,5.9
2020-12-03 03:40:03-03:00,5.7
2020-12-03 03:45:03-03:00,5.7
2020-12-03 03:50:04-03:00,5.7
2020-12-03 03:55:04-03:00,5.7
2020-12-03 04:00:04-03:00,5.7
2020-12-03 04:05:05-03:00,5.8
2020-12-03 04:10:05-03:00,5.6
2020-12-03 04:15:05-03:00,5.5
2020-12-03 04:20:06-03:00,5.5
2020-12-03 04:25:06-03:00,0.0
2020-12-03 04:30:06-03:00,0.0
2020-12-03 04:35:06-03:00,0.0
2020-12-03 04:40:07-03:00,0.0
2020-12-03 04:45:07-03:00,0.0
2020-12-03 04:50:07-03:00,0.0
2020-12-03 04:55:08-03:00,0.0
2020-12-03 05:00:08-03:00,0.0
2020-12-03 05:05:08-03:00,0.0
2020-12-03 05:10:09-03:00,0.0
2020-12-03 05:15:09-03:00,0.0
2020-12-03 05:20:09-03:00,0.0
2020-12-03 05:25:10-03:00,0.0
2020-12-03 05:30:10-03:00,0.0
2020-12-03 05:35:10-03:00,0.0
2020-12-03 05:40:10-03:00,0.0
2020-12-03 05:45:11-03:00,0.0
2020-12-03 05:50:11-03:00,0.0
2020-12-03 05:55:11-03:00,0.0
2020-12-03 06:00:12-03:00,0.0
2020-12-03 06:05:12-03:00,0.0
2020-12-03 06:10:12-03:00,0.0
2020-12-03 06:15:13-03:00,0.0
2020-12-03 06:20:13-03:00,0.0
2020-12-03 06:25:13-03:00,0.0
2020-12-03 06:30:14-03:00,0.0
2020-12-03 06:35:14-03:00,0.0
2020-12-03 06:40:14-03:00,0.0
2020-12-03 06:45:14-03:00,0.0
2020-12-03 06:50:15-03:00,0.0
2020-12-03 06:55:15-03:00,0.0
2020-12-03 07:00:15-03:00,0.0
2020-12-03 07:05:16-03:00,0.0
2020-12-03 07:10:16-03:00,0.0
2020-12-03 07:15:16-03:00,0.0
2020-12-03 07:20:17-03:00,0.0
2020-12-03 07:25:17-03:00,0.0
2020-12-03 07:30:17-03:00,0.0
2020-12-03 07:35:18-03:00,5.7
2020-12-03 07:40:18-03:00,5.6
2020-12-03 07:45:18-03:00,5.6
2020-12-03 07:50:19-03:00,5.6
2020-12-03 07:55:19-03:00,5.6
2020-12-03 08:00:19-03:00,5.6
2020-12-03 08:05:19-03:00,5.7
2020-12-03 08:10:20-03:00,5.6
2020-12-03 08:15:20-03:00,5.6
2020-12-03 08:20:20-03:00,5.5
2020-12-03 08:25:21-03:00,5.5
2020-12-03 08:30:21-03:00,5.5
2020-12-03 08:35:21-03:00,5.4
2020-12-03 08:40:22-03:00,0.0
2020-12-03 08:45:22-03:00,0.0
2020-12-03 08:50:22-03:00,0.0
2020-12-03 08:55:23-03:00,0.0
2020-12-03 09:00:23-03:00,0.0
2020-12-03 09:05:23-03:00,0.0
2020-12-03 09:10:23-03:00,0.0
2020-12-03 09:15:24-03:00,0.0
2020-12-03 09:20:24-03:00,0.0
2020-12-03 09:25:24-03:00,0.0
2020-12-03 09:30:25-03:00,0.0
2020-12-03 09:35:25-03:00,0.0
2020-12-03 09:40:26-03:00,0.0
2020-12-03 09:45:26-03:00,0.0
2020-12-03 09:50:26-03:00,0.0
2020-12-03 09:55:26-03:00,0.0
2020-12-03 10:00:27-03:00,18.5
2020-12-03 10:05:27-03:00,5.6
2020-12-03 10:10:27-03:00,5.6
2020-12-03 10:15:28-03:00,5.6
2020-12-03 10:20:28-03:00,5.7
2020-12-03 10:25:28-03:00,5.5
2020-12-03 10:30:29-03:00,5.5
2020-12-03 10:35:29-03:00,5.4
2020-12-03 10:40:29-03:00,5.4
2020-12-03 10:45:30-03:00,5.4
2020-12-03 10:50:30-03:00,0.0
2020-12-03 10:55:30-03:00,0.0
2020-12-03 11:00:30-03:00,0.0
2020-12-03 11:05:31-03:00,0.0
2020-12-03 11:10:31-03:00,0.0
2020-12-03 11:15:31-03:00,0.0
2020-12-03 11:20:32-03:00,0.0
2020-12-03 11:25:32-03:00,0.0
2020-12-03 11:30:32-03:00,200.0
2020-12-03 11:35:33-03:00,0.0
2020-12-03 11:40:33-03:00,0.0
2020-12-03 11:45:33-03:00,3.9
2020-12-03 11:50:34-03:00,5.8
2020-12-03 11:55:34-03:00,5.7
2020-12-03 12:00:34-03:00,5.7
2020-12-03 12:05:34-03:00,5.7
2020-12-03 12:10:35-03:00,5.6
2020-12-03 12:15:35-03:00,5.6
2020-12-03 12:20:35-03:00,0.0
2020-12-03 12:25:36-03:00,0.0
2020-12-03 12:30:36-03:00,0.0
2020-12-03 12:35:36-03:00,0.0
2020-12-03 12:40:37-03:00,6.0
2020-12-03 12:45:37-03:00,5.7
2020-12-03 12:50:37-03:00,5.8
2020-12-03 12:55:38-03:00,5.6
2020-12-03 13:00:38-03:00,5.6
2020-12-03 13:05:38-03:00,0.0
2020-12-03 13:10:38-03:00,0.0
2020-12-03 13:15:39-03:00,0.0
2020-12-03 13:20:39-03:00,0.0
2020-12-03 13:25:39-03:00,0.0
2020-12-03 13:30:40-03:00,0.0
2020-12-03 13:35:40-03:00,0.0
2020-12-03 13:40:40-03:00,0.0
2020-12-03 13:45:41-03:00,6.0
2020-12-03 13:50:41-03:00,5.7
2020-12-03 13:55:41-03:00,5.7
2020-12-03 14:00:42-03:00,5.6
2020-12-03 14:05:42-03:00,5.7
2020-12-03 14:10:42-03:00,5.6
2020-12-03 14:15:43-03:00,0.0
2020-12-03 14:20:43-03:00,0.0
2020-12-03 14:25:43-03:00,0.0
2020-12-03 14:30:44-03:00,0.0
2020-12-03 14:35:44-03:00,0.0
2020-12-03 14:40:44-03:00,0.0
2020-12-03 14:45:44-03:00,0.0
2020-12-03 14:50:45-03:00,0.0
2020-12-03 14:55:45-03:00,0.0
2020-12-03 15:00:45-03:00,0.0
2020-12-03 15:05:46-03:00,0.0
2020-12-03 15:10:46-03:00,0.0
2020-12-03 15:15:46-03:00,5.8
2020-12-03 15:20:47-03:00,5.7
2020-12-03 15:25:47-03:00,5.7
2020-12-03 15:30:47-03:00,5.7
2020-12-03 15:35:48-03:00,5.7
2020-12-03 15:40:48-03:00,5.5
2020-12-03 15:45:48-03:00,0.0
2020-12-03 15:50:49-03:00,0.0
2020-12-03 15:55:49-03:00,0.0
2020-12-03 16:00:49-03:00,0.0
2020-12-03 16:05:49-03:00,0.0
2020-12-03 16:10:50-03:00,0.0
2020-12-03 16:15:50-03:00,0.0
2020-12-03 16:20:50-03:00,0.0
2020-12-03 16:25:51-03:00,0.0
2020-12-03 16:30:51-03:00,0.0
2020-12-03 16:35:51-03:00,0.0
2020-12-03 16:40:52-03:00,5.7
2020-12-03 16:45:52-03:00,5.7
2020-12-03 16:50:52-03:00,5.6
2020-12-03 16:55:52-03:00,5.6
2020-12-03 17:00:53-03:00,5.6
2020-12-03 17:05:53-03:00,5.5
2020-12-03 17:10:53-03:00,0.0
2020-12-03 17:15:54-03:00,0.0
2020-12-03 17:20:54-03:00,0.0
2020-12-03 17:25:54-03:00,0.0
2020-12-03 17:30:55-03:00,0.0
2020-12-03 17:35:56-03:00,0.0
2020-12-03 17:40:56-03:00,0.0
2020-12-03 17:45:56-03:00,5.7
2020-12-03 17:50:57-03:00,5.6
2020-12-03 17:55:57-03:00,5.6
2020-12-03 18:00:57-03:00,5.6
2020-12-03 18:05:58-03:00,5.5
2020-12-03 18:10:58-03:00,0.0
2020-12-03 18:15:58-03:00,0.0
2020-12-03 18:20:58-03:00,0.0
2020-12-03 18:25:59-03:00,0.0
2020-12-03 18:30:59-03:00,5.8
2020-12-03 18:35:59-03:00,5.6
2020-12-03 18:41:00-03:00,5.5
2020-12-03 18:46:00-03:00,5.5
2020-12-03 18:51:00-03:00,0.0
2020-12-03 18:56:01-03:00,0.0
2020-12-03 19:01:01-03:00,5.7
2020-12-03 19:06:01-03:00,5.6
2020-12-03 19:11:02-03:00,5.5
2020-12-03 19:16:02-03:00,0.0
2020-12-03 19:21:02-03:00,0.0
2020-12-03 19:26:03-03:00,0.0
2020-12-03 19:31:03-03:00,0.0
2020-12-03 19:36:04-03:00,5.7
2020-12-03 19:41:04-03:00,0.0
2020-12-03 19:46:04-03:00,5.7
2020-12-03 19:51:05-03:00,0.0
2020-12-03 19:56:05-03:00,5.6
2020-12-03 20:01:05-03:00,0.0
2020-12-03 20:06:05-03:00,5.6
2020-12-03 20:11:06-03:00,0.0
2020-12-03 20:16:06-03:00,0.0
2020-12-03 20:21:06-03:00,52.6
2020-12-03 20:26:07-03:00,0.0
2020-12-03 20:31:07-03:00,5.7
2020-12-03 20:36:07-03:00,0.0
2020-12-03 20:41:08-03:00,5.6
2020-12-03 20:46:08-03:00,0.0
2020-12-03 20:51:08-03:00,5.6
2020-12-03 20:56:08-03:00,0.0
2020-12-03 21:01:09-03:00,0.0
2020-12-03 21:06:09-03:00,23.8
2020-12-03 21:11:09-03:00,0.0
2020-12-03 21:16:10-03:00,5.7
2020-12-03 21:21:10-03:00,0.0
2020-12-03 21:26:10-03:00,5.6
2020-12-03 21:31:11-03:00,0.0
2020-12-03 21:36:11-03:00,5.5
2020-12-03 21:41:11-03:00,0.0
2020-12-03 21:46:12-03:00,0.0
2020-12-03 21:51:12-03:00,0.0
2020-12-03 21:56:12-03:00,0.0
2020-12-03 22:01:13-03:00,5.7
2020-12-03 22:06:13-03:00,0.0
2020-12-03 22:11:13-03:00,5.6
2020-12-03 22:16:13-03:00,0.0
2020-12-03 22:21:14-03:00,5.6
2020-12-03 22:26:14-03:00,0.0
2020-12-03 22:31:14-03:00,0.0
2020-12-03 22:36:15-03:00,10.2
2020-12-03 22:41:15-03:00,0.0
2020-12-03 22:46:15-03:00,5.7
2020-12-03 22:51:16-03:00,0.0
2020-12-03 22:56:16-03:00,5.6
2020-12-03 23:01:16-03:00,0.0
2020-12-03 23:06:17-03:00,5.6
2020-12-03 23:11:17-03:00,0.0
2020-12-03 23:16:17-03:00,0.0
2020-12-03 23:21:17-03:00,0.0
2020-12-03 23:26:18-03:00,0.0
2020-12-03 23:31:18-03:00,5.7
2020-12-03 23:36:18-03:00,0.0
2020-12-03 23:41:19-03:00,5.6
2020-12-03 23:46:19-03:00,0.0
2020-12-03 23:51:19-03:00,5.5
2020-12-03 23:56:20-03:00,0.0
2020-12-04 00:01:20-03:00,0.0
2020-12-04 00:06:20-03:00,5.7
2020-12-04 00:11:21-03:00,0.0
2020-12-04 00:16:21-03:00,5.6
2020-12-04 00:21:21-03:00,0.0
2020-12-04 00:26:22-03:00,0.0
2020-12-04 00:31:22-03:00,6.9
2020-12-04 00:36:22-03:00,0.0
2020-12-04 00:41:22-03:00,5.7
2020-12-04 00:46:23-03:00,0.0
2020-12-04 00:51:23-03:00,5.6
2020-12-04 00:56:23-03:00,0.0
2020-12-04 01:01:24-03:00,0.0
2020-12-04 01:06:24-03:00,5.7
2020-12-04 01:11:24-03:00,0.0
2020-12-04 01:16:25-03:00,5.7
2020-12-04 01:21:25-03:00,0.0
2020-12-04 01:26:25-03:00,0.0
2020-12-04 01:31:26-03:00,5.8
2020-12-04 01:36:26-03:00,5.6
2020-12-04 01:41:26-03:00,0.0
2020-12-04 01:46:27-03:00,0.0
2020-12-04 01:51:27-03:00,0.0
2020-12-04 01:56:27-03:00,0.0
2020-12-04 02:01:28-03:00,0.0
2020-12-04 02:06:28-03:00,0.0
2020-12-04 02:11:28-03:00,0.0
2020-12-04 02:16:28-03:00,0.0
2020-12-04 02:21:29-03:00,0.0
2020-12-04 02:26:29-03:00,0.0
2020-12-04 02:31:29-03:00,5.7
2020-12-04 02:36:30-03:00,5.7
2020-12-04 02:41:30-03:00,5.7
2020-12-04 02:46:30-03:00,5.6
2020-12-04 02:51:31-03:00,5.7
2020-12-04 02:56:31-03:00,0.0
2020-12-04 03:01:31-03:00,0.0
2020-12-04 03:06:32-03:00,0.0
2020-12-04 03:11:32-03:00,0.0
2020-12-04 03:16:32-03:00,0.0
2020-12-04 03:21:32-03:00,0.0
2020-12-04 03:26:33-03:00,0.0
2020-12-04 03:31:33-03:00,0.0
2020-12-04 03:36:33-03:00,0.0
2020-12-04 03:41:34-03:00,0.0
2020-12-04 03:46:34-03:00,0.0
2020-12-04 03:51:34-03:00,0.0
2020-12-04 03:56:35-03:00,0.0
2020-12-04 04:01:35-03:00,0.0
2020-12-04 04:06:35-03:00,0.0
2020-12-04 04:11:36-03:00,0.0
2020-12-04 04:16:36-03:00,0.0
2020-12-04 04:21:36-03:00,0.0
2020-12-04 04:26:37-03:00,0.0
2020-12-04 04:31:37-03:00,0.0
2020-12-04 04:36:37-03:00,5.9
2020-12-04 04:41:38-03:00,5.7
2020-12-04 04:46:38-03:00,5.7
2020-12-04 04:51:38-03:00,5.7
2020-12-04 04:56:38-03:00,5.6
2020-12-04 05:01:39-03:00,5.6
2020-12-04 05:06:39-03:00,5.6
2020-12-04 05:11:39-03:00,5.6
2020-12-04 05:16:40-03:00,0.0
2020-12-04 05:21:40-03:00,0.0
2020-12-04 05:26:40-03:00,0.0
2020-12-04 05:31:41-03:00,0.0
2020-12-04 05:36:41-03:00,0.0
2020-12-04 05:41:41-03:00,0.0
2020-12-04 05:46:42-03:00,0.0
2020-12-04 05:51:42-03:00,0.0
2020-12-04 05:56:42-03:00,0.0
2020-12-04 06:01:43-03:00,0.0
2020-12-04 06:06:43-03:00,0.0
2020-12-04 06:11:43-03:00,0.0
2020-12-04 06:16:43-03:00,0.0
2020-12-04 06:21:44-03:00,0.0
2020-12-04 06:26:44-03:00,0.0
2020-12-04 06:31:44-03:00,0.0
2020-12-04 06:36:45-03:00,0.0
2020-12-04 06:41:45-03:00,0.0
2020-12-04 06:46:45-03:00,0.0
2020-12-04 06:51:46-03:00,0.0
2020-12-04 06:56:46-03:00,0.0
2020-12-04 07:01:46-03:00,0.0
2020-12-04 07:06:47-03:00,0.0
2020-12-04 07:11:47-03:00,6.0
2020-12-04 07:16:47-03:00,5.7
2020-12-04 07:21:47-03:00,5.7
2020-12-04 07:26:48-03:00,5.7
2020-12-04 07:31:48-03:00,5.7
2020-12-04 07:36:48-03:00,5.6
2020-12-04 07:41:49-03:00,5.6
2020-12-04 07:46:49-03:00,5.6
2020-12-04 07:51:49-03:00,5.6
2020-12-04 07:56:50-03:00,5.5
2020-12-04 08:01:50-03:00,0.0
2020-12-04 08:06:50-03:00,0.0
2020-12-04 08:11:51-03:00,0.0
2020-12-04 08:16:51-03:00,0.0
2020-12-04 08:21:51-03:00,0.0
2020-12-04 08:26:51-03:00,0.0
2020-12-04 08:31:52-03:00,0.0
2020-12-04 08:36:52-03:00,0.0
2020-12-04 08:41:52-03:00,0.0
2020-12-04 08:46:53-03:00,0.0
2020-12-04 08:51:53-03:00,0.0
2020-12-04 08:56:53-03:00,0.0
2020-12-04 09:01:54-03:00,0.0
2020-12-04 09:06:54-03:00,0.0
2020-12-04 09:11:54-03:00,250.0
2020-12-04 09:16:55-03:00,5.6
2020-12-04 09:21:55-03:00,5.6
2020-12-04 09:26:55-03:00,5.6
2020-12-04 09:31:56-03:00,5.6
2020-12-04 09:36:57-03:00,5.6
2020-12-04 09:41:57-03:00,5.5
2020-12-04 09:46:57-03:00,5.5
2020-12-04 09:51:57-03:00,5.4
2020-12-04 09:56:58-03:00,0.0
2020-12-04 10:01:58-03:00,0.0
2020-12-04 10:06:58-03:00,0.0
2020-12-04 10:11:59-03:00,0.0
2020-12-04 10:16:59-03:00,0.0
2020-12-04 10:21:59-03:00,0.0
2020-12-04 10:27:00-03:00,0.0
2020-12-04 10:32:00-03:00,0.0
2020-12-04 10:37:00-03:00,0.0
2020-12-04 10:42:01-03:00,5.6
2020-12-04 10:47:01-03:00,5.6
2020-12-04 10:52:01-03:00,5.6
2020-12-04 10:57:01-03:00,5.6
2020-12-04 11:02:02-03:00,5.5
2020-12-04 11:07:02-03:00,5.4
2020-12-04 11:12:02-03:00,0.0
2020-12-04 11:17:03-03:00,0.0
2020-12-04 11:22:03-03:00,0.0
2020-12-04 11:27:03-03:00,0.0
2020-12-04 11:32:04-03:00,0.0
2020-12-04 11:37:04-03:00,5.7
2020-12-04 11:42:04-03:00,5.7
2020-12-04 11:47:05-03:00,5.5
2020-12-04 11:52:05-03:00,5.5
2020-12-04 11:57:05-03:00,5.4
2020-12-04 12:02:06-03:00,0.0
2020-12-04 12:07:06-03:00,0.0
2020-12-04 12:12:06-03:00,0.0
2020-12-04 12:17:07-03:00,0.0
2020-12-04 12:22:07-03:00,5.7
2020-12-04 12:27:07-03:00,5.5
2020-12-04 12:32:08-03:00,5.5
2020-12-04 12:37:08-03:00,5.4
2020-12-04 12:42:08-03:00,5.4
2020-12-04 12:47:08-03:00,0.0
2020-12-04 12:52:09-03:00,0.0
2020-12-04 12:57:09-03:00,0.0
2020-12-04 13:02:09-03:00,5.8
2020-12-04 13:07:10-03:00,5.5
2020-12-04 13:12:10-03:00,5.5
2020-12-04 13:17:10-03:00,5.4
2020-12-04 13:22:11-03:00,5.4
2020-12-04 13:27:11-03:00,0.0
2020-12-04 13:32:11-03:00,0.0
2020-12-04 13:37:12-03:00,0.0
2020-12-04 13:42:12-03:00,0.0
2020-12-04 13:47:12-03:00,5.7
2020-12-04 13:52:12-03:00,5.5
2020-12-04 13:57:13-03:00,5.5
2020-12-04 14:02:13-03:00,5.4
2020-12-04 14:07:13-03:00,5.4
2020-12-04 14:12:14-03:00,0.0
2020-12-04 14:17:14-03:00,0.0
2020-12-04 14:22:14-03:00,0.0
2020-12-04 14:27:15-03:00,0.0
2020-12-04 14:32:15-03:00,0.0
2020-12-04 14:37:15-03:00,5.6
2020-12-04 14:42:16-03:00,5.5
2020-12-04 14:47:16-03:00,5.5
2020-12-04 14:52:16-03:00,5.5
2020-12-04 14:57:16-03:00,5.4
2020-12-04 15:02:17-03:00,0.0
2020-12-04 15:07:17-03:00,0.0
2020-12-04 15:12:17-03:00,0.0
2020-12-04 15:17:18-03:00,0.0
2020-12-04 15:22:18-03:00,0.0
2020-12-04 15:27:18-03:00,5.9
2020-12-04 15:32:19-03:00,5.7
2020-12-04 15:37:19-03:00,5.5
2020-12-04 15:42:19-03:00,5.4
2020-12-04 15:47:20-03:00,5.4
2020-12-04 15:52:20-03:00,0.0
2020-12-04 15:57:20-03:00,0.0
2020-12-04 16:02:21-03:00,0.0
2020-12-04 16:07:21-03:00,0.0
2020-12-04 16:12:21-03:00,0.0
2020-12-04 16:17:22-03:00,5.7
2020-12-04 16:22:22-03:00,5.7
2020-12-04 16:27:22-03:00,5.5
2020-12-04 16:32:22-03:00,5.5
2020-12-04 16:37:23-03:00,5.4
2020-12-04 16:42:23-03:00,0.0
2020-12-04 16:47:23-03:00,0.0
2020-12-04 16:52:24-03:00,0.0
2020-12-04 16:57:24-03:00,0.0
2020-12-04 17:02:24-03:00,0.0
2020-12-04 17:07:25-03:00,5.6
2020-12-04 17:12:25-03:00,5.5
2020-12-04 17:17:25-03:00,5.5
2020-12-04 17:22:26-03:00,5.4
2020-12-04 17:27:26-03:00,5.4
2020-12-04 17:32:26-03:00,0.0
2020-12-04 17:37:26-03:00,0.0
2020-12-04 17:42:27-03:00,0.0
2020-12-04 17:47:27-03:00,0.0
2020-12-04 17:52:27-03:00,0.0
2020-12-04 17:57:28-03:00,5.6
2020-12-04 18:02:28-03:00,5.7
2020-12-04 18:07:28-03:00,5.5
2020-12-04 18:12:29-03:00,5.4
2020-12-04 18:17:29-03:00,0.0
2020-12-04 18:22:29-03:00,0.0
2020-12-04 18:27:30-03:00,0.0
2020-12-04 18:32:30-03:00,0.0
2020-12-04 18:37:30-03:00,5.5
2020-12-04 18:42:30-03:00,0.0
2020-12-04 18:47:31-03:00,0.0
2020-12-04 18:52:31-03:00,3.9
2020-12-04 18:57:31-03:00,5.7
2020-12-04 19:02:32-03:00,5.6
2020-12-04 19:07:32-03:00,0.0
2020-12-04 19:12:32-03:00,5.6
2020-12-04 19:17:33-03:00,0.0
2020-12-04 19:22:33-03:00,0.0
2020-12-04 19:27:33-03:00,5.8
2020-12-04 19:32:34-03:00,0.0
2020-12-04 19:37:34-03:00,5.7
2020-12-04 19:42:34-03:00,0.0
2020-12-04 19:47:35-03:00,5.6
2020-12-04 19:52:35-03:00,0.0
2020-12-04 19:57:35-03:00,0.0
2020-12-04 20:02:35-03:00,5.7
2020-12-04 20:07:36-03:00,0.0
2020-12-04 20:12:36-03:00,5.7
2020-12-04 20:17:36-03:00,0.0
2020-12-04 20:22:37-03:00,5.6
2020-12-04 20:27:37-03:00,0.0
2020-12-04 20:32:37-03:00,0.0
2020-12-04 20:37:38-03:00,5.7
2020-12-04 20:42:38-03:00,0.0
2020-12-04 20:47:38-03:00,5.6
2020-12-04 20:52:39-03:00,0.0
2020-12-04 20:57:39-03:00,0.0
2020-12-04 21:02:39-03:00,21.2
2020-12-04 21:07:39-03:00,0.0
2020-12-04 21:12:40-03:00,5.7
2020-12-04 21:17:40-03:00,0.0
2020-12-04 21:22:40-03:00,5.6
2020-12-04 21:27:41-03:00,0.0
2020-12-04 21:32:41-03:00,5.6
2020-12-04 21:37:41-03:00,0.0
2020-12-04 21:42:42-03:00,0.0
2020-12-04 21:47:42-03:00,5.8
2020-12-04 21:52:42-03:00,0.0
2020-12-04 21:57:43-03:00,5.7
2020-12-04 22:02:43-03:00,0.0
2020-12-04 22:07:43-03:00,5.6
2020-12-04 22:12:43-03:00,0.0
2020-12-04 22:17:44-03:00,5.6
2020-12-04 22:22:44-03:00,0.0
2020-12-04 22:27:44-03:00,0.0
2020-12-04 22:32:45-03:00,5.7
2020-12-04 22:37:45-03:00,0.0
2020-12-04 22:42:45-03:00,5.6
2020-12-04 22:47:46-03:00,0.0
2020-12-04 22:52:46-03:00,5.6
2020-12-04 22:57:46-03:00,0.0
2020-12-04 23:02:47-03:00,0.0
2020-12-04 23:07:47-03:00,5.7
2020-12-04 23:12:47-03:00,0.0
2020-12-04 23:17:48-03:00,5.6
2020-12-04 23:22:48-03:00,0.0
2020-12-04 23:27:48-03:00,5.6
2020-12-04 23:32:49-03:00,0.0
2020-12-04 23:37:49-03:00,0.0
2020-12-04 23:42:49-03:00,5.7
2020-12-04 23:47:49-03:00,0.0
2020-12-04 23:52:50-03:00,5.6
2020-12-04 23:57:50-03:00,0.0
2020-12-05 00:02:50-03:00,0.0
2020-12-05 00:07:51-03:00,10.5
2020-12-05 00:12:51-03:00,0.0
2020-12-05 00:17:51-03:00,5.7
2020-12-05 00:22:52-03:00,0.0
2020-12-05 00:27:52-03:00,5.6
2020-12-05 00:32:52-03:00,0.0
2020-12-05 00:37:53-03:00,0.0
2020-12-05 00:42:53-03:00,5.8
2020-12-05 00:47:53-03:00,0.0
2020-12-05 00:52:53-03:00,5.7
2020-12-05 00:57:54-03:00,0.0
2020-12-05 01:02:54-03:00,5.6
2020-12-05 01:07:54-03:00,0.0
2020-12-05 01:12:55-03:00,0.0
2020-12-05 01:17:55-03:00,5.8
2020-12-05 01:22:55-03:00,5.6
2020-12-05 01:27:56-03:00,0.0
2020-12-05 01:32:56-03:00,0.0
2020-12-05 01:37:56-03:00,0.0
2020-12-05 01:42:57-03:00,0.0
2020-12-05 01:47:57-03:00,0.0
2020-12-05 01:52:57-03:00,0.0
2020-12-05 01:57:58-03:00,0.0
2020-12-05 02:02:58-03:00,0.0
2020-12-05 02:07:58-03:00,0.0
2020-12-05 02:12:59-03:00,0.0
2020-12-05 02:17:59-03:00,0.0
2020-12-05 02:22:59-03:00,0.0
2020-12-05 02:27:59-03:00,0.0
2020-12-05 02:33:00-03:00,0.0
2020-12-05 02:38:00-03:00,0.0
2020-12-05 02:43:00-03:00,0.0
2020-12-05 02:48:01-03:00,0.0
2020-12-05 02:53:01-03:00,0.0
2020-12-05 02:58:01-03:00,0.0
2020-12-05 03:03:02-03:00,0.0
2020-12-05 03:08:02-03:00,5.8
2020-12-05 03:13:02-03:00,5.7
2020-12-05 03:18:03-03:00,5.7
2020-12-05 03:23:03-03:00,5.7
2020-12-05 03:28:03-03:00,5.7
2020-12-05 03:33:04-03:00,5.7
2020-12-05 03:38:04-03:00,5.6
2020-12-05 03:43:04-03:00,0.0
2020-12-05 03:48:05-03:00,0.0
2020-12-05 03:53:05-03:00,0.0
2020-12-05 03:58:05-03:00,0.0
2020-12-05 04:03:06-03:00,0.0
2020-12-05 04:08:06-03:00,0.0
2020-12-05 04:13:06-03:00,0.0
2020-12-05 04:18:06-03:00,0.0
2020-12-05 04:23:07-03:00,0.0
2020-12-05 04:28:07-03:00,0.0
2020-12-05 04:33:07-03:00,0.0
2020-12-05 04:38:08-03:00,0.0
2020-12-05 04:43:08-03:00,0.0
2020-12-05 04:48:08-03:00,0.0
2020-12-05 04:53:09-03:00,0.0
2020-12-05 04:58:09-03:00,0.0
2020-12-05 05:03:09-03:00,0.0
2020-12-05 05:08:10-03:00,0.0
2020-12-05 05:13:10-03:00,0.0
2020-12-05 05:18:10-03:00,0.0
2020-12-05 05:23:10-03:00,0.0
2020-12-05 05:28:11-03:00,0.0
2020-12-05 05:33:11-03:00,0.0
2020-12-05 05:38:12-03:00,0.0
2020-12-05 05:43:12-03:00,0.0
2020-12-05 05:48:12-03:00,0.0
2020-12-05 05:53:13-03:00,0.0
2020-12-05 05:58:13-03:00,0.0
2020-12-05 06:03:13-03:00,0.0
2020-12-05 06:08:13-03:00,0.0
2020-12-05 06:13:14-03:00,0.0
2020-12-05 06:18:14-03:00,0.0
2020-12-05 06:23:14-03:00,0.0
2020-12-05 06:28:15-03:00,0.0
2020-12-05 06:33:15-03:00,0.0
2020-12-05 06:38:15-03:00,0.0
2020-12-05 06:43:16-03:00,0.0
2020-12-05 06:48:16-03:00,0.0
2020-12-05 06:53:16-03:00,0.0
2020-12-05 06:58:17-03:00,0.0
2020-12-05 07:03:17-03:00,0.0
2020-12-05 07:08:17-03:00,0.0
2020-12-05 07:13:17-03:00,0.0
2020-12-05 07:18:18-03:00,0.0
2020-12-05 07:23:18-03:00,0.0
2020-12-05 07:28:18-03:00,0.0
2020-12-05 07:33:19-03:00,0.0
2020-12-05 07:38:19-03:00,0.0
2020-12-05 07:43:19-03:00,0.0
2020-12-05 07:48:20-03:00,0.0
2020-12-05 07:53:20-03:00,22.2
2020-12-05 07:58:20-03:00,5.8
2020-12-05 08:03:21-03:00,5.8
2020-12-05 08:08:21-03:00,5.7
2020-12-05 08:13:21-03:00,5.7
2020-12-05 08:18:22-03:00,5.7
2020-12-05 08:23:22-03:00,5.8
2020-12-05 08:28:22-03:00,5.7
2020-12-05 08:33:22-03:00,5.7
2020-12-05 08:38:23-03:00,5.7
2020-12-05 08:43:23-03:00,5.6
2020-12-05 08:48:23-03:00,5.6
2020-12-05 08:53:24-03:00,5.6
2020-12-05 08:58:24-03:00,5.6
2020-12-05 09:03:24-03:00,0.0
2020-12-05 09:08:25-03:00,0.0
2020-12-05 09:13:25-03:00,0.0
2020-12-05 09:18:25-03:00,0.0
2020-12-05 09:23:26-03:00,0.0
2020-12-05 09:28:26-03:00,0.0
2020-12-05 09:33:26-03:00,0.0
2020-12-05 09:38:27-03:00,0.0
2020-12-05 09:43:27-03:00,0.0
2020-12-05 09:48:27-03:00,0.0
2020-12-05 09:53:28-03:00,0.0
2020-12-05 09:58:28-03:00,0.0
2020-12-05 10:03:28-03:00,0.0
2020-12-05 10:08:28-03:00,0.0
2020-12-05 10:13:29-03:00,0.0
2020-12-05 10:18:29-03:00,5.7
2020-12-05 10:23:29-03:00,5.7
2020-12-05 10:28:30-03:00,5.7
2020-12-05 10:33:30-03:00,5.7
2020-12-05 10:38:30-03:00,5.8
2020-12-05 10:43:31-03:00,5.6
2020-12-05 10:48:31-03:00,5.6
2020-12-05 10:53:31-03:00,5.5
2020-12-05 10:58:32-03:00,0.0
2020-12-05 11:03:32-03:00,0.0
2020-12-05 11:08:32-03:00,0.0
2020-12-05 11:13:32-03:00,0.0
2020-12-05 11:18:33-03:00,0.0
2020-12-05 11:23:33-03:00,0.0
2020-12-05 11:28:33-03:00,0.0
2020-12-05 11:33:34-03:00,0.0
2020-12-05 11:38:34-03:00,11.2
2020-12-05 11:43:34-03:00,5.7
2020-12-05 11:48:35-03:00,5.7
2020-12-05 11:53:35-03:00,5.7
2020-12-05 11:58:35-03:00,5.6
2020-12-05 12:03:36-03:00,5.5
2020-12-05 12:08:36-03:00,5.5
2020-12-05 12:13:36-03:00,0.0
2020-12-05 12:18:36-03:00,0.0
2020-12-05 12:23:37-03:00,0.0
2020-12-05 12:28:37-03:00,0.0
2020-12-05 12:33:37-03:00,0.0
2020-12-05 12:38:38-03:00,0.0
2020-12-05 12:43:38-03:00,0.0
2020-12-05 12:48:38-03:00,0.0
2020-12-05 12:53:39-03:00,5.7
2020-12-05 12:58:39-03:00,5.7
2020-12-05 13:03:39-03:00,5.7
2020-12-05 13:08:40-03:00,5.6
2020-12-05 13:13:40-03:00,5.5
2020-12-05 13:18:40-03:00,5.5
2020-12-05 13:23:40-03:00,0.0
2020-12-05 13:28:41-03:00,0.0
2020-12-05 13:33:41-03:00,0.0
2020-12-05 13:38:41-03:00,0.0
2020-12-05 13:43:42-03:00,0.0
2020-12-05 13:48:42-03:00,0.0
2020-12-05 13:53:42-03:00,0.0
2020-12-05 13:58:43-03:00,0.0
2020-12-05 14:03:43-03:00,5.7
2020-12-05 14:08:43-03:00,5.6
2020-12-05 14:13:44-03:00,5.7
2020-12-05 14:18:44-03:00,5.6
2020-12-05 14:23:44-03:00,5.5
2020-12-05 14:28:45-03:00,5.5
2020-12-05 14:33:45-03:00,0.0
2020-12-05 14:38:45-03:00,0.0
2020-12-05 14:43:45-03:00,0.0
2020-12-05 14:48:46-03:00,0.0
2020-12-05 14:53:46-03:00,0.0
2020-12-05 14:58:46-03:00,0.0
2020-12-05 15:03:47-03:00,0.0
2020-12-05 15:08:47-03:00,5.7
2020-12-05 15:13:47-03:00,5.7
2020-12-05 15:18:48-03:00,5.7
2020-12-05 15:23:48-03:00,5.6
2020-12-05 15:28:48-03:00,5.6
2020-12-05 15:33:49-03:00,5.5
2020-12-05 15:38:49-03:00,0.0
2020-12-05 15:43:49-03:00,0.0
2020-12-05 15:48:50-03:00,0.0
2020-12-05 15:53:50-03:00,0.0
2020-12-05 15:58:50-03:00,0.0
2020-12-05 16:03:50-03:00,0.0
2020-12-05 16:08:51-03:00,0.0
2020-12-05 16:13:51-03:00,0.0
2020-12-05 16:18:51-03:00,0.0
2020-12-05 16:23:52-03:00,6.1
2020-12-05 16:28:52-03:00,5.7
2020-12-05 16:33:52-03:00,5.7
2020-12-05 16:38:53-03:00,5.7
2020-12-05 16:43:53-03:00,5.7
2020-12-05 16:48:53-03:00,5.6
2020-12-05 16:53:54-03:00,5.5
2020-12-05 16:58:54-03:00,0.0
2020-12-05 17:03:54-03:00,0.0
2020-12-05 17:08:54-03:00,0.0
2020-12-05 17:13:55-03:00,0.0
2020-12-05 17:18:55-03:00,0.0
2020-12-05 17:23:55-03:00,0.0
2020-12-05 17:28:56-03:00,0.0
2020-12-05 17:33:56-03:00,0.0
2020-12-05 17:38:56-03:00,5.7
2020-12-05 17:43:57-03:00,5.7
2020-12-05 17:48:57-03:00,5.7
2020-12-05 17:53:57-03:00,5.6
2020-12-05 17:58:58-03:00,5.5
2020-12-05 18:03:58-03:00,5.5
2020-12-05 18:08:58-03:00,0.0
2020-12-05 18:13:59-03:00,0.0
2020-12-05 18:18:59-03:00,0.0
2020-12-05 18:23:59-03:00,0.0
2020-12-05 18:28:59-03:00,0.0
2020-12-05 18:34:00-03:00,5.9
2020-12-05 18:39:00-03:00,5.7
2020-12-05 18:44:00-03:00,5.7
2020-12-05 18:49:01-03:00,5.6
2020-12-05 18:54:01-03:00,5.5
2020-12-05 18:59:01-03:00,5.5
2020-12-05 19:04:02-03:00,0.0
2020-12-05 19:09:02-03:00,0.0
2020-12-05 19:14:02-03:00,0.0
2020-12-05 19:19:03-03:00,5.7
2020-12-05 19:24:03-03:00,5.6
2020-12-05 19:29:03-03:00,5.5
2020-12-05 19:34:04-03:00,5.4
2020-12-05 19:39:04-03:00,0.0
2020-12-05 19:44:04-03:00,0.0
2020-12-05 19:49:05-03:00,0.0
2020-12-05 19:54:05-03:00,5.7
2020-12-05 19:59:05-03:00,5.5
2020-12-05 20:04:06-03:00,5.4
2020-12-05 20:09:06-03:00,5.4
2020-12-05 20:14:06-03:00,0.0
2020-12-05 20:19:07-03:00,0.0
2020-12-05 20:24:07-03:00,5.5
2020-12-05 20:29:07-03:00,5.4
2020-12-05 20:34:07-03:00,0.0
2020-12-05 20:39:08-03:00,0.0
2020-12-05 20:44:08-03:00,5.6
2020-12-05 20:49:08-03:00,5.4
2020-12-05 20:54:09-03:00,0.0
2020-12-05 20:59:09-03:00,0.0
2020-12-05 21:04:09-03:00,3.9
2020-12-05 21:09:10-03:00,5.7
2020-12-05 21:14:10-03:00,5.6
2020-12-05 21:19:10-03:00,5.6
2020-12-05 21:24:11-03:00,0.0
2020-12-05 21:29:11-03:00,5.6
2020-12-05 21:34:11-03:00,5.7
2020-12-05 21:39:12-03:00,0.0
2020-12-05 21:44:12-03:00,5.6
2020-12-05 21:49:12-03:00,0.0
2020-12-05 21:54:13-03:00,5.6
2020-12-05 21:59:13-03:00,0.0
2020-12-05 22:04:13-03:00,5.6
2020-12-05 22:09:14-03:00,5.7
2020-12-05 22:14:14-03:00,0.0
2020-12-05 22:19:14-03:00,5.6
2020-12-05 22:24:14-03:00,0.0
2020-12-05 22:29:15-03:00,5.7
2020-12-05 22:34:15-03:00,0.0
2020-12-05 22:39:15-03:00,5.6
2020-12-05 22:44:16-03:00,5.7
2020-12-05 22:49:16-03:00,0.0
2020-12-05 22:54:16-03:00,5.6
2020-12-05 22:59:17-03:00,0.0
2020-12-05 23:04:17-03:00,5.6
2020-12-05 23:09:17-03:00,0.0
2020-12-05 23:14:18-03:00,5.6
2020-12-05 23:19:18-03:00,0.0
2020-12-05 23:24:18-03:00,0.0
2020-12-05 23:29:18-03:00,0.0
2020-12-05 23:34:19-03:00,11.4
2020-12-05 23:39:19-03:00,5.8
2020-12-05 23:44:19-03:00,5.6
2020-12-05 23:49:20-03:00,5.6
2020-12-05 23:54:20-03:00,0.0
2020-12-05 23:59:20-03:00,0.0
2020-12-06 00:04:21-03:00,0.0
2020-12-06 00:09:21-03:00,0.0
2020-12-06 00:14:21-03:00,0.0
2020-12-06 00:19:22-03:00,0.0
2020-12-06 00:24:22-03:00,0.0
2020-12-06 00:29:22-03:00,0.0
2020-12-06 00:34:23-03:00,0.0
2020-12-06 00:39:23-03:00,0.0
2020-12-06 00:44:23-03:00,5.8
2020-12-06 00:49:23-03:00,5.8
2020-12-06 00:54:24-03:00,5.7
2020-12-06 00:59:24-03:00,5.7
2020-12-06 01:04:24-03:00,5.8
2020-12-06 01:09:25-03:00,5.6
2020-12-06 01:14:25-03:00,5.6
2020-12-06 01:19:25-03:00,0.0
2020-12-06 01:24:26-03:00,0.0
2020-12-06 01:29:26-03:00,0.0
2020-12-06 01:34:27-03:00,0.0
2020-12-06 01:39:27-03:00,0.0
2020-12-06 01:44:27-03:00,0.0
2020-12-06 01:49:28-03:00,0.0
2020-12-06 01:54:28-03:00,0.0
2020-12-06 01:59:28-03:00,0.0
2020-12-06 02:04:29-03:00,0.0
2020-12-06 02:09:29-03:00,0.0
2020-12-06 02:14:29-03:00,0.0
2020-12-06 02:19:30-03:00,0.0
2020-12-06 02:24:30-03:00,0.0
2020-12-06 02:29:30-03:00,0.0
2020-12-06 02:34:30-03:00,0.0
2020-12-06 02:39:31-03:00,0.0
2020-12-06 02:44:31-03:00,0.0
2020-12-06 02:49:31-03:00,0.0
2020-12-06 02:54:32-03:00,0.0
2020-12-06 02:59:32-03:00,0.0
2020-12-06 03:04:32-03:00,0.0
2020-12-06 03:09:33-03:00,0.0
2020-12-06 03:14:33-03:00,0.0
2020-12-06 03:19:33-03:00,0.0
2020-12-06 03:24:34-03:00,0.0
2020-12-06 03:29:34-03:00,0.0
2020-12-06 03:34:34-03:00,0.0
2020-12-06 03:39:34-03:00,0.0
2020-12-06 03:44:35-03:00,0.0
2020-12-06 03:49:35-03:00,0.0
2020-12-06 03:54:35-03:00,0.0
2020-12-06 03:59:36-03:00,0.0
2020-12-06 04:04:36-03:00,0.0
2020-12-06 04:09:36-03:00,0.0
2020-12-06 04:14:37-03:00,0.0
2020-12-06 04:19:37-03:00,0.0
2020-12-06 04:24:37-03:00,0.0
2020-12-06 04:29:38-03:00,0.0
2020-12-06 04:34:38-03:00,0.0
2020-12-06 04:39:38-03:00,5.8
2020-12-06 04:44:38-03:00,5.8
2020-12-06 04:49:39-03:00,5.8
2020-12-06 04:54:39-03:00,5.8
2020-12-06 04:59:39-03:00,5.8
2020-12-06 05:04:40-03:00,5.8
2020-12-06 05:09:40-03:00,5.8
2020-12-06 05:14:40-03:00,5.7
2020-12-06 05:19:41-03:00,5.7
2020-12-06 05:24:41-03:00,0.0
2020-12-06 05:29:41-03:00,0.0
2020-12-06 05:34:42-03:00,0.0
2020-12-06 05:39:42-03:00,0.0
2020-12-06 05:44:42-03:00,0.0
2020-12-06 05:49:43-03:00,0.0
2020-12-06 05:54:43-03:00,0.0
2020-12-06 05:59:43-03:00,0.0
2020-12-06 06:04:44-03:00,0.0
2020-12-06 06:09:44-03:00,0.0
2020-12-06 06:14:44-03:00,0.0
2020-12-06 06:19:45-03:00,0.0
2020-12-06 06:24:45-03:00,0.0
2020-12-06 06:29:45-03:00,0.0
2020-12-06 06:34:45-03:00,0.0
2020-12-06 06:39:46-03:00,0.0
2020-12-06 06:44:46-03:00,0.0
2020-12-06 06:49:46-03:00,0.0
2020-12-06 06:54:47-03:00,0.0
2020-12-06 06:59:47-03:00,0.0
2020-12-06 07:04:47-03:00,0.0
2020-12-06 07:09:48-03:00,0.0
2020-12-06 07:14:48-03:00,0.0
2020-12-06 07:19:48-03:00,0.0
2020-12-06 07:24:49-03:00,0.0
2020-12-06 07:29:49-03:00,0.0
2020-12-06 07:34:49-03:00,0.0
2020-12-06 07:39:50-03:00,0.0
2020-12-06 07:44:50-03:00,0.0
2020-12-06 07:49:50-03:00,0.0
2020-12-06 07:54:50-03:00,0.0
2020-12-06 07:59:51-03:00,0.0
2020-12-06 08:04:51-03:00,0.0
2020-12-06 08:09:51-03:00,0.0
2020-12-06 08:14:52-03:00,5.8
2020-12-06 08:19:52-03:00,5.7
2020-12-06 08:24:52-03:00,5.7
2020-12-06 08:29:53-03:00,5.7
2020-12-06 08:34:53-03:00,5.7
2020-12-06 08:39:53-03:00,5.8
2020-12-06 08:44:53-03:00,5.7
2020-12-06 08:49:54-03:00,5.6
2020-12-06 08:54:54-03:00,5.6
2020-12-06 08:59:54-03:00,5.6
2020-12-06 09:04:55-03:00,5.6
2020-12-06 09:09:55-03:00,5.6
2020-12-06 09:14:55-03:00,0.0
2020-12-06 09:19:56-03:00,0.0
2020-12-06 09:24:56-03:00,0.0
2020-12-06 09:29:56-03:00,0.0
2020-12-06 09:34:57-03:00,0.0
2020-12-06 09:39:57-03:00,0.0
2020-12-06 09:44:57-03:00,0.0
2020-12-06 09:49:58-03:00,0.0
2020-12-06 09:54:58-03:00,0.0
2020-12-06 09:59:58-03:00,0.0
2020-12-06 10:04:58-03:00,0.0
2020-12-06 10:09:59-03:00,0.0
2020-12-06 10:14:59-03:00,0.0
2020-12-06 10:19:59-03:00,0.0
2020-12-06 10:25:00-03:00,0.0
2020-12-06 10:30:00-03:00,0.0
2020-12-06 10:35:00-03:00,0.0
2020-12-06 10:40:01-03:00,5.7
2020-12-06 10:45:01-03:00,5.7
2020-12-06 10:50:01-03:00,5.7
2020-12-06 10:55:02-03:00,5.8
2020-12-06 11:00:02-03:00,5.6
2020-12-06 11:05:02-03:00,5.6
2020-12-06 11:10:02-03:00,5.6
2020-12-06 11:15:03-03:00,5.6
2020-12-06 11:20:03-03:00,5.6
2020-12-06 11:25:03-03:00,5.6
2020-12-06 11:30:04-03:00,0.0
2020-12-06 11:35:04-03:00,0.0
2020-12-06 11:40:04-03:00,3.9
2020-12-06 11:45:05-03:00,5.8
2020-12-06 11:50:05-03:00,5.8
2020-12-06 11:55:05-03:00,5.8
2020-12-06 12:00:06-03:00,5.8
2020-12-06 12:05:06-03:00,5.8
2020-12-06 12:10:06-03:00,5.8
2020-12-06 12:15:06-03:00,5.8
2020-12-06 12:20:07-03:00,5.8
2020-12-06 12:25:07-03:00,5.8
2020-12-06 12:30:07-03:00,5.8
2020-12-06 12:35:08-03:00,5.8
2020-12-06 12:40:08-03:00,5.8
2020-12-06 12:45:08-03:00,5.8
2020-12-06 12:50:09-03:00,5.7
2020-12-06 12:55:09-03:00,5.7
2020-12-06 13:00:09-03:00,5.7
2020-12-06 13:05:10-03:00,5.7
2020-12-06 13:10:10-03:00,0.0
2020-12-06 13:15:10-03:00,0.0
2020-12-06 13:20:10-03:00,0.0
2020-12-06 13:25:11-03:00,0.0
2020-12-06 13:30:11-03:00,0.0
2020-12-06 13:35:12-03:00,0.0
2020-12-06 13:40:12-03:00,0.0
2020-12-06 13:45:12-03:00,0.0
2020-12-06 13:50:13-03:00,0.0
2020-12-06 13:55:13-03:00,0.0
2020-12-06 14:00:13-03:00,0.0
2020-12-06 14:05:14-03:00,0.0
2020-12-06 14:10:14-03:00,0.0
2020-12-06 14:15:14-03:00,5.8
2020-12-06 14:20:15-03:00,5.8
2020-12-06 14:25:15-03:00,5.8
2020-12-06 14:30:15-03:00,5.8
2020-12-06 14:35:15-03:00,5.8
2020-12-06 14:40:16-03:00,5.8
2020-12-06 14:45:16-03:00,5.7
2020-12-06 14:50:16-03:00,5.7
2020-12-06 14:55:17-03:00,5.7
2020-12-06 15:00:17-03:00,5.7
2020-12-06 15:05:17-03:00,5.7
2020-12-06 15:10:18-03:00,5.7
2020-12-06 15:15:18-03:00,5.7
2020-12-06 15:20:18-03:00,5.6
2020-12-06 15:25:19-03:00,5.6
2020-12-06 15:30:19-03:00,0.0
2020-12-06 15:35:19-03:00,0.0
2020-12-06 15:40:20-03:00,0.0
2020-12-06 15:45:20-03:00,0.0
2020-12-06 15:50:20-03:00,0.0
2020-12-06 15:55:21-03:00,0.0
2020-12-06 16:00:21-03:00,0.0
2020-12-06 16:05:21-03:00,0.0
2020-12-06 16:10:21-03:00,0.0
2020-12-06 16:15:22-03:00,0.0
2020-12-06 16:20:22-03:00,0.0
2020-12-06 16:25:22-03:00,0.0
2020-12-06 16:30:23-03:00,0.0
2020-12-06 16:35:23-03:00,0.0
2020-12-06 16:40:23-03:00,0.0
2020-12-06 16:45:24-03:00,0.0
2020-12-06 16:50:24-03:00,0.0
2020-12-06 16:55:24-03:00,5.8
2020-12-06 17:00:25-03:00,5.7
2020-12-06 17:05:25-03:00,5.7
2020-12-06 17:10:25-03:00,5.8
2020-12-06 17:15:25-03:00,5.6
2020-12-06 17:20:26-03:00,5.6
2020-12-06 17:25:26-03:00,5.5
2020-12-06 17:30:26-03:00,0.0
2020-12-06 17:35:27-03:00,0.0
2020-12-06 17:40:27-03:00,0.0
2020-12-06 17:45:27-03:00,0.0
2020-12-06 17:50:28-03:00,0.0
2020-12-06 17:55:28-03:00,0.0
2020-12-06 18:00:28-03:00,0.0
2020-12-06 18:05:29-03:00,0.0
2020-12-06 18:10:29-03:00,5.7
2020-12-06 18:15:29-03:00,5.7
2020-12-06 18:20:30-03:00,5.8
2020-12-06 18:25:30-03:00,5.6
2020-12-06 18:30:30-03:00,5.5
2020-12-06 18:35:30-03:00,5.4
2020-12-06 18:40:31-03:00,0.0
2020-12-06 18:45:31-03:00,0.0
2020-12-06 18:50:31-03:00,0.0
2020-12-06 18:55:32-03:00,0.0
2020-12-06 19:00:32-03:00,0.0
2020-12-06 19:05:32-03:00,0.0
2020-12-06 19:10:33-03:00,13.5
2020-12-06 19:15:33-03:00,5.7
2020-12-06 19:20:33-03:00,5.6
2020-12-06 19:25:34-03:00,5.7
2020-12-06 19:30:34-03:00,5.5
2020-12-06 19:35:34-03:00,5.5
2020-12-06 19:40:35-03:00,0.0
2020-12-06 19:45:35-03:00,0.0
2020-12-06 19:50:35-03:00,0.0
2020-12-06 19:55:36-03:00,0.0
2020-12-06 20:00:36-03:00,0.0
2020-12-06 20:05:36-03:00,0.0
2020-12-06 20:10:37-03:00,0.0
2020-12-06 20:15:37-03:00,5.7
2020-12-06 20:20:37-03:00,5.7
2020-12-06 20:25:37-03:00,5.7
2020-12-06 20:30:38-03:00,5.5
2020-12-06 20:35:38-03:00,5.5
2020-12-06 20:40:38-03:00,0.0
2020-12-06 20:45:39-03:00,0.0
2020-12-06 20:50:39-03:00,0.0
2020-12-06 20:55:39-03:00,5.8
2020-12-06 21:00:40-03:00,5.6
2020-12-06 21:05:40-03:00,5.6
2020-12-06 21:10:40-03:00,5.5
2020-12-06 21:15:47-03:00,0.0
2020-12-06 21:20:41-03:00,0.0
2020-12-06 21:25:41-03:00,5.7
2020-12-06 21:30:41-03:00,5.5
2020-12-06 21:35:42-03:00,0.0
2020-12-06 21:40:42-03:00,0.0
2020-12-06 21:45:42-03:00,0.0
2020-12-06 21:50:43-03:00,5.8
2020-12-06 21:55:43-03:00,5.6
2020-12-06 22:00:43-03:00,5.5
2020-12-06 22:05:43-03:00,0.0
2020-12-06 22:10:43-03:00,0.0
2020-12-06 22:15:44-03:00,0.0
2020-12-06 22:20:44-03:00,0.0
2020-12-06 22:25:44-03:00,5.7
2020-12-06 22:30:45-03:00,5.6
2020-12-06 22:35:45-03:00,5.5
2020-12-06 22:40:46-03:00,0.0
2020-12-06 22:45:46-03:00,0.0
2020-12-06 22:50:46-03:00,0.0
2020-12-06 22:55:46-03:00,0.0
2020-12-06 23:00:47-03:00,5.7
2020-12-06 23:05:47-03:00,5.7
2020-12-06 23:10:48-03:00,5.6
2020-12-06 23:15:48-03:00,0.0
2020-12-06 23:20:48-03:00,0.0
2020-12-06 23:25:49-03:00,0.0
2020-12-06 23:30:49-03:00,0.0
2020-12-06 23:35:49-03:00,0.0
2020-12-06 23:40:49-03:00,0.0
2020-12-06 23:45:50-03:00,5.8
2020-12-06 23:50:50-03:00,5.7
2020-12-06 23:55:50-03:00,5.8
2020-12-07 00:00:51-03:00,5.6
2020-12-07 00:05:51-03:00,0.0
2020-12-07 00:10:51-03:00,0.0
2020-12-07 00:15:52-03:00,0.0
2020-12-07 00:20:52-03:00,0.0
2020-12-07 00:25:52-03:00,0.0
2020-12-07 00:30:53-03:00,0.0
2020-12-07 00:35:53-03:00,0.0
2020-12-07 00:40:54-03:00,0.0
2020-12-07 00:45:54-03:00,0.0
2020-12-07 00:50:54-03:00,0.0
2020-12-07 00:55:54-03:00,0.0
2020-12-07 01:00:55-03:00,0.0
2020-12-07 01:05:55-03:00,0.0
2020-12-07 01:10:55-03:00,0.0
2020-12-07 01:15:56-03:00,0.0
2020-12-07 01:20:56-03:00,0.0
2020-12-07 01:25:56-03:00,0.0
2020-12-07 01:30:57-03:00,0.0
2020-12-07 01:35:57-03:00,0.0
2020-12-07 01:40:57-03:00,0.0
2020-12-07 01:45:58-03:00,0.0
2020-12-07 01:50:58-03:00,0.0
2020-12-07 01:55:58-03:00,0.0
2020-12-07 02:00:58-03:00,5.9
2020-12-07 02:05:59-03:00,5.7
2020-12-07 02:10:59-03:00,5.7
2020-12-07 02:15:59-03:00,5.7
2020-12-07 02:21:00-03:00,5.7
2020-12-07 02:26:00-03:00,5.7
2020-12-07 02:31:01-03:00,5.6
2020-12-07 02:36:01-03:00,5.5
2020-12-07 02:41:01-03:00,0.0
2020-12-07 02:46:01-03:00,0.0
2020-12-07 02:51:02-03:00,0.0
2020-12-07 02:56:02-03:00,0.0
2020-12-07 03:01:02-03:00,0.0
2020-12-07 03:06:03-03:00,0.0
2020-12-07 03:11:03-03:00,0.0
2020-12-07 03:16:03-03:00,0.0
2020-12-07 03:21:04-03:00,0.0
2020-12-07 03:26:04-03:00,0.0
2020-12-07 03:31:04-03:00,0.0
2020-12-07 03:36:05-03:00,0.0
2020-12-07 03:41:05-03:00,0.0
2020-12-07 03:46:05-03:00,0.0
2020-12-07 03:51:05-03:00,0.0
2020-12-07 03:56:06-03:00,0.0
2020-12-07 04:01:06-03:00,0.0
2020-12-07 04:06:06-03:00,0.0
2020-12-07 04:11:07-03:00,0.0
2020-12-07 04:16:07-03:00,0.0
2020-12-07 04:21:07-03:00,0.0
2020-12-07 04:26:08-03:00,0.0
2020-12-07 04:31:08-03:00,0.0
2020-12-07 04:36:08-03:00,0.0
2020-12-07 04:41:09-03:00,0.0
2020-12-07 04:46:09-03:00,0.0
2020-12-07 04:51:09-03:00,0.0
2020-12-07 04:56:10-03:00,0.0
2020-12-07 05:01:10-03:00,0.0
2020-12-07 05:06:10-03:00,0.0
2020-12-07 05:11:10-03:00,0.0
2020-12-07 05:16:11-03:00,0.0
2020-12-07 05:21:11-03:00,0.0
2020-12-07 05:26:11-03:00,0.0
2020-12-07 05:31:12-03:00,0.0
2020-12-07 05:36:12-03:00,0.0
2020-12-07 05:41:12-03:00,0.0
2020-12-07 05:46:13-03:00,0.0
2020-12-07 05:51:13-03:00,0.0
2020-12-07 05:56:13-03:00,0.0
2020-12-07 06:01:14-03:00,0.0
2020-12-07 06:06:14-03:00,0.0
2020-12-07 06:11:14-03:00,0.0
2020-12-07 06:16:15-03:00,0.0
2020-12-07 06:21:15-03:00,0.0
2020-12-07 06:26:15-03:00,0.0
2020-12-07 06:31:16-03:00,0.0
2020-12-07 06:36:16-03:00,0.0
2020-12-07 06:41:16-03:00,0.0
2020-12-07 06:46:16-03:00,0.0
2020-12-07 06:51:17-03:00,0.0
2020-12-07 06:56:17-03:00,0.0
2020-12-07 07:01:17-03:00,0.0
2020-12-07 07:06:18-03:00,0.0
2020-12-07 07:11:18-03:00,0.0
2020-12-07 07:16:18-03:00,0.0
2020-12-07 07:21:19-03:00,0.0
2020-12-07 07:26:19-03:00,5.7
2020-12-07 07:31:19-03:00,5.7
2020-12-07 07:36:20-03:00,5.7
2020-12-07 07:41:20-03:00,5.7
2020-12-07 07:46:20-03:00,5.7
2020-12-07 07:51:20-03:00,5.8
2020-12-07 07:56:21-03:00,5.6
2020-12-07 08:01:21-03:00,5.6
2020-12-07 08:06:21-03:00,5.6
2020-12-07 08:11:22-03:00,5.6
2020-12-07 08:16:22-03:00,5.6
2020-12-07 08:21:22-03:00,0.0
2020-12-07 08:26:23-03:00,0.0
2020-12-07 08:31:23-03:00,0.0
2020-12-07 08:36:23-03:00,0.0
2020-12-07 08:41:24-03:00,0.0
2020-12-07 08:46:24-03:00,0.0
2020-12-07 08:51:24-03:00,0.0
2020-12-07 08:56:25-03:00,0.0
2020-12-07 09:01:25-03:00,0.0
2020-12-07 09:06:25-03:00,0.0
2020-12-07 09:11:26-03:00,0.0
2020-12-07 09:16:26-03:00,0.0
2020-12-07 09:21:26-03:00,0.0
2020-12-07 09:26:26-03:00,0.0
2020-12-07 09:31:27-03:00,0.0
2020-12-07 09:36:27-03:00,0.0
2020-12-07 09:41:26-03:00,0.0
2020-12-07 09:46:27-03:00,0.0
2020-12-07 09:51:27-03:00,0.0
2020-12-07 09:56:28-03:00,0.0
2020-12-07 10:01:28-03:00,0.0
2020-12-07 10:06:28-03:00,5.9
2020-12-07 10:11:29-03:00,5.7
2020-12-07 10:16:29-03:00,5.7
2020-12-07 10:21:29-03:00,5.7
2020-12-07 10:26:29-03:00,5.8
2020-12-07 10:31:30-03:00,5.6
2020-12-07 10:36:30-03:00,5.6
2020-12-07 10:41:25-03:00,5.6
2020-12-07 10:46:31-03:00,5.5
2020-12-07 10:51:31-03:00,5.5
2020-12-07 10:56:31-03:00,5.4
2020-12-07 11:01:32-03:00,0.0
2020-12-07 11:06:32-03:00,0.0
2020-12-07 11:11:32-03:00,0.0
2020-12-07 11:16:32-03:00,0.0
2020-12-07 11:21:33-03:00,0.0
2020-12-07 11:26:33-03:00,0.0
2020-12-07 11:31:33-03:00,0.0
2020-12-07 11:36:34-03:00,0.0
2020-12-07 11:41:34-03:00,0.0
2020-12-07 11:46:34-03:00,0.0
2020-12-07 11:51:35-03:00,25.6
2020-12-07 11:56:35-03:00,5.7
2020-12-07 12:01:36-03:00,5.6
2020-12-07 12:06:36-03:00,5.6
2020-12-07 12:11:36-03:00,5.6
2020-12-07 12:16:37-03:00,5.5
2020-12-07 12:21:37-03:00,5.5
2020-12-07 12:26:37-03:00,5.4
2020-12-07 12:31:37-03:00,0.0
2020-12-07 12:36:37-03:00,0.0
2020-12-07 12:41:38-03:00,0.0
2020-12-07 12:46:38-03:00,0.0
2020-12-07 12:51:38-03:00,0.0
2020-12-07 12:56:39-03:00,0.0
2020-12-07 13:01:39-03:00,0.0
2020-12-07 13:06:39-03:00,0.0
2020-12-07 13:11:40-03:00,0.0
2020-12-07 13:16:40-03:00,0.0
2020-12-07 13:21:40-03:00,0.0
2020-12-07 13:26:40-03:00,0.0
2020-12-07 13:31:41-03:00,0.0
2020-12-07 13:36:41-03:00,0.0
2020-12-07 13:41:41-03:00,0.0
2020-12-07 13:46:42-03:00,10.9
2020-12-07 13:51:42-03:00,4.0
2020-12-07 13:56:42-03:00,5.8
2020-12-07 14:01:43-03:00,5.8
2020-12-07 14:06:43-03:00,5.7
2020-12-07 14:11:43-03:00,5.7
2020-12-07 14:16:44-03:00,5.7
2020-12-07 14:21:44-03:00,5.6
2020-12-07 14:26:44-03:00,5.6
2020-12-07 14:31:45-03:00,0.0
2020-12-07 14:36:45-03:00,0.0
2020-12-07 14:41:45-03:00,0.0
2020-12-07 14:46:45-03:00,0.0
2020-12-07 14:51:46-03:00,0.0
2020-12-07 14:56:46-03:00,0.0
2020-12-07 15:01:46-03:00,0.0
2020-12-07 15:06:47-03:00,0.0
2020-12-07 15:11:47-03:00,5.8
2020-12-07 15:16:47-03:00,5.8
2020-12-07 15:21:48-03:00,5.7
2020-12-07 15:26:48-03:00,5.7
2020-12-07 15:31:48-03:00,5.6
2020-12-07 15:36:49-03:00,5.6
2020-12-07 15:41:49-03:00,0.0
2020-12-07 15:46:49-03:00,0.0
2020-12-07 15:51:49-03:00,0.0
2020-12-07 15:56:50-03:00,0.0
2020-12-07 16:01:50-03:00,0.0
2020-12-07 16:06:50-03:00,0.0
2020-12-07 16:11:51-03:00,0.0
2020-12-07 16:16:51-03:00,0.0
2020-12-07 16:21:51-03:00,0.0
2020-12-07 16:26:52-03:00,0.0
2020-12-07 16:31:52-03:00,0.0
2020-12-07 16:36:52-03:00,0.0
2020-12-07 16:41:53-03:00,5.7
2020-12-07 16:46:53-03:00,5.7
2020-12-07 16:51:53-03:00,5.7
2020-12-07 16:56:53-03:00,5.7
2020-12-07 17:01:54-03:00,5.6
2020-12-07 17:06:54-03:00,5.6
2020-12-07 17:11:54-03:00,5.5
2020-12-07 17:16:55-03:00,0.0
2020-12-07 17:21:55-03:00,0.0
2020-12-07 17:26:55-03:00,0.0
2020-12-07 17:31:56-03:00,0.0
2020-12-07 17:36:56-03:00,0.0
2020-12-07 17:41:56-03:00,0.0
2020-12-07 17:46:57-03:00,0.0
2020-12-07 17:51:57-03:00,0.0
2020-12-07 17:56:57-03:00,0.0
2020-12-07 18:01:57-03:00,5.8
2020-12-07 18:06:58-03:00,5.7
2020-12-07 18:11:58-03:00,5.7
2020-12-07 18:16:58-03:00,5.7
2020-12-07 18:21:59-03:00,5.6
2020-12-07 18:26:59-03:00,5.6
2020-12-07 18:31:59-03:00,0.0
2020-12-07 18:37:00-03:00,0.0
2020-12-07 18:42:00-03:00,0.0
2020-12-07 18:47:01-03:00,0.0
2020-12-07 18:52:01-03:00,0.0
2020-12-07 18:57:01-03:00,0.0
2020-12-07 19:02:02-03:00,41.6
2020-12-07 19:07:02-03:00,5.7
2020-12-07 19:12:02-03:00,5.7
2020-12-07 19:17:03-03:00,5.6
2020-12-07 19:22:03-03:00,5.6
2020-12-07 19:27:03-03:00,5.6
2020-12-07 19:32:04-03:00,0.0
2020-12-07 19:37:04-03:00,0.0
2020-12-07 19:42:05-03:00,0.0
2020-12-07 19:47:05-03:00,0.0
2020-12-07 19:52:05-03:00,0.0
2020-12-07 19:57:06-03:00,30.3
2020-12-07 20:02:06-03:00,5.7
2020-12-07 20:07:06-03:00,5.7
2020-12-07 20:12:07-03:00,5.6
2020-12-07 20:17:07-03:00,5.6
2020-12-07 20:22:07-03:00,0.0
2020-12-07 20:27:07-03:00,0.0
2020-12-07 20:32:08-03:00,5.6
2020-12-07 20:37:08-03:00,0.0
2020-12-07 20:42:08-03:00,0.0
2020-12-07 20:47:09-03:00,5.6
2020-12-07 20:52:09-03:00,0.0
2020-12-07 20:57:09-03:00,5.6
2020-12-07 21:02:10-03:00,0.0
2020-12-07 21:07:10-03:00,5.6
2020-12-07 21:12:10-03:00,0.0
2020-12-07 21:17:11-03:00,5.5
2020-12-07 21:22:11-03:00,5.6
2020-12-07 21:27:11-03:00,0.0
2020-12-07 21:32:11-03:00,5.6
2020-12-07 21:37:12-03:00,0.0
2020-12-07 21:42:12-03:00,5.6
2020-12-07 21:47:12-03:00,0.0
2020-12-07 21:52:13-03:00,0.0
2020-12-07 21:57:13-03:00,5.6
2020-12-07 22:02:13-03:00,0.0
2020-12-07 22:07:14-03:00,5.6
2020-12-07 22:12:14-03:00,0.0
2020-12-07 22:17:14-03:00,5.6
2020-12-07 22:22:15-03:00,0.0
2020-12-07 22:27:15-03:00,0.0
2020-12-07 22:32:15-03:00,5.6
2020-12-07 22:37:16-03:00,0.0
2020-12-07 22:42:16-03:00,5.6
2020-12-07 22:47:16-03:00,0.0
2020-12-07 22:52:16-03:00,5.6
2020-12-07 22:57:17-03:00,0.0
2020-12-07 23:02:17-03:00,5.6
2020-12-07 23:07:17-03:00,0.0
2020-12-07 23:12:18-03:00,0.0
2020-12-07 23:17:18-03:00,0.0
2020-12-07 23:22:18-03:00,5.7
2020-12-07 23:27:19-03:00,5.6
2020-12-07 23:32:19-03:00,0.0
2020-12-07 23:37:19-03:00,0.0
2020-12-07 23:42:20-03:00,0.0
2020-12-07 23:47:20-03:00,0.0
2020-12-07 23:52:20-03:00,0.0
2020-12-07 23:57:20-03:00,5.8
2020-12-08 00:02:21-03:00,5.7
2020-12-08 00:07:21-03:00,5.6
2020-12-08 00:12:21-03:00,0.0
2020-12-08 00:17:22-03:00,0.0
2020-12-08 00:22:22-03:00,0.0
2020-12-08 00:27:22-03:00,0.0
2020-12-08 00:32:23-03:00,0.0
2020-12-08 00:37:23-03:00,0.0
2020-12-08 00:42:23-03:00,0.0
2020-12-08 00:47:24-03:00,0.0
2020-12-08 00:52:24-03:00,0.0
2020-12-08 00:57:24-03:00,0.0
2020-12-08 01:02:24-03:00,0.0
2020-12-08 01:07:25-03:00,0.0
2020-12-08 01:12:25-03:00,0.0
2020-12-08 01:17:25-03:00,0.0
2020-12-08 01:22:26-03:00,0.0
2020-12-08 01:27:26-03:00,0.0
2020-12-08 01:32:26-03:00,0.0
2020-12-08 01:37:27-03:00,0.0
2020-12-08 01:42:27-03:00,0.0
2020-12-08 01:47:27-03:00,0.0
2020-12-08 01:52:28-03:00,5.8
2020-12-08 01:57:28-03:00,5.7
2020-12-08 02:02:28-03:00,5.7
2020-12-08 02:07:29-03:00,5.7
2020-12-08 02:12:29-03:00,5.6
2020-12-08 02:17:29-03:00,5.6
2020-12-08 02:22:29-03:00,5.6
2020-12-08 02:27:30-03:00,0.0
2020-12-08 02:32:30-03:00,0.0
2020-12-08 02:37:30-03:00,0.0
2020-12-08 02:42:31-03:00,0.0
2020-12-08 02:47:31-03:00,0.0
2020-12-08 02:52:31-03:00,0.0
2020-12-08 02:57:32-03:00,0.0
2020-12-08 03:02:32-03:00,0.0
2020-12-08 03:07:32-03:00,0.0
2020-12-08 03:12:33-03:00,0.0
2020-12-08 03:17:33-03:00,0.0
2020-12-08 03:22:33-03:00,0.0
2020-12-08 03:27:34-03:00,0.0
2020-12-08 03:32:34-03:00,0.0
2020-12-08 03:37:35-03:00,0.0
2020-12-08 03:42:35-03:00,0.0
2020-12-08 03:47:35-03:00,0.0
2020-12-08 03:52:36-03:00,0.0
2020-12-08 03:57:36-03:00,0.0
2020-12-08 04:02:36-03:00,0.0
2020-12-08 04:07:36-03:00,0.0
2020-12-08 04:12:37-03:00,0.0
2020-12-08 04:17:37-03:00,0.0
2020-12-08 04:22:37-03:00,0.0
2020-12-08 04:27:38-03:00,0.0
2020-12-08 04:32:38-03:00,0.0
2020-12-08 04:37:38-03:00,0.0
2020-12-08 04:42:39-03:00,0.0
2020-12-08 04:47:39-03:00,0.0
2020-12-08 04:52:39-03:00,0.0
2020-12-08 04:57:40-03:00,0.0
2020-12-08 05:02:40-03:00,0.0
2020-12-08 05:07:40-03:00,0.0
2020-12-08 05:12:41-03:00,0.0
2020-12-08 05:17:41-03:00,0.0
2020-12-08 05:22:41-03:00,0.0
2020-12-08 05:27:41-03:00,0.0
2020-12-08 05:32:42-03:00,0.0
2020-12-08 05:37:42-03:00,0.0
2020-12-08 05:42:43-03:00,0.0
2020-12-08 05:47:43-03:00,0.0
2020-12-08 05:52:43-03:00,0.0
2020-12-08 05:57:44-03:00,0.0
2020-12-08 06:02:44-03:00,0.0
2020-12-08 06:07:44-03:00,0.0
2020-12-08 06:12:44-03:00,0.0
2020-12-08 06:17:45-03:00,0.0
2020-12-08 06:22:45-03:00,0.0
2020-12-08 06:27:45-03:00,0.0
2020-12-08 06:32:46-03:00,0.0
2020-12-08 06:37:46-03:00,0.0
2020-12-08 06:42:46-03:00,0.0
2020-12-08 06:47:47-03:00,0.0
2020-12-08 06:52:47-03:00,0.0
2020-12-08 06:57:47-03:00,0.0
2020-12-08 07:02:48-03:00,0.0
2020-12-08 07:07:48-03:00,0.0
2020-12-08 07:12:48-03:00,0.0
2020-12-08 07:17:48-03:00,5.8
2020-12-08 07:22:49-03:00,5.7
2020-12-08 07:27:49-03:00,5.7
2020-12-08 07:32:49-03:00,5.7
2020-12-08 07:37:50-03:00,5.7
2020-12-08 07:42:50-03:00,5.7
2020-12-08 07:47:50-03:00,5.6
2020-12-08 07:52:51-03:00,5.6
2020-12-08 07:57:51-03:00,5.6
2020-12-08 08:02:51-03:00,0.0
2020-12-08 08:07:52-03:00,0.0
2020-12-08 08:12:52-03:00,0.0
2020-12-08 08:17:52-03:00,0.0
2020-12-08 08:22:52-03:00,0.0
2020-12-08 08:27:53-03:00,0.0
2020-12-08 08:32:53-03:00,0.0
2020-12-08 08:37:53-03:00,0.0
2020-12-08 08:42:54-03:00,0.0
2020-12-08 08:47:54-03:00,0.0
2020-12-08 08:52:54-03:00,0.0
2020-12-08 08:57:55-03:00,0.0
2020-12-08 09:02:55-03:00,0.0
2020-12-08 09:07:55-03:00,0.0
2020-12-08 09:12:56-03:00,0.0
2020-12-08 09:17:56-03:00,0.0
2020-12-08 09:22:56-03:00,0.0
2020-12-08 09:27:56-03:00,0.0
2020-12-08 09:32:57-03:00,0.0
2020-12-08 09:37:57-03:00,5.7
2020-12-08 09:42:58-03:00,5.7
2020-12-08 09:47:58-03:00,5.7
2020-12-08 09:52:58-03:00,5.7
2020-12-08 09:57:58-03:00,5.6
2020-12-08 10:02:59-03:00,5.6
2020-12-08 10:07:59-03:00,5.6
2020-12-08 10:12:59-03:00,5.6
2020-12-08 10:17:58-03:00,5.6
2020-12-08 10:22:58-03:00,5.5
2020-12-08 10:28:00-03:00,5.5
2020-12-08 10:33:00-03:00,0.0
2020-12-08 10:38:01-03:00,0.0
2020-12-08 10:43:01-03:00,3.9
2020-12-08 10:48:01-03:00,5.7
2020-12-08 10:53:02-03:00,5.7
2020-12-08 10:58:02-03:00,0.0
2020-12-08 11:03:02-03:00,23.8
2020-12-08 11:08:03-03:00,5.7
2020-12-08 11:13:03-03:00,0.0
2020-12-08 11:18:02-03:00,5.6
2020-12-08 11:23:03-03:00,5.9
2020-12-08 11:28:03-03:00,0.0
2020-12-08 11:33:03-03:00,5.7
2020-12-08 11:38:03-03:00,0.0
2020-12-08 11:43:03-03:00,5.7
2020-12-08 11:48:05-03:00,0.0
2020-12-08 11:53:05-03:00,5.6
2020-12-08 11:58:05-03:00,5.8
2020-12-08 12:03:05-03:00,0.0
2020-12-08 12:08:05-03:00,5.7
2020-12-08 12:13:06-03:00,0.0
2020-12-08 12:18:06-03:00,5.6
2020-12-08 12:23:07-03:00,0.0
2020-12-08 12:28:07-03:00,0.0
2020-12-08 12:33:07-03:00,5.8
2020-12-08 12:38:09-03:00,0.0
2020-12-08 12:43:09-03:00,5.6
2020-12-08 12:48:08-03:00,0.0
2020-12-08 12:53:09-03:00,5.6
2020-12-08 12:58:09-03:00,0.0
2020-12-08 13:03:09-03:00,0.0
2020-12-08 13:08:10-03:00,5.7
2020-12-08 13:13:10-03:00,0.0
2020-12-08 13:18:10-03:00,5.7
2020-12-08 13:23:11-03:00,0.0
2020-12-08 13:28:11-03:00,5.6
2020-12-08 13:33:11-03:00,5.8
2020-12-08 13:38:12-03:00,0.0
2020-12-08 13:43:12-03:00,5.7
2020-12-08 13:48:12-03:00,0.0
2020-12-08 13:53:12-03:00,5.6
2020-12-08 13:58:13-03:00,0.0
2020-12-08 14:03:13-03:00,0.0
2020-12-08 14:08:13-03:00,5.7
2020-12-08 14:13:14-03:00,0.0
2020-12-08 14:18:14-03:00,5.7
2020-12-08 14:23:15-03:00,0.0
2020-12-08 14:28:15-03:00,5.7
2020-12-08 14:33:15-03:00,5.8
2020-12-08 14:38:16-03:00,0.0
2020-12-08 14:43:16-03:00,5.7
2020-12-08 14:48:16-03:00,0.0
2020-12-08 14:53:17-03:00,5.7
2020-12-08 14:58:17-03:00,5.8
2020-12-08 15:03:17-03:00,0.0
2020-12-08 15:08:18-03:00,5.7
2020-12-08 15:13:18-03:00,0.0
2020-12-08 15:18:18-03:00,5.6
2020-12-08 15:23:19-03:00,5.8
2020-12-08 15:28:19-03:00,0.0
2020-12-08 15:33:20-03:00,5.7
2020-12-08 15:38:20-03:00,0.0
2020-12-08 15:43:20-03:00,5.6
2020-12-08 15:48:20-03:00,0.0
2020-12-08 15:53:21-03:00,0.0
2020-12-08 15:58:21-03:00,5.7
2020-12-08 16:03:21-03:00,0.0
2020-12-08 16:08:22-03:00,5.7
2020-12-08 16:13:22-03:00,0.0
2020-12-08 16:18:22-03:00,0.0
2020-12-08 16:23:23-03:00,5.7
2020-12-08 16:28:23-03:00,0.0
2020-12-08 16:33:23-03:00,5.7
2020-12-08 16:38:24-03:00,0.0
2020-12-08 16:43:24-03:00,5.7
2020-12-08 16:48:24-03:00,5.8
2020-12-08 16:53:24-03:00,0.0
2020-12-08 16:58:25-03:00,5.7
2020-12-08 17:03:25-03:00,0.0
2020-12-08 17:08:25-03:00,5.6
2020-12-08 17:13:26-03:00,0.0
2020-12-08 17:18:26-03:00,5.7
2020-12-08 17:23:26-03:00,5.9
2020-12-08 17:28:27-03:00,0.0
2020-12-08 17:33:27-03:00,5.7
2020-12-08 17:38:27-03:00,0.0
2020-12-08 17:43:28-03:00,5.6
2020-12-08 17:48:28-03:00,31.2
2020-12-08 17:53:28-03:00,0.0
2020-12-08 17:58:28-03:00,5.7
2020-12-08 18:03:29-03:00,0.0
2020-12-08 18:08:29-03:00,5.6
2020-12-08 18:13:29-03:00,0.0
2020-12-08 18:18:30-03:00,5.6
2020-12-08 18:23:30-03:00,16.1
2020-12-08 18:28:30-03:00,0.0
2020-12-08 18:33:31-03:00,5.8
2020-12-08 18:38:31-03:00,0.0
2020-12-08 18:43:31-03:00,5.6
2020-12-08 18:48:32-03:00,0.0
2020-12-08 18:53:32-03:00,0.0
2020-12-08 18:58:32-03:00,5.7
2020-12-08 19:03:33-03:00,0.0
2020-12-08 19:08:33-03:00,5.6
2020-12-08 19:13:33-03:00,0.0
2020-12-08 19:18:34-03:00,0.0
2020-12-08 19:23:34-03:00,5.7
2020-12-08 19:28:34-03:00,0.0
2020-12-08 19:33:34-03:00,5.6
2020-12-08 19:38:35-03:00,0.0
2020-12-08 19:43:35-03:00,5.6
2020-12-08 19:48:35-03:00,0.0
2020-12-08 19:53:36-03:00,5.6
2020-12-08 19:58:36-03:00,9.6
2020-12-08 20:03:36-03:00,0.0
2020-12-08 20:08:37-03:00,5.8
2020-12-08 20:13:37-03:00,0.0
2020-12-08 20:18:37-03:00,5.6
2020-12-08 20:23:38-03:00,0.0
2020-12-08 20:28:38-03:00,5.6
2020-12-08 20:33:38-03:00,20.4
2020-12-08 20:38:38-03:00,0.0
2020-12-08 20:43:39-03:00,5.7
2020-12-08 20:48:39-03:00,0.0
2020-12-08 20:53:39-03:00,5.6
2020-12-08 20:58:40-03:00,0.0
2020-12-08 21:03:40-03:00,5.6
2020-12-08 21:08:40-03:00,5.7
2020-12-08 21:13:41-03:00,0.0
2020-12-08 21:18:41-03:00,5.6
2020-12-08 21:23:41-03:00,0.0
2020-12-08 21:28:42-03:00,5.6
2020-12-08 21:33:42-03:00,20.0
2020-12-08 21:38:42-03:00,0.0
2020-12-08 21:43:42-03:00,5.7
2020-12-08 21:48:43-03:00,0.0
2020-12-08 21:53:43-03:00,5.6
2020-12-08 21:58:43-03:00,0.0
2020-12-08 22:03:44-03:00,0.0
2020-12-08 22:08:44-03:00,6.2
2020-12-08 22:13:44-03:00,0.0
2020-12-08 22:18:45-03:00,5.7
2020-12-08 22:23:45-03:00,0.0
2020-12-08 22:28:45-03:00,5.6
2020-12-08 22:33:46-03:00,0.0
2020-12-08 22:38:46-03:00,0.0
2020-12-08 22:43:46-03:00,7.8
2020-12-08 22:48:47-03:00,0.0
2020-12-08 22:53:47-03:00,5.7
2020-12-08 22:58:47-03:00,0.0
2020-12-08 23:03:47-03:00,5.6
2020-12-08 23:08:48-03:00,0.0
2020-12-08 23:13:48-03:00,0.0
2020-12-08 23:18:48-03:00,5.8
2020-12-08 23:23:49-03:00,0.0
2020-12-08 23:28:49-03:00,5.6
2020-12-08 23:33:49-03:00,0.0
2020-12-08 23:38:50-03:00,5.6
2020-12-08 23:43:50-03:00,0.0
2020-12-08 23:48:50-03:00,0.0
2020-12-08 23:53:51-03:00,6.9
2020-12-08 23:58:51-03:00,0.0
2020-12-09 00:03:51-03:00,5.7
2020-12-09 00:08:52-03:00,0.0
2020-12-09 00:13:52-03:00,5.6
2020-12-09 00:18:52-03:00,0.0
2020-12-09 00:23:52-03:00,0.0
2020-12-09 00:28:53-03:00,5.8
2020-12-09 00:33:53-03:00,0.0
2020-12-09 00:38:54-03:00,5.7
2020-12-09 00:43:54-03:00,0.0
2020-12-09 00:48:54-03:00,5.6
2020-12-09 00:53:55-03:00,0.0
2020-12-09 00:58:55-03:00,0.0
2020-12-09 01:03:55-03:00,8.6
2020-12-09 01:08:56-03:00,0.0
2020-12-09 01:13:56-03:00,5.8
2020-12-09 01:18:56-03:00,0.0
2020-12-09 01:23:56-03:00,5.6
2020-12-09 01:28:57-03:00,0.0
2020-12-09 01:33:57-03:00,0.0
2020-12-09 01:38:57-03:00,5.8
2020-12-09 01:43:58-03:00,0.0
2020-12-09 01:48:58-03:00,5.6
2020-12-09 01:53:58-03:00,0.0
2020-12-09 01:58:59-03:00,5.6
2020-12-09 02:03:59-03:00,0.0
2020-12-09 02:08:59-03:00,0.0
2020-12-09 02:14:00-03:00,5.8
2020-12-09 02:19:00-03:00,0.0
2020-12-09 02:24:00-03:00,5.7
2020-12-09 02:29:01-03:00,0.0
2020-12-09 02:34:01-03:00,5.6
2020-12-09 02:39:01-03:00,0.0
2020-12-09 02:44:02-03:00,0.0
2020-12-09 02:49:02-03:00,5.8
2020-12-09 02:54:02-03:00,0.0
2020-12-09 02:59:03-03:00,5.8
2020-12-09 03:04:03-03:00,0.0
2020-12-09 03:09:03-03:00,5.6
2020-12-09 03:14:04-03:00,0.0
2020-12-09 03:19:04-03:00,5.6
2020-12-09 03:24:04-03:00,0.0
2020-12-09 03:29:05-03:00,0.0
2020-12-09 03:34:05-03:00,5.7
2020-12-09 03:39:05-03:00,0.0
2020-12-09 03:44:05-03:00,0.0
2020-12-09 03:49:06-03:00,0.0
2020-12-09 03:54:06-03:00,0.0
2020-12-09 03:59:06-03:00,0.0
2020-12-09 04:04:07-03:00,0.0
2020-12-09 04:09:07-03:00,0.0
2020-12-09 04:14:07-03:00,0.0
2020-12-09 04:19:08-03:00,0.0
2020-12-09 04:24:08-03:00,0.0
2020-12-09 04:29:08-03:00,0.0
2020-12-09 04:34:09-03:00,0.0
2020-12-09 04:39:09-03:00,0.0
2020-12-09 04:44:09-03:00,0.0
2020-12-09 04:49:10-03:00,6.1
2020-12-09 04:54:10-03:00,5.8
2020-12-09 04:59:10-03:00,5.7
2020-12-09 05:04:11-03:00,5.7
2020-12-09 05:09:11-03:00,5.7
2020-12-09 05:14:11-03:00,5.6
2020-12-09 05:19:12-03:00,0.0
2020-12-09 05:24:12-03:00,0.0
2020-12-09 05:29:12-03:00,0.0
2020-12-09 05:34:13-03:00,0.0
2020-12-09 05:39:13-03:00,0.0
2020-12-09 05:44:13-03:00,0.0
2020-12-09 05:49:13-03:00,0.0
2020-12-09 05:54:14-03:00,0.0
2020-12-09 05:59:14-03:00,0.0
2020-12-09 06:04:14-03:00,0.0
2020-12-09 06:09:15-03:00,0.0
2020-12-09 06:14:15-03:00,0.0
2020-12-09 06:19:15-03:00,0.0
2020-12-09 06:24:16-03:00,0.0
2020-12-09 06:29:16-03:00,0.0
2020-12-09 06:34:17-03:00,0.0
2020-12-09 06:39:17-03:00,0.0
2020-12-09 06:44:17-03:00,0.0
2020-12-09 06:49:18-03:00,0.0
2020-12-09 06:54:18-03:00,0.0
2020-12-09 06:59:18-03:00,0.0
2020-12-09 07:04:18-03:00,0.0
2020-12-09 07:09:19-03:00,0.0
2020-12-09 07:14:19-03:00,0.0
2020-12-09 07:19:19-03:00,0.0
2020-12-09 07:24:20-03:00,0.0
2020-12-09 07:29:20-03:00,0.0
2020-12-09 07:34:20-03:00,0.0
2020-12-09 07:39:21-03:00,0.0
2020-12-09 07:44:21-03:00,6.1
2020-12-09 07:49:21-03:00,5.8
2020-12-09 07:54:22-03:00,5.7
2020-12-09 07:59:22-03:00,5.8
2020-12-09 08:04:22-03:00,5.7
2020-12-09 08:09:22-03:00,5.7
2020-12-09 08:14:23-03:00,5.8
2020-12-09 08:19:23-03:00,5.6
2020-12-09 08:24:23-03:00,5.6
2020-12-09 08:29:24-03:00,5.6
2020-12-09 08:34:25-03:00,0.0
2020-12-09 08:39:25-03:00,0.0
2020-12-09 08:44:25-03:00,0.0
2020-12-09 08:49:26-03:00,0.0
2020-12-09 08:54:26-03:00,0.0
2020-12-09 08:59:26-03:00,0.0
2020-12-09 09:04:26-03:00,0.0
2020-12-09 09:09:27-03:00,0.0
2020-12-09 09:14:27-03:00,0.0
2020-12-09 09:19:27-03:00,0.0
2020-12-09 09:24:28-03:00,0.0
2020-12-09 09:29:28-03:00,0.0
2020-12-09 09:34:28-03:00,0.0
2020-12-09 09:39:29-03:00,0.0
2020-12-09 09:44:29-03:00,0.0
2020-12-09 09:49:29-03:00,0.0
2020-12-09 09:54:30-03:00,0.0
2020-12-09 09:59:30-03:00,6.0
2020-12-09 10:04:30-03:00,5.7
2020-12-09 10:09:31-03:00,5.7
2020-12-09 10:14:31-03:00,5.7
2020-12-09 10:19:31-03:00,5.7
2020-12-09 10:24:31-03:00,5.7
2020-12-09 10:29:32-03:00,5.8
2020-12-09 10:34:32-03:00,5.6
2020-12-09 10:39:33-03:00,5.6
2020-12-09 10:44:33-03:00,5.4
2020-12-09 10:49:33-03:00,5.4
2020-12-09 10:54:34-03:00,0.0
2020-12-09 10:59:34-03:00,0.0
2020-12-09 11:04:34-03:00,0.0
2020-12-09 11:09:34-03:00,0.0
2020-12-09 11:14:35-03:00,0.0
2020-12-09 11:19:35-03:00,0.0
2020-12-09 11:24:35-03:00,0.0
2020-12-09 11:29:36-03:00,0.0
2020-12-09 11:34:36-03:00,0.0
2020-12-09 11:39:36-03:00,0.0
2020-12-09 11:44:37-03:00,0.0
2020-12-09 11:49:37-03:00,0.0
2020-12-09 11:54:37-03:00,5.9
2020-12-09 11:59:38-03:00,5.7
2020-12-09 12:04:38-03:00,5.6
2020-12-09 12:09:38-03:00,5.6
2020-12-09 12:14:39-03:00,5.5
2020-12-09 12:19:39-03:00,0.0
2020-12-09 12:24:39-03:00,0.0
2020-12-09 12:29:39-03:00,3.9
2020-12-09 12:34:40-03:00,5.8
2020-12-09 12:39:40-03:00,5.8
2020-12-09 12:44:41-03:00,5.7
2020-12-09 12:49:41-03:00,5.7
2020-12-09 12:54:41-03:00,5.7
2020-12-09 12:59:41-03:00,5.6
2020-12-09 13:04:42-03:00,0.0
2020-12-09 13:09:42-03:00,0.0
2020-12-09 13:14:42-03:00,0.0
2020-12-09 13:19:43-03:00,0.0
2020-12-09 13:24:43-03:00,0.0
2020-12-09 13:29:43-03:00,0.0
2020-12-09 13:34:44-03:00,0.0
2020-12-09 13:39:44-03:00,0.0
2020-12-09 13:44:44-03:00,0.0
2020-12-09 13:49:45-03:00,5.8
2020-12-09 13:54:45-03:00,5.8
2020-12-09 13:59:45-03:00,5.8
2020-12-09 14:04:45-03:00,5.8
2020-12-09 14:09:46-03:00,5.8
2020-12-09 14:14:46-03:00,5.7
2020-12-09 14:19:46-03:00,5.6
2020-12-09 14:24:47-03:00,0.0
2020-12-09 14:29:47-03:00,0.0
2020-12-09 14:34:47-03:00,0.0
2020-12-09 14:39:48-03:00,0.0
2020-12-09 14:44:48-03:00,0.0
2020-12-09 14:49:48-03:00,0.0
2020-12-09 14:54:49-03:00,0.0
2020-12-09 14:59:49-03:00,0.0
2020-12-09 15:04:49-03:00,0.0
2020-12-09 15:09:49-03:00,0.0
2020-12-09 15:14:50-03:00,0.0
2020-12-09 15:19:50-03:00,0.0
2020-12-09 15:24:50-03:00,0.0
2020-12-09 15:29:51-03:00,0.0
2020-12-09 15:34:51-03:00,5.8
2020-12-09 15:39:51-03:00,5.8
2020-12-09 15:44:52-03:00,5.8
2020-12-09 15:49:52-03:00,5.8
2020-12-09 15:54:52-03:00,5.8
2020-12-09 15:59:53-03:00,5.7
2020-12-09 16:04:53-03:00,5.7
2020-12-09 16:09:53-03:00,5.6
2020-12-09 16:14:54-03:00,0.0
2020-12-09 16:19:54-03:00,0.0
2020-12-09 16:24:54-03:00,0.0
2020-12-09 16:29:54-03:00,0.0
2020-12-09 16:34:55-03:00,0.0
2020-12-09 16:39:55-03:00,0.0
2020-12-09 16:44:56-03:00,0.0
2020-12-09 16:49:56-03:00,0.0
2020-12-09 16:54:56-03:00,0.0
2020-12-09 16:59:57-03:00,0.0
2020-12-09 17:04:57-03:00,0.0
2020-12-09 17:09:57-03:00,0.0
2020-12-09 17:14:57-03:00,0.0
2020-12-09 17:19:58-03:00,5.8
2020-12-09 17:24:58-03:00,5.8
2020-12-09 17:29:58-03:00,5.8
2020-12-09 17:34:59-03:00,5.8
2020-12-09 17:39:59-03:00,5.8
2020-12-09 17:44:59-03:00,5.7
2020-12-09 17:50:00-03:00,5.6
2020-12-09 17:55:00-03:00,0.0
2020-12-09 18:00:00-03:00,0.0
2020-12-09 18:05:01-03:00,0.0
2020-12-09 18:10:01-03:00,0.0
2020-12-09 18:15:01-03:00,0.0
2020-12-09 18:20:01-03:00,0.0
2020-12-09 18:25:02-03:00,0.0
2020-12-09 18:30:02-03:00,0.0
2020-12-09 18:35:03-03:00,5.8
2020-12-09 18:40:03-03:00,5.8
2020-12-09 18:45:03-03:00,5.7
2020-12-09 18:50:03-03:00,5.7
2020-12-09 18:55:04-03:00,5.6
2020-12-09 19:00:04-03:00,0.0
2020-12-09 19:05:04-03:00,0.0
2020-12-09 19:10:05-03:00,0.0
2020-12-09 19:15:05-03:00,5.9
2020-12-09 19:20:05-03:00,5.7
2020-12-09 19:25:05-03:00,5.6
2020-12-09 19:30:06-03:00,0.0
2020-12-09 19:35:06-03:00,5.7
2020-12-09 19:40:06-03:00,0.0
2020-12-09 19:45:07-03:00,5.7
2020-12-09 19:50:07-03:00,0.0
2020-12-09 19:55:07-03:00,5.7
2020-12-09 20:00:08-03:00,0.0
2020-12-09 20:05:08-03:00,0.0
2020-12-09 20:10:08-03:00,5.8
2020-12-09 20:15:09-03:00,0.0
2020-12-09 20:20:09-03:00,5.7
2020-12-09 20:25:09-03:00,0.0
2020-12-09 20:30:10-03:00,5.7
2020-12-09 20:35:10-03:00,25.6
2020-12-09 20:40:10-03:00,0.0
2020-12-09 20:45:11-03:00,5.8
2020-12-09 20:50:11-03:00,0.0
2020-12-09 20:55:11-03:00,5.6
2020-12-09 21:00:11-03:00,0.0
2020-12-09 21:05:12-03:00,5.6
2020-12-09 21:10:12-03:00,10.9
2020-12-09 21:15:12-03:00,0.0
2020-12-09 21:20:13-03:00,5.7
2020-12-09 21:25:13-03:00,0.0
2020-12-09 21:30:13-03:00,5.6
2020-12-09 21:35:14-03:00,0.0
2020-12-09 21:40:14-03:00,0.0
2020-12-09 21:45:14-03:00,5.8
2020-12-09 21:50:15-03:00,0.0
2020-12-09 21:55:15-03:00,5.7
2020-12-09 22:00:15-03:00,0.0
2020-12-09 22:05:16-03:00,5.6
2020-12-09 22:10:16-03:00,0.0
2020-12-09 22:15:16-03:00,0.0
2020-12-09 22:20:16-03:00,5.8
2020-12-09 22:25:17-03:00,0.0
2020-12-09 22:30:17-03:00,5.7
2020-12-09 22:35:18-03:00,0.0
2020-12-09 22:40:18-03:00,5.6
2020-12-09 22:45:18-03:00,0.0
2020-12-09 22:50:19-03:00,0.0
2020-12-09 22:55:19-03:00,5.8
2020-12-09 23:00:19-03:00,0.0
2020-12-09 23:05:19-03:00,5.7
2020-12-09 23:10:20-03:00,0.0
2020-12-09 23:15:20-03:00,5.6
2020-12-09 23:20:20-03:00,5.9
2020-12-09 23:25:21-03:00,0.0
2020-12-09 23:30:21-03:00,5.7
2020-12-09 23:35:21-03:00,0.0
2020-12-09 23:40:22-03:00,5.6
2020-12-09 23:45:22-03:00,0.0
2020-12-09 23:50:22-03:00,0.0
2020-12-09 23:55:23-03:00,5.8
2020-12-10 00:00:23-03:00,0.0
2020-12-10 00:05:23-03:00,0.0
2020-12-10 00:10:23-03:00,0.0
2020-12-10 00:15:24-03:00,5.6
2020-12-10 00:20:24-03:00,5.6
2020-12-10 00:25:24-03:00,0.0
2020-12-10 00:30:25-03:00,0.0
2020-12-10 00:35:25-03:00,0.0
2020-12-10 00:40:25-03:00,0.0
2020-12-10 00:45:26-03:00,0.0
2020-12-10 00:50:26-03:00,0.0
2020-12-10 00:55:26-03:00,0.0
2020-12-10 01:00:26-03:00,0.0
2020-12-10 01:05:27-03:00,0.0
2020-12-10 01:10:27-03:00,0.0
2020-12-10 01:15:28-03:00,0.0
2020-12-10 01:20:28-03:00,0.0
2020-12-10 01:25:28-03:00,0.0
2020-12-10 01:30:29-03:00,0.0
2020-12-10 01:35:29-03:00,0.0
2020-12-10 01:40:29-03:00,0.0
2020-12-10 01:45:30-03:00,0.0
2020-12-10 01:50:31-03:00,0.0
2020-12-10 01:55:31-03:00,5.8
2020-12-10 02:00:31-03:00,5.8
2020-12-10 02:05:32-03:00,5.8
2020-12-10 02:10:32-03:00,5.7
2020-12-10 02:15:32-03:00,5.7
2020-12-10 02:20:33-03:00,5.7
2020-12-10 02:25:33-03:00,5.7
2020-12-10 02:30:33-03:00,0.0
2020-12-10 02:35:34-03:00,0.0
2020-12-10 02:40:34-03:00,0.0
2020-12-10 02:45:34-03:00,0.0
2020-12-10 02:50:35-03:00,0.0
2020-12-10 02:55:35-03:00,0.0
2020-12-10 03:00:35-03:00,0.0
2020-12-10 03:05:36-03:00,0.0
2020-12-10 03:10:36-03:00,0.0
2020-12-10 03:15:36-03:00,0.0
2020-12-10 03:20:36-03:00,0.0
2020-12-10 03:25:37-03:00,0.0
2020-12-10 03:30:37-03:00,0.0
2020-12-10 03:35:37-03:00,0.0
2020-12-10 03:40:38-03:00,0.0
2020-12-10 03:45:38-03:00,0.0
2020-12-10 03:50:38-03:00,0.0
2020-12-10 03:55:39-03:00,0.0
2020-12-10 04:00:39-03:00,0.0
2020-12-10 04:05:39-03:00,0.0
2020-12-10 04:10:40-03:00,0.0
2020-12-10 04:15:40-03:00,0.0
2020-12-10 04:20:40-03:00,0.0
2020-12-10 04:25:40-03:00,0.0
2020-12-10 04:30:41-03:00,0.0
2020-12-10 04:35:42-03:00,0.0
2020-12-10 04:40:42-03:00,0.0
2020-12-10 04:45:42-03:00,0.0
2020-12-10 04:50:43-03:00,0.0
2020-12-10 04:55:43-03:00,0.0
2020-12-10 05:00:43-03:00,0.0
2020-12-10 05:05:43-03:00,0.0
2020-12-10 05:10:44-03:00,0.0
2020-12-10 05:15:44-03:00,0.0
2020-12-10 05:20:44-03:00,0.0
2020-12-10 05:25:45-03:00,0.0
2020-12-10 05:30:44-03:00,0.0
2020-12-10 05:35:45-03:00,0.0
2020-12-10 05:40:45-03:00,0.0
2020-12-10 05:45:45-03:00,0.0
2020-12-10 05:50:46-03:00,0.0
2020-12-10 05:55:46-03:00,0.0
2020-12-10 06:00:46-03:00,0.0
2020-12-10 06:05:47-03:00,0.0
2020-12-10 06:10:47-03:00,0.0
2020-12-10 06:15:47-03:00,0.0
2020-12-10 06:20:47-03:00,0.0
2020-12-10 06:25:48-03:00,0.0
2020-12-10 06:30:48-03:00,0.0
2020-12-10 06:35:49-03:00,0.0
2020-12-10 06:40:49-03:00,0.0
2020-12-10 06:45:49-03:00,0.0
2020-12-10 06:50:50-03:00,0.0
2020-12-10 06:55:50-03:00,0.0
2020-12-10 07:00:51-03:00,0.0
2020-12-10 07:05:51-03:00,0.0
2020-12-10 07:10:51-03:00,0.0
2020-12-10 07:15:52-03:00,0.0
2020-12-10 07:20:52-03:00,0.0
2020-12-10 07:25:52-03:00,6.0
2020-12-10 07:30:53-03:00,5.8
2020-12-10 07:35:53-03:00,5.8
2020-12-10 07:40:53-03:00,5.8
2020-12-10 07:45:53-03:00,5.8
2020-12-10 07:50:54-03:00,5.8
2020-12-10 07:55:54-03:00,5.8
2020-12-10 08:00:54-03:00,5.8
2020-12-10 08:05:55-03:00,5.7
2020-12-10 08:10:55-03:00,5.7
2020-12-10 08:15:55-03:00,0.0
2020-12-10 08:20:56-03:00,0.0
2020-12-10 08:25:56-03:00,0.0
2020-12-10 08:30:56-03:00,0.0
2020-12-10 08:35:57-03:00,0.0
2020-12-10 08:40:57-03:00,0.0
2020-12-10 08:45:57-03:00,0.0
2020-12-10 08:50:57-03:00,0.0
2020-12-10 08:55:58-03:00,0.0
2020-12-10 09:00:58-03:00,0.0
2020-12-10 09:05:58-03:00,0.0
2020-12-10 09:10:59-03:00,0.0
2020-12-10 09:15:59-03:00,0.0
2020-12-10 09:20:59-03:00,0.0
2020-12-10 09:26:00-03:00,0.0
2020-12-10 09:31:00-03:00,0.0
2020-12-10 09:36:00-03:00,0.0
2020-12-10 09:41:01-03:00,0.0
2020-12-10 09:46:01-03:00,0.0
2020-12-10 09:51:01-03:00,21.2
2020-12-10 09:56:02-03:00,5.8
2020-12-10 10:01:02-03:00,5.8
2020-12-10 10:06:02-03:00,5.7
2020-12-10 10:11:02-03:00,5.7
2020-12-10 10:16:03-03:00,5.7
2020-12-10 10:21:03-03:00,5.8
2020-12-10 10:26:03-03:00,5.7
2020-12-10 10:31:04-03:00,5.7
2020-12-10 10:36:04-03:00,5.7
2020-12-10 10:41:04-03:00,5.6
2020-12-10 10:46:05-03:00,5.7
2020-12-10 10:51:05-03:00,5.6
2020-12-10 10:56:05-03:00,5.6
2020-12-10 11:01:06-03:00,5.6
2020-12-10 11:06:06-03:00,5.6
2020-12-10 11:11:06-03:00,0.0
2020-12-10 11:16:06-03:00,0.0
2020-12-10 11:21:07-03:00,0.0
2020-12-10 11:26:07-03:00,0.0
2020-12-10 11:31:07-03:00,0.0
2020-12-10 11:36:08-03:00,0.0
2020-12-10 11:41:08-03:00,0.0
2020-12-10 11:46:08-03:00,0.0
2020-12-10 11:51:09-03:00,0.0
2020-12-10 11:56:09-03:00,0.0
2020-12-10 12:01:09-03:00,0.0
2020-12-10 12:06:10-03:00,0.0
2020-12-10 12:11:10-03:00,0.0
2020-12-10 12:16:10-03:00,0.0
2020-12-10 12:21:11-03:00,0.0
2020-12-10 12:26:11-03:00,0.0
2020-12-10 12:31:11-03:00,0.0
2020-12-10 12:36:11-03:00,0.0
2020-12-10 12:41:12-03:00,0.0
2020-12-10 12:46:12-03:00,0.0
2020-12-10 12:51:12-03:00,0.0
2020-12-10 12:56:12-03:00,0.0
2020-12-10 13:01:12-03:00,6.1
2020-12-10 13:06:13-03:00,5.7
2020-12-10 13:11:13-03:00,5.7
2020-12-10 13:16:13-03:00,5.7
2020-12-10 13:21:14-03:00,5.8
2020-12-10 13:26:14-03:00,5.6
2020-12-10 13:31:14-03:00,5.6
2020-12-10 13:36:15-03:00,0.0
2020-12-10 13:41:15-03:00,0.0
2020-12-10 13:46:15-03:00,4.0
2020-12-10 13:51:16-03:00,5.8
2020-12-10 13:56:16-03:00,5.8
2020-12-10 14:01:16-03:00,5.8
2020-12-10 14:06:16-03:00,5.8
2020-12-10 14:11:17-03:00,5.8
2020-12-10 14:16:18-03:00,5.7
2020-12-10 14:21:18-03:00,5.7
2020-12-10 14:26:18-03:00,5.7
2020-12-10 14:31:19-03:00,0.0
2020-12-10 14:36:19-03:00,0.0
2020-12-10 14:41:19-03:00,0.0
2020-12-10 14:46:20-03:00,0.0
2020-12-10 14:51:20-03:00,0.0
2020-12-10 14:56:20-03:00,0.0
2020-12-10 15:01:20-03:00,0.0
2020-12-10 15:06:21-03:00,5.8
2020-12-10 15:11:21-03:00,5.8
2020-12-10 15:16:21-03:00,5.7
2020-12-10 15:21:22-03:00,5.7
2020-12-10 15:26:22-03:00,5.6
2020-12-10 15:31:22-03:00,0.0
2020-12-10 15:36:23-03:00,0.0
2020-12-10 15:41:23-03:00,0.0
2020-12-10 15:46:23-03:00,0.0
2020-12-10 15:51:24-03:00,0.0
2020-12-10 15:56:24-03:00,0.0
2020-12-10 16:01:24-03:00,0.0
2020-12-10 16:06:24-03:00,0.0
2020-12-10 16:11:25-03:00,0.0
2020-12-10 16:16:25-03:00,6.2
2020-12-10 16:21:25-03:00,5.8
2020-12-10 16:26:26-03:00,5.8
2020-12-10 16:31:26-03:00,5.8
2020-12-10 16:36:27-03:00,5.8
2020-12-10 16:41:27-03:00,5.7
2020-12-10 16:46:27-03:00,5.6
2020-12-10 16:51:27-03:00,0.0
2020-12-10 16:56:28-03:00,0.0
2020-12-10 17:01:28-03:00,0.0
2020-12-10 17:06:28-03:00,0.0
2020-12-10 17:11:29-03:00,0.0
2020-12-10 17:16:29-03:00,0.0
2020-12-10 17:21:29-03:00,0.0
2020-12-10 17:26:30-03:00,0.0
2020-12-10 17:31:30-03:00,5.8
2020-12-10 17:36:30-03:00,5.8
2020-12-10 17:41:31-03:00,5.8
2020-12-10 17:46:31-03:00,5.7
2020-12-10 17:51:31-03:00,5.7
2020-12-10 17:56:31-03:00,5.6
2020-12-10 18:01:32-03:00,0.0
2020-12-10 18:06:32-03:00,0.0
2020-12-10 18:11:32-03:00,0.0
2020-12-10 18:16:33-03:00,0.0
2020-12-10 18:21:33-03:00,0.0
2020-12-10 18:26:33-03:00,0.0
2020-12-10 18:31:34-03:00,5.9
2020-12-10 18:36:34-03:00,5.8
2020-12-10 18:41:34-03:00,5.8
2020-12-10 18:46:35-03:00,5.8
2020-12-10 18:51:35-03:00,5.6
2020-12-10 18:56:35-03:00,0.0
2020-12-10 19:01:35-03:00,0.0
2020-12-10 19:06:36-03:00,0.0
2020-12-10 19:11:36-03:00,0.0
2020-12-10 19:16:36-03:00,5.8
2020-12-10 19:21:37-03:00,5.9
2020-12-10 19:26:37-03:00,5.7
2020-12-10 19:31:37-03:00,5.6
2020-12-10 19:36:38-03:00,0.0
2020-12-10 19:41:38-03:00,0.0
2020-12-10 19:46:38-03:00,0.0
2020-12-10 19:51:39-03:00,0.0
2020-12-10 19:56:39-03:00,5.8
2020-12-10 20:01:39-03:00,5.7
2020-12-10 20:06:39-03:00,5.6
2020-12-10 20:11:40-03:00,5.6
2020-12-10 20:16:40-03:00,0.0
2020-12-10 20:21:40-03:00,0.0
2020-12-10 20:26:41-03:00,0.0
2020-12-10 20:31:41-03:00,5.8
2020-12-10 20:36:41-03:00,5.6
2020-12-10 20:41:42-03:00,5.6
2020-12-10 20:46:42-03:00,0.0
2020-12-10 20:51:42-03:00,5.8
2020-12-10 20:56:43-03:00,5.6
2020-12-10 21:01:43-03:00,0.0
2020-12-10 21:06:43-03:00,0.0
2020-12-10 21:11:44-03:00,5.7
2020-12-10 21:16:44-03:00,0.0
2020-12-10 21:21:44-03:00,5.6
2020-12-10 21:26:44-03:00,0.0
2020-12-10 21:31:45-03:00,5.6
2020-12-10 21:36:45-03:00,5.8
2020-12-10 21:41:45-03:00,0.0
2020-12-10 21:46:46-03:00,5.7
2020-12-10 21:51:46-03:00,0.0
2020-12-10 21:56:46-03:00,5.6
2020-12-10 22:01:47-03:00,5.8
2020-12-10 22:06:47-03:00,0.0
2020-12-10 22:11:47-03:00,5.7
2020-12-10 22:16:48-03:00,0.0
2020-12-10 22:21:48-03:00,5.6
2020-12-10 22:26:48-03:00,5.8
2020-12-10 22:31:48-03:00,0.0
2020-12-10 22:36:49-03:00,5.7
2020-12-10 22:41:49-03:00,0.0
2020-12-10 22:46:49-03:00,0.0
2020-12-10 22:51:50-03:00,0.0
2020-12-10 22:56:50-03:00,5.8
2020-12-10 23:01:50-03:00,5.7
2020-12-10 23:06:51-03:00,5.6
2020-12-10 23:11:51-03:00,0.0
2020-12-10 23:16:51-03:00,0.0
2020-12-10 23:21:52-03:00,0.0
2020-12-10 23:26:52-03:00,0.0
2020-12-10 23:31:52-03:00,0.0
2020-12-10 23:36:53-03:00,0.0
2020-12-10 23:41:53-03:00,0.0
2020-12-10 23:46:53-03:00,0.0
2020-12-10 23:51:53-03:00,0.0
2020-12-10 23:56:54-03:00,0.0
2020-12-11 00:01:54-03:00,0.0
2020-12-11 00:06:54-03:00,5.9
2020-12-11 00:11:55-03:00,5.8
2020-12-11 00:16:55-03:00,5.7
2020-12-11 00:21:55-03:00,5.7
2020-12-11 00:26:56-03:00,5.7
2020-12-11 00:31:56-03:00,5.7
2020-12-11 00:36:56-03:00,0.0
2020-12-11 00:41:57-03:00,0.0
2020-12-11 00:46:57-03:00,0.0
2020-12-11 00:51:57-03:00,0.0
2020-12-11 00:56:58-03:00,0.0
2020-12-11 01:01:58-03:00,0.0
2020-12-11 01:06:58-03:00,0.0
2020-12-11 01:11:58-03:00,0.0
2020-12-11 01:16:59-03:00,0.0
2020-12-11 01:21:59-03:00,0.0
2020-12-11 01:26:59-03:00,0.0
2020-12-11 01:32:00-03:00,0.0
2020-12-11 01:37:00-03:00,0.0
2020-12-11 01:42:00-03:00,0.0
2020-12-11 01:47:01-03:00,0.0
2020-12-11 01:52:01-03:00,0.0
2020-12-11 01:57:01-03:00,0.0
2020-12-11 02:02:02-03:00,0.0
2020-12-11 02:07:02-03:00,0.0
2020-12-11 02:12:02-03:00,0.0
2020-12-11 02:17:02-03:00,0.0
2020-12-11 02:22:03-03:00,0.0
2020-12-11 02:27:03-03:00,0.0
2020-12-11 02:32:04-03:00,0.0
2020-12-11 02:37:04-03:00,0.0
2020-12-11 02:42:04-03:00,0.0
2020-12-11 02:47:05-03:00,0.0
2020-12-11 02:52:05-03:00,0.0
2020-12-11 02:57:05-03:00,0.0
2020-12-11 03:02:06-03:00,0.0
2020-12-11 03:07:06-03:00,0.0
2020-12-11 03:12:06-03:00,0.0
2020-12-11 03:17:06-03:00,0.0
2020-12-11 03:22:07-03:00,0.0
2020-12-11 03:27:07-03:00,0.0
2020-12-11 03:32:07-03:00,0.0
2020-12-11 03:37:08-03:00,0.0
2020-12-11 03:42:08-03:00,0.0
2020-12-11 03:47:08-03:00,0.0
2020-12-11 03:52:09-03:00,0.0
2020-12-11 03:57:09-03:00,0.0
2020-12-11 04:02:09-03:00,0.0
2020-12-11 04:07:09-03:00,0.0
2020-12-11 04:12:10-03:00,0.0
2020-12-11 04:17:10-03:00,0.0
2020-12-11 04:22:10-03:00,0.0
2020-12-11 04:27:11-03:00,0.0
2020-12-11 04:32:11-03:00,0.0
2020-12-11 04:37:12-03:00,0.0
2020-12-11 04:42:12-03:00,0.0
2020-12-11 04:47:12-03:00,0.0
2020-12-11 04:52:12-03:00,0.0
2020-12-11 04:57:13-03:00,0.0
2020-12-11 05:02:13-03:00,0.0
2020-12-11 05:07:13-03:00,0.0
2020-12-11 05:12:14-03:00,0.0
2020-12-11 05:17:14-03:00,0.0
2020-12-11 05:22:14-03:00,0.0
2020-12-11 05:27:15-03:00,0.0
2020-12-11 05:32:15-03:00,0.0
2020-12-11 05:37:15-03:00,0.0
2020-12-11 05:42:16-03:00,0.0
2020-12-11 05:47:16-03:00,0.0
2020-12-11 05:52:16-03:00,0.0
2020-12-11 05:57:16-03:00,0.0
2020-12-11 06:02:17-03:00,0.0
2020-12-11 06:07:17-03:00,5.8
2020-12-11 06:12:17-03:00,5.7
2020-12-11 06:17:18-03:00,5.7
2020-12-11 06:22:18-03:00,5.7
2020-12-11 06:27:18-03:00,5.7
2020-12-11 06:32:19-03:00,5.7
2020-12-11 06:37:19-03:00,5.7
2020-12-11 06:42:19-03:00,5.8
2020-12-11 06:47:20-03:00,5.7
2020-12-11 06:52:20-03:00,5.7
2020-12-11 06:57:20-03:00,0.0
2020-12-11 07:02:21-03:00,0.0
2020-12-11 07:07:21-03:00,0.0
2020-12-11 07:12:21-03:00,0.0
2020-12-11 07:17:22-03:00,0.0
2020-12-11 07:22:22-03:00,0.0
2020-12-11 07:27:22-03:00,0.0
2020-12-11 07:32:23-03:00,0.0
2020-12-11 07:37:23-03:00,0.0
2020-12-11 07:42:23-03:00,0.0
2020-12-11 07:47:23-03:00,0.0
2020-12-11 07:52:24-03:00,0.0
2020-12-11 07:57:24-03:00,0.0
2020-12-11 08:02:24-03:00,0.0
2020-12-11 08:07:25-03:00,0.0
2020-12-11 08:12:25-03:00,0.0
2020-12-11 08:17:25-03:00,0.0
2020-12-11 08:22:26-03:00,0.0
2020-12-11 08:27:26-03:00,0.0
2020-12-11 08:32:26-03:00,0.0
2020-12-11 08:37:27-03:00,0.0
2020-12-11 08:42:27-03:00,0.0
2020-12-11 08:47:27-03:00,0.0
2020-12-11 08:52:28-03:00,0.0
2020-12-11 08:57:28-03:00,0.0
2020-12-11 09:02:28-03:00,5.8
2020-12-11 09:07:28-03:00,5.7
2020-12-11 09:12:29-03:00,5.7
2020-12-11 09:17:29-03:00,5.7
2020-12-11 09:22:29-03:00,5.7
2020-12-11 09:27:30-03:00,5.7
2020-12-11 09:32:30-03:00,5.8
2020-12-11 09:37:30-03:00,5.7
2020-12-11 09:42:31-03:00,5.7
2020-12-11 09:47:31-03:00,5.7
2020-12-11 09:52:31-03:00,0.0
2020-12-11 09:57:32-03:00,0.0
2020-12-11 10:02:32-03:00,0.0
2020-12-11 10:07:32-03:00,0.0
2020-12-11 10:12:32-03:00,0.0
2020-12-11 10:17:33-03:00,0.0
2020-12-11 10:22:33-03:00,0.0
2020-12-11 10:27:33-03:00,0.0
2020-12-11 10:32:34-03:00,0.0
2020-12-11 10:37:34-03:00,0.0
2020-12-11 10:42:35-03:00,0.0
2020-12-11 10:47:35-03:00,0.0
2020-12-11 10:52:35-03:00,0.0
2020-12-11 10:57:36-03:00,0.0
2020-12-11 11:02:36-03:00,0.0
2020-12-11 11:07:36-03:00,0.0
2020-12-11 11:12:36-03:00,0.0
2020-12-11 11:17:37-03:00,0.0
2020-12-11 11:22:37-03:00,0.0
2020-12-11 11:27:37-03:00,0.0
2020-12-11 11:32:38-03:00,5.7
2020-12-11 11:37:38-03:00,5.7
2020-12-11 11:42:38-03:00,5.7
2020-12-11 11:47:39-03:00,5.7
2020-12-11 11:52:39-03:00,5.8
2020-12-11 11:57:39-03:00,5.7
2020-12-11 12:02:40-03:00,5.7
2020-12-11 12:07:40-03:00,5.6
2020-12-11 12:12:40-03:00,5.6
2020-12-11 12:17:40-03:00,5.6
2020-12-11 12:22:41-03:00,5.6
2020-12-11 12:27:41-03:00,5.6
2020-12-11 12:32:42-03:00,5.5
2020-12-11 12:37:42-03:00,0.0
2020-12-11 12:42:42-03:00,0.0
2020-12-11 12:47:43-03:00,0.0
2020-12-11 12:52:43-03:00,0.0
2020-12-11 12:57:43-03:00,0.0
2020-12-11 13:02:44-03:00,0.0
2020-12-11 13:07:44-03:00,0.0
2020-12-11 13:12:44-03:00,0.0
2020-12-11 13:17:45-03:00,0.0
2020-12-11 13:22:45-03:00,0.0
2020-12-11 13:27:45-03:00,0.0
2020-12-11 13:32:45-03:00,0.0
2020-12-11 13:37:46-03:00,0.0
2020-12-11 13:42:46-03:00,0.0
2020-12-11 13:47:46-03:00,0.0
2020-12-11 13:52:47-03:00,0.0
2020-12-11 13:57:47-03:00,0.0
2020-12-11 14:02:47-03:00,0.0
2020-12-11 14:07:48-03:00,0.0
2020-12-11 14:12:48-03:00,5.7
2020-12-11 14:17:48-03:00,5.7
2020-12-11 14:22:49-03:00,5.7
2020-12-11 14:27:49-03:00,5.8
2020-12-11 14:32:49-03:00,5.6
2020-12-11 14:37:50-03:00,5.6
2020-12-11 14:42:50-03:00,5.6
2020-12-11 14:47:50-03:00,5.5
2020-12-11 14:52:50-03:00,5.5
2020-12-11 14:57:51-03:00,5.5
2020-12-11 15:02:51-03:00,5.4
2020-12-11 15:07:51-03:00,0.0
2020-12-11 15:12:52-03:00,0.0
2020-12-11 15:17:52-03:00,0.0
2020-12-11 15:22:52-03:00,0.0
2020-12-11 15:27:53-03:00,0.0
2020-12-11 15:32:53-03:00,0.0
2020-12-11 15:37:53-03:00,0.0
2020-12-11 15:42:54-03:00,0.0
2020-12-11 15:47:54-03:00,0.0
2020-12-11 15:52:54-03:00,0.0
2020-12-11 15:57:54-03:00,0.0
2020-12-11 16:02:55-03:00,0.0
2020-12-11 16:07:55-03:00,0.0
2020-12-11 16:12:55-03:00,0.0
2020-12-11 16:17:56-03:00,0.0
2020-12-11 16:22:56-03:00,0.0
2020-12-11 16:27:56-03:00,76.9
2020-12-11 16:32:57-03:00,5.7
2020-12-11 16:37:57-03:00,5.7
2020-12-11 16:42:57-03:00,5.6
2020-12-11 16:47:58-03:00,5.7
2020-12-11 16:52:58-03:00,5.6
2020-12-11 16:57:58-03:00,5.6
2020-12-11 17:02:59-03:00,5.5
2020-12-11 17:07:59-03:00,5.5
2020-12-11 17:12:59-03:00,5.4
2020-12-11 17:18:00-03:00,0.0
2020-12-11 17:23:00-03:00,0.0
2020-12-11 17:28:00-03:00,0.0
2020-12-11 17:33:00-03:00,0.0
2020-12-11 17:38:01-03:00,0.0
2020-12-11 17:43:01-03:00,0.0
2020-12-11 17:48:01-03:00,0.0
2020-12-11 17:53:02-03:00,0.0
2020-12-11 17:58:02-03:00,5.7
2020-12-11 18:03:02-03:00,5.6
2020-12-11 18:08:03-03:00,5.7
2020-12-11 18:13:03-03:00,5.5
2020-12-11 18:18:03-03:00,5.5
2020-12-11 18:23:04-03:00,5.4
2020-12-11 18:28:04-03:00,0.0
2020-12-11 18:33:04-03:00,0.0
2020-12-11 18:38:04-03:00,0.0
2020-12-11 18:43:05-03:00,0.0
2020-12-11 18:48:05-03:00,5.7
2020-12-11 18:53:05-03:00,5.5
2020-12-11 18:58:06-03:00,0.0
2020-12-11 19:03:06-03:00,0.0
2020-12-11 19:08:06-03:00,3.9
2020-12-11 19:13:07-03:00,5.7
2020-12-11 19:18:07-03:00,5.7
2020-12-11 19:23:07-03:00,5.6
2020-12-11 19:28:08-03:00,5.6
2020-12-11 19:33:08-03:00,0.0
2020-12-11 19:38:08-03:00,5.6
2020-12-11 19:43:08-03:00,0.0
2020-12-11 19:48:09-03:00,5.6
2020-12-11 19:53:09-03:00,5.7
2020-12-11 19:58:09-03:00,0.0
2020-12-11 20:03:10-03:00,5.6
2020-12-11 20:08:10-03:00,0.0
2020-12-11 20:13:10-03:00,5.6
2020-12-11 20:18:11-03:00,8.4
2020-12-11 20:23:11-03:00,0.0
2020-12-11 20:28:11-03:00,5.6
2020-12-11 20:33:12-03:00,0.0
2020-12-11 20:38:12-03:00,5.6
2020-12-11 20:43:12-03:00,0.0
2020-12-11 20:48:13-03:00,5.6
2020-12-11 20:53:13-03:00,5.8
2020-12-11 20:58:13-03:00,0.0
2020-12-11 21:03:14-03:00,5.6
2020-12-11 21:08:14-03:00,0.0
2020-12-11 21:13:14-03:00,5.6
2020-12-11 21:18:15-03:00,0.0
2020-12-11 21:23:15-03:00,0.0
2020-12-11 21:28:15-03:00,5.7
2020-12-11 21:33:16-03:00,0.0
2020-12-11 21:38:16-03:00,5.6
2020-12-11 21:43:16-03:00,0.0
2020-12-11 21:48:16-03:00,5.6
2020-12-11 21:53:17-03:00,20.0
2020-12-11 21:58:17-03:00,0.0
2020-12-11 22:03:17-03:00,5.6
2020-12-11 22:08:18-03:00,0.0
2020-12-11 22:13:18-03:00,5.6
2020-12-11 22:18:18-03:00,0.0
2020-12-11 22:23:19-03:00,0.0
2020-12-11 22:28:19-03:00,5.5
2020-12-11 22:33:19-03:00,0.0
2020-12-11 22:38:20-03:00,5.6
2020-12-11 22:43:20-03:00,0.0
2020-12-11 22:48:20-03:00,5.6
2020-12-11 22:53:21-03:00,8.5
2020-12-11 22:58:21-03:00,0.0
2020-12-11 23:03:21-03:00,5.6
2020-12-11 23:08:21-03:00,0.0
2020-12-11 23:13:22-03:00,5.6
2020-12-11 23:18:22-03:00,0.0
2020-12-11 23:23:22-03:00,5.6
2020-12-11 23:28:23-03:00,5.7
2020-12-11 23:33:23-03:00,0.0
2020-12-11 23:38:23-03:00,5.6
2020-12-11 23:43:24-03:00,0.0
2020-12-11 23:48:24-03:00,5.6
2020-12-11 23:53:24-03:00,0.0
2020-12-11 23:58:25-03:00,0.0
2020-12-12 00:03:25-03:00,5.7
2020-12-12 00:08:25-03:00,0.0
2020-12-12 00:13:25-03:00,5.6
2020-12-12 00:18:26-03:00,0.0
2020-12-12 00:23:26-03:00,5.6
2020-12-12 00:28:26-03:00,0.0
2020-12-12 00:33:27-03:00,0.0
2020-12-12 00:38:27-03:00,5.6
2020-12-12 00:43:27-03:00,0.0
2020-12-12 00:48:28-03:00,5.6
2020-12-12 00:53:28-03:00,0.0
2020-12-12 00:58:28-03:00,5.6
2020-12-12 01:03:29-03:00,5.8
2020-12-12 01:08:29-03:00,0.0
2020-12-12 01:13:29-03:00,5.6
2020-12-12 01:18:30-03:00,0.0
2020-12-12 01:23:30-03:00,5.6
2020-12-12 01:28:30-03:00,0.0
2020-12-12 01:33:30-03:00,0.0
2020-12-12 01:38:31-03:00,5.7
2020-12-12 01:43:31-03:00,0.0
2020-12-12 01:48:31-03:00,5.6
2020-12-12 01:53:32-03:00,0.0
2020-12-12 01:58:32-03:00,5.6
2020-12-12 02:03:32-03:00,5.7
2020-12-12 02:08:33-03:00,0.0
2020-12-12 02:13:33-03:00,5.5
2020-12-12 02:18:33-03:00,0.0
2020-12-12 02:23:34-03:00,5.6
2020-12-12 02:28:34-03:00,0.0
2020-12-12 02:33:34-03:00,0.0
2020-12-12 02:38:34-03:00,5.7
2020-12-12 02:43:35-03:00,0.0
2020-12-12 02:48:35-03:00,0.0
2020-12-12 02:53:35-03:00,5.8
2020-12-12 02:58:36-03:00,5.6
2020-12-12 03:03:36-03:00,0.0
2020-12-12 03:08:36-03:00,0.0
2020-12-12 03:13:37-03:00,0.0
2020-12-12 03:18:37-03:00,0.0
2020-12-12 03:23:37-03:00,0.0
2020-12-12 03:28:38-03:00,0.0
2020-12-12 03:33:38-03:00,0.0
2020-12-12 03:38:38-03:00,0.0
2020-12-12 03:43:38-03:00,0.0
2020-12-12 03:48:39-03:00,0.0
2020-12-12 03:53:39-03:00,0.0
2020-12-12 03:58:39-03:00,0.0
2020-12-12 04:03:40-03:00,0.0
2020-12-12 04:08:40-03:00,0.0
2020-12-12 04:13:40-03:00,0.0
2020-12-12 04:18:41-03:00,0.0
2020-12-12 04:23:41-03:00,0.0
2020-12-12 04:28:41-03:00,0.0
2020-12-12 04:33:42-03:00,0.0
2020-12-12 04:38:42-03:00,0.0
2020-12-12 04:43:42-03:00,0.0
2020-12-12 04:48:43-03:00,0.0
2020-12-12 04:53:43-03:00,6.0
2020-12-12 04:58:43-03:00,5.7
2020-12-12 05:03:43-03:00,5.7
2020-12-12 05:08:44-03:00,5.7
2020-12-12 05:13:44-03:00,5.7
2020-12-12 05:18:44-03:00,5.7
2020-12-12 05:23:45-03:00,5.8
2020-12-12 05:28:45-03:00,5.6
2020-12-12 05:33:45-03:00,5.6
2020-12-12 05:38:46-03:00,5.6
2020-12-12 05:43:46-03:00,0.0
2020-12-12 05:48:46-03:00,0.0
2020-12-12 05:53:47-03:00,0.0
2020-12-12 05:58:47-03:00,0.0
2020-12-12 06:03:47-03:00,0.0
2020-12-12 06:08:47-03:00,0.0
2020-12-12 06:13:48-03:00,0.0
2020-12-12 06:18:48-03:00,0.0
2020-12-12 06:23:48-03:00,0.0
2020-12-12 06:28:49-03:00,0.0
2020-12-12 06:33:49-03:00,0.0
2020-12-12 06:38:49-03:00,0.0
2020-12-12 06:43:50-03:00,0.0
2020-12-12 06:48:50-03:00,0.0
2020-12-12 06:53:50-03:00,0.0
2020-12-12 06:58:51-03:00,0.0
2020-12-12 07:03:51-03:00,0.0
2020-12-12 07:08:51-03:00,0.0
2020-12-12 07:13:52-03:00,0.0
2020-12-12 07:18:52-03:00,0.0
2020-12-12 07:23:52-03:00,0.0
2020-12-12 07:28:52-03:00,0.0
2020-12-12 07:33:53-03:00,0.0
2020-12-12 07:38:53-03:00,0.0
2020-12-12 07:43:53-03:00,0.0
2020-12-12 07:48:54-03:00,0.0
2020-12-12 07:53:54-03:00,0.0
2020-12-12 07:58:54-03:00,0.0
2020-12-12 08:03:55-03:00,0.0
2020-12-12 08:08:55-03:00,0.0
2020-12-12 08:13:55-03:00,0.0
2020-12-12 08:18:56-03:00,0.0
2020-12-12 08:23:56-03:00,0.0
2020-12-12 08:28:56-03:00,5.8
2020-12-12 08:33:57-03:00,5.8
2020-12-12 08:38:57-03:00,5.7
2020-12-12 08:43:57-03:00,5.7
2020-12-12 08:48:58-03:00,5.7
2020-12-12 08:53:58-03:00,5.7
2020-12-12 08:58:58-03:00,5.7
2020-12-12 09:03:59-03:00,5.8
2020-12-12 09:08:59-03:00,5.7
2020-12-12 09:13:59-03:00,5.7
2020-12-12 09:18:59-03:00,5.6
2020-12-12 09:24:00-03:00,5.6
2020-12-12 09:29:00-03:00,5.6
2020-12-12 09:34:00-03:00,5.6
2020-12-12 09:39:00-03:00,5.6
2020-12-12 09:44:00-03:00,5.6
2020-12-12 09:49:01-03:00,5.5
2020-12-12 09:54:01-03:00,5.5
2020-12-12 09:59:01-03:00,5.5
2020-12-12 10:04:02-03:00,5.5
2020-12-12 10:09:02-03:00,0.0
2020-12-12 10:14:02-03:00,0.0
2020-12-12 10:19:02-03:00,0.0
2020-12-12 10:24:03-03:00,0.0
2020-12-12 10:29:03-03:00,0.0
2020-12-12 10:34:03-03:00,0.0
2020-12-12 10:39:03-03:00,0.0
2020-12-12 10:44:04-03:00,0.0
2020-12-12 10:49:04-03:00,0.0
2020-12-12 10:54:04-03:00,0.0
2020-12-12 10:59:05-03:00,0.0
2020-12-12 11:04:05-03:00,0.0
2020-12-12 11:09:05-03:00,0.0
2020-12-12 11:14:06-03:00,0.0
2020-12-12 11:19:06-03:00,0.0
2020-12-12 11:24:06-03:00,0.0
2020-12-12 11:29:07-03:00,0.0
2020-12-12 11:34:07-03:00,6.0
2020-12-12 11:39:07-03:00,5.6
2020-12-12 11:44:08-03:00,5.6
2020-12-12 11:49:09-03:00,5.6
2020-12-12 11:54:09-03:00,5.7
2020-12-12 11:59:09-03:00,5.6
2020-12-12 12:04:10-03:00,5.5
2020-12-12 12:09:10-03:00,0.0
2020-12-12 12:14:10-03:00,0.0
2020-12-12 12:19:10-03:00,3.9
2020-12-12 12:24:11-03:00,5.7
2020-12-12 12:29:11-03:00,5.7
2020-12-12 12:34:11-03:00,5.7
2020-12-12 12:39:12-03:00,5.7
2020-12-12 12:44:12-03:00,5.7
2020-12-12 12:49:12-03:00,5.6
2020-12-12 12:54:13-03:00,5.5
2020-12-12 12:59:13-03:00,0.0
2020-12-12 13:04:13-03:00,0.0
2020-12-12 13:09:14-03:00,0.0
2020-12-12 13:14:14-03:00,0.0
2020-12-12 13:19:14-03:00,0.0
2020-12-12 13:24:14-03:00,0.0
2020-12-12 13:29:15-03:00,6.0
2020-12-12 13:34:15-03:00,5.7
2020-12-12 13:39:15-03:00,5.6
2020-12-12 13:44:16-03:00,5.7
2020-12-12 13:49:16-03:00,5.6
2020-12-12 13:54:16-03:00,5.5
2020-12-12 13:59:17-03:00,5.4
2020-12-12 14:04:17-03:00,0.0
2020-12-12 14:09:17-03:00,0.0
2020-12-12 14:14:18-03:00,0.0
2020-12-12 14:19:18-03:00,0.0
2020-12-12 14:24:18-03:00,5.7
2020-12-12 14:29:19-03:00,5.6
2020-12-12 14:34:19-03:00,5.5
2020-12-12 14:39:19-03:00,5.5
2020-12-12 14:44:20-03:00,0.0
2020-12-12 14:49:20-03:00,0.0
2020-12-12 14:54:20-03:00,0.0
2020-12-12 14:59:20-03:00,0.0
2020-12-12 15:04:21-03:00,0.0
2020-12-12 15:09:21-03:00,0.0
2020-12-12 15:14:21-03:00,5.7
2020-12-12 15:19:22-03:00,5.7
2020-12-12 15:24:22-03:00,5.5
2020-12-12 15:29:22-03:00,5.5
2020-12-12 15:34:23-03:00,5.5
2020-12-12 15:39:23-03:00,0.0
2020-12-12 15:44:23-03:00,0.0
2020-12-12 15:49:24-03:00,0.0
2020-12-12 15:54:24-03:00,0.0
2020-12-12 15:59:24-03:00,5.9
2020-12-12 16:04:24-03:00,5.7
2020-12-12 16:09:25-03:00,5.5
2020-12-12 16:14:25-03:00,5.5
2020-12-12 16:19:25-03:00,5.4
2020-12-12 16:24:26-03:00,0.0
2020-12-12 16:29:26-03:00,0.0
2020-12-12 16:34:27-03:00,0.0
2020-12-12 16:39:27-03:00,0.0
2020-12-12 16:44:27-03:00,0.0
2020-12-12 16:49:27-03:00,5.8
2020-12-12 16:54:28-03:00,5.6
2020-12-12 16:59:28-03:00,5.5
2020-12-12 17:04:28-03:00,5.5
2020-12-12 17:09:29-03:00,0.0
2020-12-12 17:14:29-03:00,0.0
2020-12-12 17:19:29-03:00,0.0
2020-12-12 17:24:30-03:00,0.0
2020-12-12 17:29:30-03:00,0.0
2020-12-12 17:34:30-03:00,0.0
2020-12-12 17:39:31-03:00,0.0
2020-12-12 17:44:31-03:00,5.6
2020-12-12 17:49:31-03:00,5.6
2020-12-12 17:54:32-03:00,5.6
2020-12-12 17:59:32-03:00,5.5
2020-12-12 18:04:32-03:00,5.5
2020-12-12 18:09:32-03:00,0.0
2020-12-12 18:14:33-03:00,0.0
2020-12-12 18:19:33-03:00,0.0
2020-12-12 18:24:33-03:00,0.0
2020-12-12 18:29:34-03:00,0.0
2020-12-12 18:34:34-03:00,5.6
2020-12-12 18:39:34-03:00,5.6
2020-12-12 18:44:35-03:00,5.5
2020-12-12 18:49:35-03:00,5.5
2020-12-12 18:54:35-03:00,0.0
2020-12-12 18:59:36-03:00,0.0
2020-12-12 19:04:36-03:00,0.0
2020-12-12 19:09:36-03:00,0.0
2020-12-12 19:14:36-03:00,5.9
2020-12-12 19:19:37-03:00,5.7
2020-12-12 19:24:37-03:00,5.5
2020-12-12 19:29:37-03:00,5.5
2020-12-12 19:34:38-03:00,0.0
2020-12-12 19:39:38-03:00,0.0
2020-12-12 19:44:38-03:00,0.0
2020-12-12 19:49:39-03:00,5.5
2020-12-12 19:54:39-03:00,5.5
2020-12-12 19:59:39-03:00,0.0
2020-12-12 20:04:40-03:00,0.0
2020-12-12 20:09:40-03:00,5.5
2020-12-12 20:14:40-03:00,5.4
2020-12-12 20:19:41-03:00,0.0
2020-12-12 20:24:41-03:00,5.5
2020-12-12 20:29:41-03:00,0.0
2020-12-12 20:34:42-03:00,5.5
2020-12-12 20:39:42-03:00,0.0
2020-12-12 20:44:42-03:00,5.5
2020-12-12 20:49:43-03:00,0.0
2020-12-12 20:54:43-03:00,0.0
2020-12-12 20:59:43-03:00,0.0
2020-12-12 21:04:43-03:00,5.7
2020-12-12 21:09:44-03:00,5.5
2020-12-12 21:14:44-03:00,5.5
2020-12-12 21:19:44-03:00,0.0
2020-12-12 21:24:45-03:00,0.0
2020-12-12 21:29:45-03:00,5.7
2020-12-12 21:34:45-03:00,5.5
2020-12-12 21:39:46-03:00,0.0
2020-12-12 21:44:46-03:00,0.0
2020-12-12 21:49:46-03:00,5.5
2020-12-12 21:54:47-03:00,0.0
2020-12-12 21:59:47-03:00,5.7
2020-12-12 22:04:47-03:00,5.5
2020-12-12 22:09:47-03:00,0.0
2020-12-12 22:14:48-03:00,0.0
2020-12-12 22:19:48-03:00,5.7
2020-12-12 22:24:48-03:00,5.5
2020-12-12 22:29:49-03:00,5.5
2020-12-12 22:34:49-03:00,0.0
2020-12-12 22:39:49-03:00,0.0
2020-12-12 22:44:50-03:00,0.0
2020-12-12 22:49:50-03:00,22.7
2020-12-12 22:54:50-03:00,5.7
2020-12-12 22:59:51-03:00,5.5
2020-12-12 23:04:51-03:00,5.5
2020-12-12 23:09:51-03:00,0.0
2020-12-12 23:14:52-03:00,0.0
2020-12-12 23:19:52-03:00,0.0
2020-12-12 23:24:52-03:00,0.0
2020-12-12 23:29:53-03:00,0.0
2020-12-12 23:34:53-03:00,0.0
2020-12-12 23:39:53-03:00,0.0
2020-12-12 23:44:53-03:00,0.0
2020-12-12 23:49:54-03:00,5.6
2020-12-12 23:54:54-03:00,5.6
2020-12-12 23:59:54-03:00,5.7
2020-12-13 00:04:55-03:00,5.5
2020-12-13 00:09:55-03:00,5.4
2020-12-13 00:14:55-03:00,0.0
2020-12-13 00:19:56-03:00,0.0
2020-12-13 00:24:56-03:00,0.0
2020-12-13 00:29:56-03:00,0.0
2020-12-13 00:34:57-03:00,0.0
2020-12-13 00:39:57-03:00,0.0
2020-12-13 00:44:57-03:00,0.0
2020-12-13 00:49:57-03:00,0.0
2020-12-13 00:54:58-03:00,0.0
2020-12-13 00:59:58-03:00,0.0
2020-12-13 01:04:58-03:00,0.0
2020-12-13 01:09:59-03:00,0.0
2020-12-13 01:14:59-03:00,0.0
2020-12-13 01:19:59-03:00,0.0
2020-12-13 01:25:00-03:00,0.0
2020-12-13 01:30:00-03:00,0.0
2020-12-13 01:35:00-03:00,0.0
2020-12-13 01:40:01-03:00,0.0
2020-12-13 01:45:01-03:00,0.0
2020-12-13 01:50:01-03:00,0.0
2020-12-13 01:55:02-03:00,5.6
2020-12-13 02:00:02-03:00,5.6
2020-12-13 02:05:02-03:00,5.6
2020-12-13 02:10:02-03:00,5.6
2020-12-13 02:15:03-03:00,5.6
2020-12-13 02:20:03-03:00,5.6
2020-12-13 02:25:03-03:00,5.6
2020-12-13 02:30:04-03:00,5.5
2020-12-13 02:35:04-03:00,5.4
2020-12-13 02:40:04-03:00,0.0
2020-12-13 02:45:05-03:00,0.0
2020-12-13 02:50:05-03:00,0.0
2020-12-13 02:55:05-03:00,0.0
2020-12-13 03:00:06-03:00,0.0
2020-12-13 03:05:06-03:00,0.0
2020-12-13 03:10:06-03:00,0.0
2020-12-13 03:15:07-03:00,0.0
2020-12-13 03:20:07-03:00,0.0
2020-12-13 03:25:07-03:00,0.0
2020-12-13 03:30:08-03:00,0.0
2020-12-13 03:35:08-03:00,0.0
2020-12-13 03:40:08-03:00,0.0
2020-12-13 03:45:09-03:00,0.0
2020-12-13 03:50:09-03:00,0.0
2020-12-13 03:55:09-03:00,0.0
2020-12-13 04:00:09-03:00,0.0
2020-12-13 04:05:10-03:00,0.0
2020-12-13 04:10:10-03:00,0.0
2020-12-13 04:15:10-03:00,0.0
2020-12-13 04:20:11-03:00,0.0
2020-12-13 04:25:11-03:00,0.0
2020-12-13 04:30:11-03:00,0.0
2020-12-13 04:35:12-03:00,0.0
2020-12-13 04:40:12-03:00,0.0
2020-12-13 04:45:12-03:00,0.0
2020-12-13 04:50:13-03:00,0.0
2020-12-13 04:55:13-03:00,0.0
2020-12-13 05:00:13-03:00,0.0
2020-12-13 05:05:14-03:00,0.0
2020-12-13 05:10:14-03:00,0.0
2020-12-13 05:15:14-03:00,0.0
2020-12-13 05:20:15-03:00,0.0
2020-12-13 05:25:15-03:00,0.0
2020-12-13 05:30:15-03:00,0.0
2020-12-13 05:35:15-03:00,0.0
2020-12-13 05:40:16-03:00,0.0
2020-12-13 05:45:16-03:00,0.0
2020-12-13 05:50:16-03:00,0.0
2020-12-13 05:55:17-03:00,0.0
2020-12-13 06:00:17-03:00,0.0
2020-12-13 06:05:17-03:00,0.0
2020-12-13 06:10:18-03:00,0.0
2020-12-13 06:15:18-03:00,0.0
2020-12-13 06:20:18-03:00,0.0
2020-12-13 06:25:19-03:00,0.0
2020-12-13 06:30:19-03:00,0.0
2020-12-13 06:35:19-03:00,0.0
2020-12-13 06:40:19-03:00,0.0
2020-12-13 06:45:20-03:00,5.6
2020-12-13 06:50:20-03:00,5.6
2020-12-13 06:55:20-03:00,5.6
2020-12-13 07:00:21-03:00,5.6
2020-12-13 07:05:21-03:00,5.5
2020-12-13 07:10:21-03:00,5.5
2020-12-13 07:15:22-03:00,5.6
2020-12-13 07:20:22-03:00,5.6
2020-12-13 07:25:22-03:00,5.5
2020-12-13 07:30:23-03:00,0.0
2020-12-13 07:35:23-03:00,0.0
2020-12-13 07:40:23-03:00,0.0
2020-12-13 07:45:23-03:00,0.0
2020-12-13 07:50:24-03:00,0.0
2020-12-13 07:55:24-03:00,0.0
2020-12-13 08:00:24-03:00,0.0
2020-12-13 08:05:25-03:00,0.0
2020-12-13 08:10:25-03:00,0.0
2020-12-13 08:15:25-03:00,0.0
2020-12-13 08:20:26-03:00,0.0
2020-12-13 08:25:26-03:00,0.0
2020-12-13 08:30:26-03:00,0.0
2020-12-13 08:35:27-03:00,0.0
2020-12-13 08:40:27-03:00,0.0
2020-12-13 08:45:27-03:00,0.0
2020-12-13 08:50:28-03:00,0.0
2020-12-13 08:55:28-03:00,0.0
2020-12-13 09:00:28-03:00,0.0
2020-12-13 09:05:29-03:00,0.0
2020-12-13 09:10:29-03:00,5.6
2020-12-13 09:15:29-03:00,5.5
2020-12-13 09:20:30-03:00,5.5
2020-12-13 09:25:30-03:00,5.5
2020-12-13 09:30:30-03:00,5.5
2020-12-13 09:35:30-03:00,5.5
2020-12-13 09:40:31-03:00,5.6
2020-12-13 09:45:31-03:00,5.4
2020-12-13 09:50:31-03:00,5.5
2020-12-13 09:55:32-03:00,5.4
2020-12-13 10:00:32-03:00,5.4
2020-12-13 10:05:32-03:00,5.4
2020-12-13 10:10:33-03:00,5.4
2020-12-13 10:15:33-03:00,5.4
2020-12-13 10:20:33-03:00,5.4
2020-12-13 10:25:34-03:00,5.3
2020-12-13 10:30:34-03:00,0.0
2020-12-13 10:35:34-03:00,0.0
2020-12-13 10:40:34-03:00,0.0
2020-12-13 10:45:35-03:00,0.0
2020-12-13 10:50:35-03:00,0.0
2020-12-13 10:55:35-03:00,0.0
2020-12-13 11:00:36-03:00,0.0
2020-12-13 11:05:36-03:00,0.0
2020-12-13 11:10:36-03:00,0.0
2020-12-13 11:15:37-03:00,5.5
2020-12-13 11:20:37-03:00,5.4
2020-12-13 11:25:37-03:00,5.5
2020-12-13 11:30:38-03:00,5.4
2020-12-13 11:35:38-03:00,5.3
2020-12-13 11:40:38-03:00,5.3
2020-12-13 11:45:38-03:00,5.2
2020-12-13 11:50:39-03:00,0.0
2020-12-13 11:55:39-03:00,0.0
2020-12-13 12:00:39-03:00,0.0
2020-12-13 12:05:40-03:00,5.6
2020-12-13 12:10:40-03:00,5.4
2020-12-13 12:15:40-03:00,5.4
2020-12-13 12:20:41-03:00,5.3
2020-12-13 12:25:41-03:00,0.0
2020-12-13 12:30:42-03:00,0.0
2020-12-13 12:35:43-03:00,5.7
2020-12-13 12:40:43-03:00,5.3
2020-12-13 12:45:43-03:00,5.3
2020-12-13 12:50:43-03:00,0.0
2020-12-13 12:55:44-03:00,5.4
2020-12-13 13:00:44-03:00,5.3
2020-12-13 13:05:44-03:00,5.4
2020-12-13 13:10:45-03:00,0.0
2020-12-13 13:15:45-03:00,5.3
2020-12-13 13:20:45-03:00,0.0
2020-12-13 13:25:46-03:00,5.3
2020-12-13 13:30:46-03:00,0.0
2020-12-13 13:35:46-03:00,5.3
2020-12-13 13:40:47-03:00,5.5
2020-12-13 13:45:47-03:00,0.0
2020-12-13 13:50:47-03:00,5.4
2020-12-13 13:55:47-03:00,0.0
2020-12-13 14:00:48-03:00,5.4
2020-12-13 14:05:48-03:00,0.0
2020-12-13 14:10:48-03:00,0.0
2020-12-13 14:15:49-03:00,5.5
2020-12-13 14:20:49-03:00,0.0
2020-12-13 14:25:49-03:00,5.4
2020-12-13 14:30:50-03:00,0.0
2020-12-13 14:35:50-03:00,5.4
2020-12-13 14:40:50-03:00,0.0
2020-12-13 14:45:51-03:00,5.5
2020-12-13 14:50:51-03:00,5.4
2020-12-13 14:55:51-03:00,0.0
2020-12-13 15:00:52-03:00,0.0
2020-12-13 15:05:52-03:00,5.4
2020-12-13 15:10:52-03:00,5.3
2020-12-13 15:15:52-03:00,0.0
2020-12-13 15:20:53-03:00,0.0
2020-12-13 15:25:53-03:00,5.4
2020-12-13 15:30:53-03:00,5.3
2020-12-13 15:35:54-03:00,0.0
2020-12-13 15:40:54-03:00,0.0
2020-12-13 15:45:54-03:00,0.0
2020-12-13 15:50:55-03:00,5.5
2020-12-13 15:55:55-03:00,5.4
2020-12-13 16:00:55-03:00,5.3
2020-12-13 16:05:55-03:00,0.0
2020-12-13 16:10:56-03:00,0.0
2020-12-13 16:15:56-03:00,0.0
2020-12-13 16:20:56-03:00,0.0
2020-12-13 16:25:57-03:00,0.0
2020-12-13 16:30:57-03:00,5.8
2020-12-13 16:35:57-03:00,5.6
2020-12-13 16:40:58-03:00,5.4
2020-12-13 16:45:58-03:00,5.4
2020-12-13 16:50:58-03:00,5.3
2020-12-13 16:55:59-03:00,0.0
2020-12-13 17:00:59-03:00,0.0
2020-12-13 17:05:59-03:00,0.0
2020-12-13 17:11:00-03:00,0.0
2020-12-13 17:16:00-03:00,0.0
2020-12-13 17:21:00-03:00,0.0
2020-12-13 17:26:00-03:00,0.0
2020-12-13 17:31:01-03:00,5.5
2020-12-13 17:36:01-03:00,5.5
2020-12-13 17:41:01-03:00,5.4
2020-12-13 17:46:02-03:00,0.0
2020-12-13 17:51:02-03:00,0.0
2020-12-13 17:56:02-03:00,3.8
2020-12-13 18:01:03-03:00,5.6
2020-12-13 18:06:03-03:00,5.6
2020-12-13 18:11:03-03:00,5.5
2020-12-13 18:16:04-03:00,0.0
2020-12-13 18:21:04-03:00,5.6
2020-12-13 18:26:04-03:00,0.0
2020-12-13 18:31:04-03:00,5.5
2020-12-13 18:36:05-03:00,0.0
2020-12-13 18:41:05-03:00,0.0
2020-12-13 18:46:05-03:00,5.7
2020-12-13 18:51:06-03:00,0.0
2020-12-13 18:56:06-03:00,5.5
2020-12-13 19:01:06-03:00,0.0
2020-12-13 19:06:07-03:00,5.5
2020-12-13 19:11:07-03:00,0.0
2020-12-13 19:16:07-03:00,0.0
2020-12-13 19:21:08-03:00,5.6
2020-12-13 19:26:08-03:00,0.0
2020-12-13 19:31:08-03:00,5.5
2020-12-13 19:36:09-03:00,0.0
2020-12-13 19:41:09-03:00,5.5
2020-12-13 19:46:09-03:00,6.0
2020-12-13 19:51:09-03:00,0.0
2020-12-13 19:56:10-03:00,5.6
2020-12-13 20:01:10-03:00,0.0
2020-12-13 20:06:10-03:00,5.5
2020-12-13 20:11:11-03:00,0.0
2020-12-13 20:16:11-03:00,0.0
2020-12-13 20:21:11-03:00,5.7
2020-12-13 20:26:12-03:00,0.0
2020-12-13 20:31:12-03:00,5.5
2020-12-13 20:36:12-03:00,0.0
2020-12-13 20:41:12-03:00,5.5
2020-12-13 20:46:13-03:00,0.0
2020-12-13 20:51:13-03:00,0.0
2020-12-13 20:56:13-03:00,5.6
2020-12-13 21:01:14-03:00,0.0
2020-12-13 21:06:14-03:00,5.5
2020-12-13 21:11:14-03:00,0.0
2020-12-13 21:16:15-03:00,5.6
2020-12-13 21:21:15-03:00,0.0
2020-12-13 21:26:15-03:00,0.0
2020-12-13 21:31:16-03:00,5.7
2020-12-13 21:36:16-03:00,0.0
2020-12-13 21:41:16-03:00,5.6
2020-12-13 21:46:16-03:00,0.0
2020-12-13 21:51:17-03:00,5.6
2020-12-13 21:56:17-03:00,5.8
2020-12-13 22:01:17-03:00,0.0
2020-12-13 22:06:18-03:00,5.6
2020-12-13 22:11:18-03:00,0.0
2020-12-13 22:16:18-03:00,5.6
2020-12-13 22:21:19-03:00,0.0
2020-12-13 22:26:19-03:00,0.0
2020-12-13 22:31:20-03:00,5.7
2020-12-13 22:36:20-03:00,0.0
2020-12-13 22:41:20-03:00,5.6
2020-12-13 22:46:20-03:00,0.0
2020-12-13 22:51:21-03:00,5.6
2020-12-13 22:56:21-03:00,5.8
2020-12-13 23:01:21-03:00,0.0
2020-12-13 23:06:22-03:00,5.6
2020-12-13 23:11:22-03:00,0.0
2020-12-13 23:16:22-03:00,5.6
2020-12-13 23:21:23-03:00,0.0
2020-12-13 23:26:23-03:00,0.0
2020-12-13 23:31:23-03:00,5.7
2020-12-13 23:36:24-03:00,0.0
2020-12-13 23:41:24-03:00,5.6
2020-12-13 23:46:24-03:00,0.0
2020-12-13 23:51:24-03:00,5.6
2020-12-13 23:56:25-03:00,0.0
2020-12-14 00:01:25-03:00,0.0
2020-12-14 00:06:25-03:00,5.6
2020-12-14 00:11:26-03:00,0.0
2020-12-14 00:16:26-03:00,0.0
2020-12-14 00:21:26-03:00,5.6
2020-12-14 00:26:27-03:00,0.0
2020-12-14 00:31:28-03:00,0.0
2020-12-14 00:36:28-03:00,0.0
2020-12-14 00:41:28-03:00,0.0
2020-12-14 00:46:29-03:00,0.0
2020-12-14 00:51:29-03:00,0.0
2020-12-14 00:56:29-03:00,0.0
2020-12-14 01:01:29-03:00,0.0
2020-12-14 01:06:30-03:00,0.0
2020-12-14 01:11:30-03:00,0.0
2020-12-14 01:16:30-03:00,5.8
2020-12-14 01:21:31-03:00,5.7
2020-12-14 01:26:31-03:00,5.7
2020-12-14 01:31:31-03:00,5.7
2020-12-14 01:36:32-03:00,5.7
2020-12-14 01:41:32-03:00,5.5
2020-12-14 01:46:32-03:00,0.0
2020-12-14 01:51:33-03:00,0.0
2020-12-14 01:56:33-03:00,0.0
2020-12-14 02:01:33-03:00,0.0
2020-12-14 02:06:33-03:00,0.0
2020-12-14 02:11:34-03:00,0.0
2020-12-14 02:16:34-03:00,0.0
2020-12-14 02:21:34-03:00,0.0
2020-12-14 02:26:35-03:00,0.0
2020-12-14 02:31:35-03:00,0.0
2020-12-14 02:36:35-03:00,0.0
2020-12-14 02:41:36-03:00,0.0
2020-12-14 02:46:36-03:00,0.0
2020-12-14 02:51:36-03:00,0.0
2020-12-14 02:56:37-03:00,0.0
2020-12-14 03:01:37-03:00,0.0
2020-12-14 03:06:37-03:00,0.0
2020-12-14 03:11:38-03:00,0.0
2020-12-14 03:16:38-03:00,0.0
2020-12-14 03:21:38-03:00,0.0
2020-12-14 03:26:38-03:00,0.0
2020-12-14 03:31:39-03:00,0.0
2020-12-14 03:36:39-03:00,0.0
2020-12-14 03:41:39-03:00,0.0
2020-12-14 03:46:40-03:00,0.0
2020-12-14 03:51:40-03:00,0.0
2020-12-14 03:56:40-03:00,0.0
2020-12-14 04:01:41-03:00,0.0
2020-12-14 04:06:41-03:00,0.0
2020-12-14 04:11:41-03:00,0.0
2020-12-14 04:16:42-03:00,0.0
2020-12-14 04:21:42-03:00,0.0
2020-12-14 04:26:42-03:00,0.0
2020-12-14 04:31:42-03:00,0.0
2020-12-14 04:36:43-03:00,0.0
2020-12-14 04:41:43-03:00,0.0
2020-12-14 04:46:43-03:00,0.0
2020-12-14 04:51:44-03:00,0.0
2020-12-14 04:56:44-03:00,0.0
2020-12-14 05:01:44-03:00,0.0
2020-12-14 05:06:45-03:00,0.0
2020-12-14 05:11:45-03:00,0.0
2020-12-14 05:16:45-03:00,0.0
2020-12-14 05:21:46-03:00,0.0
2020-12-14 05:26:46-03:00,0.0
2020-12-14 05:31:46-03:00,0.0
2020-12-14 05:36:47-03:00,0.0
2020-12-14 05:41:47-03:00,0.0
2020-12-14 05:46:47-03:00,6.0
2020-12-14 05:51:47-03:00,5.7
2020-12-14 05:56:48-03:00,5.7
2020-12-14 06:01:48-03:00,5.7
2020-12-14 06:06:48-03:00,5.7
2020-12-14 06:11:49-03:00,5.7
2020-12-14 06:16:49-03:00,5.7
2020-12-14 06:21:49-03:00,5.7
2020-12-14 06:26:50-03:00,5.7
2020-12-14 06:31:50-03:00,0.0
2020-12-14 06:36:50-03:00,0.0
2020-12-14 06:41:51-03:00,0.0
2020-12-14 06:46:51-03:00,0.0
2020-12-14 06:51:51-03:00,0.0
2020-12-14 06:56:51-03:00,0.0
2020-12-14 07:01:52-03:00,0.0
2020-12-14 07:06:52-03:00,0.0
2020-12-14 07:11:52-03:00,0.0
2020-12-14 07:16:53-03:00,0.0
2020-12-14 07:21:53-03:00,0.0
2020-12-14 07:26:53-03:00,0.0
2020-12-14 07:31:54-03:00,0.0
2020-12-14 07:36:54-03:00,0.0
2020-12-14 07:41:54-03:00,0.0
2020-12-14 07:46:55-03:00,0.0
2020-12-14 07:51:55-03:00,0.0
2020-12-14 07:56:55-03:00,0.0
2020-12-14 08:01:55-03:00,0.0
2020-12-14 08:06:56-03:00,0.0
2020-12-14 08:11:56-03:00,0.0
2020-12-14 08:16:56-03:00,0.0
2020-12-14 08:21:57-03:00,0.0
2020-12-14 08:26:57-03:00,0.0
2020-12-14 08:31:57-03:00,0.0
2020-12-14 08:36:58-03:00,0.0
2020-12-14 08:41:58-03:00,0.0
2020-12-14 08:46:58-03:00,0.0
2020-12-14 08:51:59-03:00,0.0
2020-12-14 08:56:59-03:00,0.0
2020-12-14 09:01:59-03:00,5.7
2020-12-14 09:06:59-03:00,5.7
2020-12-14 09:12:00-03:00,5.7
2020-12-14 09:17:00-03:00,5.7
2020-12-14 09:22:00-03:00,5.7
2020-12-14 09:27:01-03:00,5.7
2020-12-14 09:32:01-03:00,5.8
2020-12-14 09:37:01-03:00,5.6
2020-12-14 09:42:02-03:00,5.6
2020-12-14 09:47:02-03:00,5.6
2020-12-14 09:52:02-03:00,5.6
2020-12-14 09:57:03-03:00,5.6
2020-12-14 10:02:03-03:00,5.6
2020-12-14 10:07:03-03:00,5.6
2020-12-14 10:12:03-03:00,5.6
2020-12-14 10:17:04-03:00,0.0
2020-12-14 10:22:04-03:00,0.0
2020-12-14 10:27:04-03:00,0.0
2020-12-14 10:32:05-03:00,0.0
2020-12-14 10:37:05-03:00,0.0
2020-12-14 10:42:05-03:00,0.0
2020-12-14 10:47:06-03:00,0.0
2020-12-14 10:52:06-03:00,0.0
2020-12-14 10:57:06-03:00,0.0
2020-12-14 11:02:07-03:00,0.0
2020-12-14 11:07:07-03:00,0.0
2020-12-14 11:12:07-03:00,0.0
2020-12-14 11:17:08-03:00,0.0
2020-12-14 11:22:08-03:00,0.0
2020-12-14 11:27:08-03:00,0.0
2020-12-14 11:32:08-03:00,0.0
2020-12-14 11:37:09-03:00,5.7
2020-12-14 11:42:09-03:00,5.6
2020-12-14 11:47:09-03:00,5.6
2020-12-14 11:52:10-03:00,5.6
2020-12-14 11:57:10-03:00,5.7
2020-12-14 12:02:10-03:00,5.6
2020-12-14 12:07:11-03:00,5.5
2020-12-14 12:12:11-03:00,5.5
2020-12-14 12:17:11-03:00,5.5
2020-12-14 12:22:12-03:00,5.5
2020-12-14 12:27:12-03:00,5.4
2020-12-14 12:32:12-03:00,5.4
2020-12-14 12:37:12-03:00,5.4
2020-12-14 12:42:13-03:00,0.0
2020-12-14 12:47:13-03:00,0.0
2020-12-14 12:52:13-03:00,0.0
2020-12-14 12:57:14-03:00,0.0
2020-12-14 13:02:14-03:00,0.0
2020-12-14 13:07:14-03:00,0.0
2020-12-14 13:12:15-03:00,0.0
2020-12-14 13:17:15-03:00,0.0
2020-12-14 13:22:15-03:00,0.0
2020-12-14 13:27:16-03:00,0.0
2020-12-14 13:32:16-03:00,0.0
2020-12-14 13:37:16-03:00,0.0
2020-12-14 13:42:16-03:00,0.0
2020-12-14 13:47:17-03:00,0.0
2020-12-14 13:52:17-03:00,0.0
2020-12-14 13:57:17-03:00,5.8
2020-12-14 14:02:18-03:00,5.6
2020-12-14 14:07:18-03:00,5.6
2020-12-14 14:12:18-03:00,5.6
2020-12-14 14:17:19-03:00,5.6
2020-12-14 14:22:19-03:00,5.5
2020-12-14 14:27:19-03:00,5.4
2020-12-14 14:32:20-03:00,5.4
2020-12-14 14:37:20-03:00,5.4
2020-12-14 14:42:20-03:00,0.0
2020-12-14 14:47:20-03:00,0.0
2020-12-14 14:52:21-03:00,0.0
2020-12-14 14:57:21-03:00,0.0
2020-12-14 15:02:21-03:00,0.0
2020-12-14 15:07:22-03:00,0.0
2020-12-14 15:12:22-03:00,0.0
2020-12-14 15:17:22-03:00,0.0
2020-12-14 15:22:23-03:00,0.0
2020-12-14 15:27:23-03:00,0.0
2020-12-14 15:32:23-03:00,0.0
2020-12-14 15:37:24-03:00,6.0
2020-12-14 15:42:24-03:00,5.6
2020-12-14 15:47:24-03:00,5.6
2020-12-14 15:52:24-03:00,5.7
2020-12-14 15:57:25-03:00,5.5
2020-12-14 16:02:25-03:00,5.4
2020-12-14 16:07:25-03:00,5.4
2020-12-14 16:12:26-03:00,0.0
2020-12-14 16:17:26-03:00,0.0
2020-12-14 16:22:26-03:00,0.0
2020-12-14 16:27:27-03:00,0.0
2020-12-14 16:32:27-03:00,0.0
2020-12-14 16:37:27-03:00,0.0
2020-12-14 16:42:28-03:00,0.0
2020-12-14 16:47:28-03:00,0.0
2020-12-14 16:52:28-03:00,0.0
2020-12-14 16:57:28-03:00,0.0
2020-12-14 17:02:29-03:00,5.8
2020-12-14 17:07:29-03:00,5.5
2020-12-14 17:12:29-03:00,5.5
2020-12-14 17:17:30-03:00,5.6
2020-12-14 17:22:30-03:00,5.4
2020-12-14 17:27:30-03:00,5.4
2020-12-14 17:32:31-03:00,0.0
2020-12-14 17:37:31-03:00,0.0
2020-12-14 17:42:31-03:00,0.0
2020-12-14 17:47:32-03:00,0.0
2020-12-14 17:52:32-03:00,0.0
2020-12-14 17:57:32-03:00,0.0
2020-12-14 18:02:32-03:00,0.0
2020-12-14 18:07:33-03:00,0.0
2020-12-14 18:12:33-03:00,5.6
2020-12-14 18:17:33-03:00,5.6
2020-12-14 18:22:34-03:00,5.6
2020-12-14 18:27:34-03:00,5.5
2020-12-14 18:32:34-03:00,5.4
2020-12-14 18:37:35-03:00,0.0
2020-12-14 18:42:35-03:00,0.0
2020-12-14 18:47:35-03:00,0.0
2020-12-14 18:52:36-03:00,0.0
2020-12-14 18:57:36-03:00,5.5
2020-12-14 19:02:36-03:00,5.4
2020-12-14 19:07:36-03:00,5.4
2020-12-14 19:12:37-03:00,0.0
2020-12-14 19:17:37-03:00,0.0
2020-12-14 19:22:37-03:00,0.0
2020-12-14 19:27:38-03:00,8.5
2020-12-14 19:32:38-03:00,5.4
2020-12-14 19:37:38-03:00,5.4
2020-12-14 19:42:39-03:00,5.3
2020-12-14 19:47:39-03:00,0.0
2020-12-14 19:52:39-03:00,0.0
2020-12-14 19:57:40-03:00,0.0
2020-12-14 20:02:40-03:00,5.4
2020-12-14 20:07:40-03:00,5.3
2020-12-14 20:12:40-03:00,5.1
2020-12-14 20:17:41-03:00,0.0
2020-12-14 20:22:41-03:00,5.2
2020-12-14 20:27:41-03:00,0.0
2020-12-14 20:32:42-03:00,5.2
2020-12-14 20:37:42-03:00,0.0
2020-12-14 20:42:42-03:00,0.0
2020-12-14 20:47:43-03:00,5.3
2020-12-14 20:52:43-03:00,0.0
2020-12-14 20:57:43-03:00,5.2
2020-12-14 21:02:44-03:00,0.0
2020-12-14 21:07:44-03:00,5.2
2020-12-14 21:12:44-03:00,17.5
2020-12-14 21:17:44-03:00,0.0
2020-12-14 21:18:21-03:00,5.2
2020-12-14 21:22:45-03:00,5.4
2020-12-14 21:27:45-03:00,0.0
2020-12-14 21:32:45-03:00,5.2
2020-12-14 21:37:46-03:00,0.0
2020-12-14 21:42:46-03:00,5.2
2020-12-14 21:47:46-03:00,0.0
2020-12-14 21:52:47-03:00,5.2
2020-12-14 21:57:47-03:00,5.4
2020-12-14 22:02:47-03:00,0.0
2020-12-14 22:07:48-03:00,5.2
2020-12-14 22:12:48-03:00,0.0
2020-12-14 22:17:48-03:00,5.2
2020-12-14 22:22:49-03:00,0.0
2020-12-14 22:27:49-03:00,5.2
2020-12-14 22:32:49-03:00,5.4
2020-12-14 22:37:49-03:00,0.0
2020-12-14 22:42:50-03:00,5.2
2020-12-14 22:47:50-03:00,0.0
2020-12-14 22:52:50-03:00,5.2
2020-12-14 22:57:51-03:00,0.0
2020-12-14 23:02:51-03:00,0.0
2020-12-14 23:07:51-03:00,5.4
2020-12-14 23:12:52-03:00,0.0
2020-12-14 23:17:52-03:00,5.2
2020-12-14 23:22:52-03:00,0.0
2020-12-14 23:27:52-03:00,5.2
2020-12-14 23:32:53-03:00,0.0
2020-12-14 23:37:53-03:00,5.2
2020-12-14 23:42:53-03:00,0.0
2020-12-14 23:47:54-03:00,0.0
2020-12-14 23:52:54-03:00,0.0
2020-12-14 23:57:54-03:00,5.3
2020-12-15 00:02:55-03:00,0.0
2020-12-15 00:07:55-03:00,0.0
2020-12-15 00:12:55-03:00,3.7
2020-12-15 00:17:56-03:00,5.5
2020-12-15 00:22:56-03:00,5.5
2020-12-15 00:27:56-03:00,5.4
2020-12-15 00:32:56-03:00,0.0
2020-12-15 00:37:57-03:00,0.0
2020-12-15 00:42:57-03:00,0.0
2020-12-15 00:47:57-03:00,0.0
2020-12-15 00:52:58-03:00,0.0
2020-12-15 00:57:58-03:00,0.0
2020-12-15 01:02:58-03:00,0.0
2020-12-15 01:07:59-03:00,0.0
2020-12-15 01:12:59-03:00,0.0
2020-12-15 01:17:59-03:00,0.0
2020-12-15 01:23:00-03:00,0.0
2020-12-15 01:28:00-03:00,0.0
2020-12-15 01:33:00-03:00,0.0
2020-12-15 01:38:01-03:00,0.0
2020-12-15 01:43:01-03:00,0.0
2020-12-15 01:48:01-03:00,5.6
2020-12-15 01:53:01-03:00,5.5
2020-12-15 01:58:02-03:00,5.5
2020-12-15 02:03:02-03:00,5.5
2020-12-15 02:08:02-03:00,5.4
2020-12-15 02:13:03-03:00,5.4
2020-12-15 02:18:03-03:00,0.0
2020-12-15 02:23:03-03:00,0.0
2020-12-15 02:28:04-03:00,0.0
2020-12-15 02:33:04-03:00,0.0
2020-12-15 02:38:04-03:00,0.0
2020-12-15 02:43:05-03:00,0.0
2020-12-15 02:48:05-03:00,0.0
2020-12-15 02:53:05-03:00,0.0
2020-12-15 02:58:05-03:00,0.0
2020-12-15 03:03:06-03:00,0.0
2020-12-15 03:08:06-03:00,0.0
2020-12-15 03:13:06-03:00,0.0
2020-12-15 03:18:07-03:00,0.0
2020-12-15 03:23:07-03:00,0.0
2020-12-15 03:28:07-03:00,0.0
2020-12-15 03:33:08-03:00,0.0
2020-12-15 03:38:08-03:00,0.0
2020-12-15 03:43:08-03:00,0.0
2020-12-15 03:48:09-03:00,0.0
2020-12-15 03:53:09-03:00,0.0
2020-12-15 03:58:09-03:00,0.0
2020-12-15 04:03:09-03:00,0.0
2020-12-15 04:08:10-03:00,0.0
2020-12-15 04:13:10-03:00,0.0
2020-12-15 04:18:10-03:00,0.0
2020-12-15 04:23:11-03:00,0.0
2020-12-15 04:28:11-03:00,0.0
2020-12-15 04:33:11-03:00,0.0
2020-12-15 04:38:12-03:00,0.0
2020-12-15 04:43:12-03:00,0.0
2020-12-15 04:48:12-03:00,0.0
2020-12-15 04:53:13-03:00,0.0
2020-12-15 04:58:13-03:00,0.0
2020-12-15 05:03:13-03:00,0.0
2020-12-15 05:08:13-03:00,0.0
2020-12-15 05:13:14-03:00,0.0
2020-12-15 05:18:14-03:00,0.0
2020-12-15 05:23:14-03:00,0.0
2020-12-15 05:28:15-03:00,0.0
2020-12-15 05:33:15-03:00,0.0
2020-12-15 05:38:15-03:00,0.0
2020-12-15 05:43:16-03:00,0.0
2020-12-15 05:48:16-03:00,0.0
2020-12-15 05:53:16-03:00,0.0
2020-12-15 05:58:17-03:00,0.0
2020-12-15 06:03:17-03:00,0.0
2020-12-15 06:08:17-03:00,0.0
2020-12-15 06:13:17-03:00,0.0
2020-12-15 06:18:18-03:00,0.0
2020-12-15 06:23:18-03:00,5.5
2020-12-15 06:28:18-03:00,5.5
2020-12-15 06:33:19-03:00,5.5
2020-12-15 06:38:19-03:00,5.5
2020-12-15 06:43:19-03:00,5.5
2020-12-15 06:48:20-03:00,5.5
2020-12-15 06:53:20-03:00,5.5
2020-12-15 06:58:20-03:00,5.5
2020-12-15 07:03:21-03:00,5.5
2020-12-15 07:08:21-03:00,5.4
2020-12-15 07:13:21-03:00,0.0
2020-12-15 07:18:21-03:00,0.0
2020-12-15 07:23:22-03:00,0.0
2020-12-15 07:28:22-03:00,0.0
2020-12-15 07:33:22-03:00,0.0
2020-12-15 07:38:23-03:00,0.0
2020-12-15 07:43:23-03:00,0.0
2020-12-15 07:48:23-03:00,0.0
2020-12-15 07:53:24-03:00,0.0
2020-12-15 07:58:24-03:00,0.0
2020-12-15 08:03:24-03:00,0.0
2020-12-15 08:08:25-03:00,0.0
2020-12-15 08:13:25-03:00,0.0
2020-12-15 08:18:25-03:00,0.0
2020-12-15 08:23:25-03:00,0.0
2020-12-15 08:28:26-03:00,0.0
2020-12-15 08:33:26-03:00,0.0
2020-12-15 08:38:26-03:00,0.0
2020-12-15 08:43:27-03:00,0.0
2020-12-15 08:48:27-03:00,0.0
2020-12-15 08:53:27-03:00,0.0
2020-12-15 08:58:28-03:00,5.6
2020-12-15 09:03:28-03:00,5.5
2020-12-15 09:08:28-03:00,5.5
2020-12-15 09:13:29-03:00,5.5
2020-12-15 09:18:29-03:00,5.5
2020-12-15 09:23:29-03:00,5.5
2020-12-15 09:28:29-03:00,5.6
2020-12-15 09:33:30-03:00,5.4
2020-12-15 09:38:30-03:00,5.4
2020-12-15 09:43:30-03:00,5.4
2020-12-15 09:48:31-03:00,0.0
2020-12-15 09:53:31-03:00,0.0
2020-12-15 09:58:31-03:00,0.0
2020-12-15 10:03:32-03:00,0.0
2020-12-15 10:08:32-03:00,0.0
2020-12-15 10:13:32-03:00,0.0
2020-12-15 10:18:33-03:00,0.0
2020-12-15 10:23:33-03:00,0.0
2020-12-15 10:28:33-03:00,0.0
2020-12-15 10:33:33-03:00,0.0
2020-12-15 10:38:34-03:00,0.0
2020-12-15 10:43:34-03:00,0.0
2020-12-15 10:48:34-03:00,5.5
2020-12-15 10:53:35-03:00,5.4
2020-12-15 10:58:35-03:00,0.0
2020-12-15 11:03:34-03:00,0.0
2020-12-15 11:08:35-03:00,5.4
2020-12-15 11:13:35-03:00,5.4
2020-12-15 11:18:35-03:00,5.4
2020-12-15 11:23:36-03:00,5.4
2020-12-15 11:28:36-03:00,0.0
2020-12-15 11:33:36-03:00,0.0
2020-12-15 11:38:37-03:00,0.0
2020-12-15 11:43:37-03:00,5.5
2020-12-15 11:48:37-03:00,5.4
2020-12-15 11:53:38-03:00,5.4
2020-12-15 11:58:38-03:00,0.0
2020-12-15 12:03:38-03:00,0.0
2020-12-15 12:08:38-03:00,5.6
2020-12-15 12:13:39-03:00,5.4
2020-12-15 12:18:39-03:00,0.0
2020-12-15 12:23:39-03:00,0.0
2020-12-15 12:28:40-03:00,5.6
2020-12-15 12:33:40-03:00,0.0
2020-12-15 12:38:40-03:00,0.0
2020-12-15 12:43:41-03:00,5.8
2020-12-15 12:48:41-03:00,5.5
2020-12-15 12:53:41-03:00,0.0
2020-12-15 12:58:42-03:00,0.0
2020-12-15 13:03:42-03:00,0.0
2020-12-15 13:08:42-03:00,0.0
2020-12-15 13:13:43-03:00,5.7
2020-12-15 13:18:44-03:00,0.0
2020-12-15 13:23:44-03:00,5.5
2020-12-15 13:28:44-03:00,0.0
2020-12-15 13:33:45-03:00,0.0
2020-12-15 13:38:45-03:00,10.7
2020-12-15 13:43:46-03:00,0.0
2020-12-15 13:48:46-03:00,5.7
2020-12-15 13:53:46-03:00,0.0
2020-12-15 13:58:47-03:00,5.6
2020-12-15 14:03:47-03:00,0.0
2020-12-15 14:08:47-03:00,5.5
2020-12-15 14:13:48-03:00,0.0
2020-12-15 14:18:48-03:00,0.0
2020-12-15 14:23:48-03:00,5.7
2020-12-15 14:28:48-03:00,0.0
2020-12-15 14:33:49-03:00,5.5
2020-12-15 14:38:49-03:00,0.0
2020-12-15 14:43:49-03:00,0.0
2020-12-15 14:48:50-03:00,111.1
2020-12-15 14:53:50-03:00,0.0
2020-12-15 14:58:50-03:00,5.7
2020-12-15 15:03:51-03:00,0.0
2020-12-15 15:08:51-03:00,5.6
2020-12-15 15:13:51-03:00,0.0
2020-12-15 15:18:52-03:00,0.0
2020-12-15 15:23:52-03:00,0.0
2020-12-15 15:28:52-03:00,0.0
2020-12-15 15:33:52-03:00,5.7
2020-12-15 15:38:53-03:00,0.0
2020-12-15 15:43:53-03:00,5.6
2020-12-15 15:48:53-03:00,0.0
2020-12-15 15:53:54-03:00,0.0
2020-12-15 15:58:54-03:00,5.8
2020-12-15 16:03:54-03:00,0.0
2020-12-15 16:08:55-03:00,5.6
2020-12-15 16:13:55-03:00,0.0
2020-12-15 16:18:55-03:00,5.6
2020-12-15 16:23:56-03:00,0.0
2020-12-15 16:28:56-03:00,0.0
2020-12-15 16:33:56-03:00,5.7
2020-12-15 16:38:57-03:00,0.0
2020-12-15 16:43:57-03:00,5.6
2020-12-15 16:48:57-03:00,0.0
2020-12-15 16:53:58-03:00,5.6
2020-12-15 16:58:58-03:00,0.0
2020-12-15 17:03:58-03:00,0.0
2020-12-15 17:08:59-03:00,5.7
2020-12-15 17:13:59-03:00,0.0
2020-12-15 17:18:59-03:00,5.6
2020-12-15 17:23:59-03:00,0.0
2020-12-15 17:29:00-03:00,0.0
2020-12-15 17:34:00-03:00,7.7
2020-12-15 17:39:01-03:00,0.0
2020-12-15 17:44:01-03:00,5.7
2020-12-15 17:49:01-03:00,0.0
2020-12-15 17:54:01-03:00,5.6
2020-12-15 17:59:02-03:00,0.0
2020-12-15 18:04:02-03:00,5.5
2020-12-15 18:09:02-03:00,0.0
2020-12-15 18:14:03-03:00,0.0
2020-12-15 18:19:03-03:00,5.8
2020-12-15 18:24:03-03:00,0.0
2020-12-15 18:29:04-03:00,5.7
2020-12-15 18:34:04-03:00,0.0
2020-12-15 18:39:04-03:00,5.5
2020-12-15 18:44:05-03:00,0.0
2020-12-15 18:49:05-03:00,5.5
2020-12-15 18:54:05-03:00,0.0
2020-12-15 18:59:05-03:00,0.0
2020-12-15 19:04:06-03:00,8.0
2020-12-15 19:09:06-03:00,0.0
2020-12-15 19:14:06-03:00,5.7
2020-12-15 19:19:07-03:00,0.0
2020-12-15 19:24:07-03:00,5.7
2020-12-15 19:29:07-03:00,0.0
2020-12-15 19:34:08-03:00,5.5
2020-12-15 19:39:08-03:00,0.0
2020-12-15 19:44:09-03:00,5.5
2020-12-15 19:49:09-03:00,0.0
2020-12-15 19:54:09-03:00,5.5
2020-12-15 19:59:10-03:00,0.0
2020-12-15 20:04:10-03:00,0.0
2020-12-15 20:09:10-03:00,0.0
2020-12-15 20:14:11-03:00,0.0
2020-12-15 20:19:11-03:00,0.0
2020-12-15 20:24:11-03:00,0.0
2020-12-15 20:29:11-03:00,0.0
2020-12-15 20:34:12-03:00,142.8
2020-12-15 20:39:12-03:00,0.0
2020-12-15 20:44:12-03:00,5.8
2020-12-15 20:49:13-03:00,0.0
2020-12-15 20:54:13-03:00,5.6
2020-12-15 20:59:13-03:00,0.0
2020-12-15 21:04:14-03:00,5.7
2020-12-15 21:09:14-03:00,0.0
2020-12-15 21:14:14-03:00,5.6
2020-12-15 21:19:15-03:00,0.0
2020-12-15 21:24:15-03:00,5.6
2020-12-15 21:29:15-03:00,0.0
2020-12-15 21:34:16-03:00,5.7
2020-12-15 21:39:16-03:00,0.0
2020-12-15 21:44:16-03:00,5.7
2020-12-15 21:49:17-03:00,0.0
2020-12-15 21:54:17-03:00,5.7
2020-12-15 21:59:17-03:00,0.0
2020-12-15 22:04:18-03:00,5.7
2020-12-15 22:09:18-03:00,0.0
2020-12-15 22:14:18-03:00,5.7
2020-12-15 22:19:19-03:00,0.0
2020-12-15 22:24:19-03:00,5.7
2020-12-15 22:29:19-03:00,0.0
2020-12-15 22:34:19-03:00,5.6
2020-12-15 22:39:20-03:00,0.0
2020-12-15 22:44:20-03:00,5.5
2020-12-15 22:49:20-03:00,0.0
2020-12-15 22:54:21-03:00,5.5
2020-12-15 22:59:21-03:00,0.0
2020-12-15 23:04:21-03:00,5.5
2020-12-15 23:09:22-03:00,0.0
2020-12-15 23:14:22-03:00,0.0
2020-12-15 23:19:22-03:00,0.0
2020-12-15 23:24:23-03:00,0.0
2020-12-15 23:29:23-03:00,0.0
2020-12-15 23:34:24-03:00,0.0
2020-12-15 23:39:24-03:00,0.0
2020-12-15 23:44:24-03:00,0.0
2020-12-15 23:49:25-03:00,0.0
2020-12-15 23:54:25-03:00,0.0
2020-12-15 23:59:25-03:00,0.0
2020-12-16 00:04:26-03:00,0.0
2020-12-16 00:09:26-03:00,0.0
2020-12-16 00:14:26-03:00,0.0
2020-12-16 00:19:27-03:00,0.0
2020-12-16 00:24:27-03:00,0.0
2020-12-16 00:29:27-03:00,0.0
2020-12-16 00:34:27-03:00,0.0
2020-12-16 00:39:28-03:00,0.0
2020-12-16 00:44:28-03:00,0.0
2020-12-16 00:49:28-03:00,5.7
2020-12-16 00:54:29-03:00,0.0
2020-12-16 00:59:29-03:00,5.6
2020-12-16 01:04:29-03:00,0.0
2020-12-16 01:09:30-03:00,5.5
2020-12-16 01:14:30-03:00,0.0
2020-12-16 01:19:30-03:00,5.5
2020-12-16 01:24:31-03:00,0.0
2020-12-16 01:29:31-03:00,0.0
2020-12-16 01:34:31-03:00,0.0
2020-12-16 01:39:32-03:00,0.0
2020-12-16 01:44:32-03:00,0.0
2020-12-16 01:49:32-03:00,0.0
2020-12-16 01:54:33-03:00,5.7
2020-12-16 01:59:33-03:00,0.0
2020-12-16 02:04:33-03:00,5.6
2020-12-16 02:09:34-03:00,0.0
2020-12-16 02:14:34-03:00,5.5
2020-12-16 02:19:34-03:00,0.0
2020-12-16 02:24:35-03:00,0.0
2020-12-16 02:29:35-03:00,0.0
2020-12-16 02:34:35-03:00,0.0
2020-12-16 02:39:35-03:00,0.0
2020-12-16 02:44:36-03:00,0.0
2020-12-16 02:49:36-03:00,5.7
2020-12-16 02:54:36-03:00,0.0
2020-12-16 02:59:37-03:00,5.6
2020-12-16 03:04:37-03:00,0.0
2020-12-16 03:09:37-03:00,5.5
2020-12-16 03:14:38-03:00,0.0
2020-12-16 03:19:38-03:00,0.0
2020-12-16 03:24:38-03:00,0.0
2020-12-16 03:29:39-03:00,0.0
2020-12-16 03:34:39-03:00,5.7
2020-12-16 03:39:39-03:00,0.0
2020-12-16 03:44:39-03:00,5.7
2020-12-16 03:49:40-03:00,0.0
2020-12-16 03:54:40-03:00,5.5
2020-12-16 03:59:40-03:00,0.0
2020-12-16 04:04:41-03:00,5.5
2020-12-16 04:09:41-03:00,0.0
2020-12-16 04:14:41-03:00,0.0
2020-12-16 04:19:42-03:00,0.0
2020-12-16 04:24:42-03:00,0.0
2020-12-16 04:29:42-03:00,5.8
2020-12-16 04:34:43-03:00,0.0
2020-12-16 04:39:43-03:00,5.7
2020-12-16 04:44:43-03:00,0.0
2020-12-16 04:49:43-03:00,5.6
2020-12-16 04:54:44-03:00,0.0
2020-12-16 04:59:44-03:00,5.5
2020-12-16 05:04:44-03:00,0.0
2020-12-16 05:09:45-03:00,0.0
2020-12-16 05:14:45-03:00,0.0
2020-12-16 05:19:45-03:00,0.0
2020-12-16 05:24:46-03:00,0.0
2020-12-16 05:29:47-03:00,0.0
2020-12-16 05:34:47-03:00,0.0
2020-12-16 05:39:47-03:00,0.0
2020-12-16 05:44:47-03:00,5.6
2020-12-16 05:49:48-03:00,5.6
2020-12-16 05:54:48-03:00,5.6
2020-12-16 05:59:48-03:00,5.6
2020-12-16 06:04:49-03:00,0.0
2020-12-16 06:09:49-03:00,0.0
2020-12-16 06:14:49-03:00,0.0
2020-12-16 06:19:49-03:00,0.0
2020-12-16 06:24:50-03:00,0.0
2020-12-16 06:29:50-03:00,0.0
2020-12-16 06:34:50-03:00,0.0
2020-12-16 06:39:51-03:00,0.0
2020-12-16 06:44:51-03:00,0.0
2020-12-16 06:49:51-03:00,0.0
2020-12-16 06:54:52-03:00,0.0
2020-12-16 06:59:52-03:00,0.0
2020-12-16 07:04:52-03:00,0.0
2020-12-16 07:09:53-03:00,0.0
2020-12-16 07:14:53-03:00,0.0
2020-12-16 07:19:53-03:00,0.0
2020-12-16 07:24:53-03:00,5.9
2020-12-16 07:29:54-03:00,5.6
2020-12-16 07:34:54-03:00,5.6
2020-12-16 07:39:54-03:00,5.6
2020-12-16 07:44:55-03:00,5.6
2020-12-16 07:49:55-03:00,5.5
2020-12-16 07:54:55-03:00,0.0
2020-12-16 07:59:56-03:00,0.0
2020-12-16 08:04:56-03:00,0.0
2020-12-16 08:09:56-03:00,0.0
2020-12-16 08:14:57-03:00,0.0
2020-12-16 08:19:57-03:00,0.0
2020-12-16 08:24:57-03:00,0.0
2020-12-16 08:29:58-03:00,0.0
2020-12-16 08:34:58-03:00,0.0
2020-12-16 08:39:58-03:00,0.0
2020-12-16 08:44:59-03:00,5.7
2020-12-16 08:49:59-03:00,5.6
2020-12-16 08:54:59-03:00,5.6
2020-12-16 08:59:59-03:00,5.5
2020-12-16 09:05:00-03:00,5.5
2020-12-16 09:10:00-03:00,0.0
2020-12-16 09:15:00-03:00,0.0
2020-12-16 09:20:01-03:00,0.0
2020-12-16 09:25:01-03:00,0.0
2020-12-16 09:30:01-03:00,0.0
2020-12-16 09:35:02-03:00,0.0
2020-12-16 09:40:02-03:00,0.0
2020-12-16 09:45:02-03:00,5.6
2020-12-16 09:50:03-03:00,5.6
2020-12-16 09:55:03-03:00,5.5
2020-12-16 10:00:03-03:00,5.5
2020-12-16 10:05:04-03:00,0.0
2020-12-16 10:10:04-03:00,0.0
2020-12-16 10:15:04-03:00,0.0
2020-12-16 10:20:04-03:00,0.0
2020-12-16 10:25:05-03:00,0.0
2020-12-16 10:30:05-03:00,0.0
2020-12-16 10:35:05-03:00,8.8
2020-12-16 10:40:06-03:00,5.6
2020-12-16 10:45:06-03:00,5.6
2020-12-16 10:50:06-03:00,5.5
2020-12-16 10:55:07-03:00,0.0
2020-12-16 11:00:07-03:00,0.0
2020-12-16 11:05:07-03:00,0.0
2020-12-16 11:10:08-03:00,0.0
2020-12-16 11:15:08-03:00,0.0
2020-12-16 11:20:08-03:00,5.6
2020-12-16 11:25:08-03:00,5.6
2020-12-16 11:30:09-03:00,5.5
2020-12-16 11:35:09-03:00,0.0
2020-12-16 11:40:10-03:00,0.0
2020-12-16 11:45:10-03:00,0.0
2020-12-16 11:50:10-03:00,5.7
2020-12-16 11:55:11-03:00,5.5
2020-12-16 12:00:11-03:00,5.5
2020-12-16 12:05:11-03:00,0.0
2020-12-16 12:10:11-03:00,0.0
2020-12-16 12:15:12-03:00,5.9
2020-12-16 12:20:12-03:00,5.6
2020-12-16 12:25:12-03:00,0.0
2020-12-16 12:30:13-03:00,0.0
2020-12-16 12:35:13-03:00,0.0
2020-12-16 12:40:13-03:00,5.6
2020-12-16 12:45:14-03:00,5.5
2020-12-16 12:50:14-03:00,0.0
2020-12-16 12:55:14-03:00,0.0
2020-12-16 13:00:15-03:00,0.0
2020-12-16 13:05:15-03:00,5.6
2020-12-16 13:10:15-03:00,5.5
2020-12-16 13:15:15-03:00,5.5
2020-12-16 13:20:16-03:00,0.0
2020-12-16 13:25:16-03:00,0.0
2020-12-16 13:30:16-03:00,0.0
2020-12-16 13:35:17-03:00,0.0
2020-12-16 13:40:17-03:00,0.0
2020-12-16 13:45:17-03:00,5.9
2020-12-16 13:50:18-03:00,0.0
2020-12-16 13:55:18-03:00,0.0
2020-12-16 14:00:18-03:00,3.9
2020-12-16 14:05:19-03:00,5.8
2020-12-16 14:10:19-03:00,5.7
2020-12-16 14:15:19-03:00,5.7
2020-12-16 14:20:20-03:00,5.6
2020-12-16 14:25:20-03:00,0.0
2020-12-16 14:30:20-03:00,5.6
2020-12-16 14:35:21-03:00,0.0
2020-12-16 14:40:21-03:00,0.0
2020-12-16 14:45:21-03:00,5.8
2020-12-16 14:50:21-03:00,0.0
2020-12-16 14:55:22-03:00,5.7
2020-12-16 15:00:22-03:00,0.0
2020-12-16 15:05:22-03:00,5.6
2020-12-16 15:10:23-03:00,0.0
2020-12-16 15:15:23-03:00,5.9
2020-12-16 15:20:23-03:00,5.7
2020-12-16 15:25:24-03:00,0.0
2020-12-16 15:30:24-03:00,0.0
2020-12-16 15:35:24-03:00,5.8
2020-12-16 15:40:25-03:00,5.6
2020-12-16 15:45:25-03:00,0.0
2020-12-16 15:50:25-03:00,0.0
2020-12-16 15:55:25-03:00,6.0
2020-12-16 16:00:26-03:00,5.7
2020-12-16 16:05:26-03:00,5.6
2020-12-16 16:10:26-03:00,0.0
2020-12-16 16:15:27-03:00,0.0
2020-12-16 16:20:27-03:00,0.0
2020-12-16 16:25:27-03:00,5.7
2020-12-16 16:30:28-03:00,5.7
2020-12-16 16:35:28-03:00,0.0
2020-12-16 16:40:28-03:00,0.0
2020-12-16 16:45:29-03:00,0.0
2020-12-16 16:50:29-03:00,6.0
2020-12-16 16:55:29-03:00,5.7
2020-12-16 17:00:29-03:00,5.7
2020-12-16 17:05:30-03:00,0.0
2020-12-16 17:10:30-03:00,0.0
2020-12-16 17:15:30-03:00,0.0
2020-12-16 17:20:31-03:00,5.7
2020-12-16 17:25:31-03:00,0.0
2020-12-16 17:30:31-03:00,0.0
2020-12-16 17:35:32-03:00,5.8
2020-12-16 17:40:32-03:00,5.6
2020-12-16 17:45:32-03:00,0.0
2020-12-16 17:50:33-03:00,0.0
2020-12-16 17:55:33-03:00,5.7
2020-12-16 18:00:33-03:00,0.0
2020-12-16 18:05:34-03:00,0.0
2020-12-16 18:10:34-03:00,0.0
2020-12-16 18:15:34-03:00,19.2
2020-12-16 18:20:34-03:00,0.0
2020-12-16 18:25:35-03:00,5.7
2020-12-16 18:30:35-03:00,0.0
2020-12-16 18:35:35-03:00,5.6
2020-12-16 18:40:36-03:00,0.0
2020-12-16 18:45:36-03:00,5.7
2020-12-16 18:50:36-03:00,0.0
2020-12-16 18:55:37-03:00,0.0
2020-12-16 19:00:37-03:00,5.8
2020-12-16 19:05:37-03:00,0.0
2020-12-16 19:10:38-03:00,5.7
2020-12-16 19:15:38-03:00,0.0
2020-12-16 19:20:38-03:00,5.6
2020-12-16 19:25:38-03:00,0.0
2020-12-16 19:30:39-03:00,0.0
2020-12-16 19:35:39-03:00,5.8
2020-12-16 19:40:39-03:00,0.0
2020-12-16 19:45:40-03:00,5.6
2020-12-16 19:50:40-03:00,0.0
2020-12-16 19:55:40-03:00,5.6
2020-12-16 20:00:41-03:00,0.0
2020-12-16 20:05:41-03:00,0.0
2020-12-16 20:10:41-03:00,5.8
2020-12-16 20:15:42-03:00,0.0
2020-12-16 20:20:42-03:00,5.7
2020-12-16 20:25:42-03:00,0.0
2020-12-16 20:30:42-03:00,5.6
2020-12-16 20:35:43-03:00,0.0
2020-12-16 20:40:43-03:00,0.0
2020-12-16 20:45:43-03:00,5.7
2020-12-16 20:50:44-03:00,0.0
2020-12-16 20:55:44-03:00,5.6
2020-12-16 21:00:44-03:00,0.0
2020-12-16 21:05:45-03:00,5.6
2020-12-16 21:10:45-03:00,58.8
2020-12-16 21:15:45-03:00,0.0
2020-12-16 21:20:45-03:00,5.8
2020-12-16 21:25:46-03:00,0.0
2020-12-16 21:30:46-03:00,5.6
2020-12-16 21:35:47-03:00,0.0
2020-12-16 21:40:47-03:00,0.0
2020-12-16 21:45:47-03:00,5.8
2020-12-16 21:50:47-03:00,0.0
2020-12-16 21:55:48-03:00,5.6
2020-12-16 22:00:48-03:00,0.0
2020-12-16 22:05:48-03:00,5.6
2020-12-16 22:10:49-03:00,0.0
2020-12-16 22:15:49-03:00,0.0
2020-12-16 22:20:49-03:00,5.8
2020-12-16 22:25:50-03:00,0.0
2020-12-16 22:30:50-03:00,5.6
2020-12-16 22:35:50-03:00,0.0
2020-12-16 22:40:50-03:00,5.6
2020-12-16 22:45:51-03:00,11.3
2020-12-16 22:50:51-03:00,0.0
2020-12-16 22:55:51-03:00,5.8
2020-12-16 23:00:52-03:00,0.0
2020-12-16 23:05:52-03:00,5.6
2020-12-16 23:10:52-03:00,0.0
2020-12-16 23:15:53-03:00,0.0
2020-12-16 23:20:53-03:00,8.4
2020-12-16 23:25:53-03:00,0.0
2020-12-16 23:30:54-03:00,5.7
2020-12-16 23:35:54-03:00,0.0
2020-12-16 23:40:54-03:00,5.6
2020-12-16 23:45:55-03:00,0.0
2020-12-16 23:50:55-03:00,0.0
2020-12-16 23:55:55-03:00,5.8
2020-12-17 00:00:56-03:00,0.0
2020-12-17 00:05:56-03:00,5.6
2020-12-17 00:10:56-03:00,0.0
2020-12-17 00:15:56-03:00,5.6
2020-12-17 00:20:57-03:00,0.0
2020-12-17 00:25:57-03:00,0.0
2020-12-17 00:30:57-03:00,5.8
2020-12-17 00:35:58-03:00,0.0
2020-12-17 00:40:58-03:00,5.6
2020-12-17 00:45:58-03:00,0.0
2020-12-17 00:50:59-03:00,5.6
2020-12-17 00:55:59-03:00,0.0
2020-12-17 01:00:59-03:00,0.0
2020-12-17 01:06:00-03:00,5.8
2020-12-17 01:11:00-03:00,0.0
2020-12-17 01:16:00-03:00,5.6
2020-12-17 01:21:01-03:00,0.0
2020-12-17 01:26:01-03:00,5.6
2020-12-17 01:31:01-03:00,0.0
2020-12-17 01:36:02-03:00,0.0
2020-12-17 01:41:02-03:00,9.2
2020-12-17 01:46:02-03:00,0.0
2020-12-17 01:51:02-03:00,0.0
2020-12-17 01:56:03-03:00,0.0
2020-12-17 02:01:03-03:00,0.0
2020-12-17 02:06:03-03:00,0.0
2020-12-17 02:11:04-03:00,0.0
2020-12-17 02:16:04-03:00,0.0
2020-12-17 02:21:04-03:00,0.0
2020-12-17 02:26:05-03:00,0.0
2020-12-17 02:31:05-03:00,0.0
2020-12-17 02:36:05-03:00,0.0
2020-12-17 02:41:06-03:00,0.0
2020-12-17 02:46:06-03:00,5.9
2020-12-17 02:51:06-03:00,5.7
2020-12-17 02:56:07-03:00,5.7
2020-12-17 03:01:07-03:00,5.7
2020-12-17 03:06:07-03:00,5.7
2020-12-17 03:11:07-03:00,5.7
2020-12-17 03:16:08-03:00,5.5
2020-12-17 03:21:08-03:00,0.0
2020-12-17 03:26:08-03:00,0.0
2020-12-17 03:31:09-03:00,0.0
2020-12-17 03:36:09-03:00,0.0
2020-12-17 03:41:09-03:00,0.0
2020-12-17 03:46:10-03:00,0.0
2020-12-17 03:51:10-03:00,0.0
2020-12-17 03:56:10-03:00,0.0
2020-12-17 04:01:11-03:00,0.0
2020-12-17 04:06:11-03:00,0.0
2020-12-17 04:11:11-03:00,0.0
2020-12-17 04:16:11-03:00,0.0
2020-12-17 04:21:12-03:00,0.0
2020-12-17 04:26:12-03:00,0.0
2020-12-17 04:31:12-03:00,0.0
2020-12-17 04:36:13-03:00,0.0
2020-12-17 04:41:13-03:00,0.0
2020-12-17 04:46:13-03:00,0.0
2020-12-17 04:51:14-03:00,0.0
2020-12-17 04:56:14-03:00,0.0
2020-12-17 05:01:14-03:00,0.0
2020-12-17 05:06:15-03:00,0.0
2020-12-17 05:11:15-03:00,0.0
2020-12-17 05:16:15-03:00,0.0
2020-12-17 05:21:15-03:00,0.0
2020-12-17 05:26:16-03:00,0.0
2020-12-17 05:31:16-03:00,0.0
2020-12-17 05:36:16-03:00,0.0
2020-12-17 05:41:17-03:00,0.0
2020-12-17 05:46:17-03:00,0.0
2020-12-17 05:51:17-03:00,0.0
2020-12-17 05:56:18-03:00,0.0
2020-12-17 06:01:18-03:00,0.0
2020-12-17 06:06:18-03:00,0.0
2020-12-17 06:11:19-03:00,0.0
2020-12-17 06:16:19-03:00,0.0
2020-12-17 06:21:19-03:00,0.0
2020-12-17 06:26:20-03:00,0.0
2020-12-17 06:31:20-03:00,0.0
2020-12-17 06:36:20-03:00,0.0
2020-12-17 06:41:21-03:00,0.0
2020-12-17 06:46:21-03:00,0.0
2020-12-17 06:51:21-03:00,0.0
2020-12-17 06:56:21-03:00,0.0
2020-12-17 07:01:22-03:00,0.0
2020-12-17 07:06:22-03:00,0.0
2020-12-17 07:11:22-03:00,5.7
2020-12-17 07:16:23-03:00,5.7
2020-12-17 07:21:23-03:00,5.7
2020-12-17 07:26:23-03:00,5.7
2020-12-17 07:31:24-03:00,5.6
2020-12-17 07:36:24-03:00,5.6
2020-12-17 07:41:25-03:00,5.8
2020-12-17 07:46:25-03:00,5.6
2020-12-17 07:51:25-03:00,5.5
2020-12-17 07:56:26-03:00,5.5
2020-12-17 08:01:26-03:00,0.0
2020-12-17 08:06:26-03:00,0.0
2020-12-17 08:11:26-03:00,0.0
2020-12-17 08:16:27-03:00,3.9
2020-12-17 08:21:27-03:00,5.8
2020-12-17 08:26:27-03:00,5.8
2020-12-17 08:31:28-03:00,5.7
2020-12-17 08:36:28-03:00,5.7
2020-12-17 08:41:28-03:00,0.0
2020-12-17 08:46:29-03:00,0.0
2020-12-17 08:51:29-03:00,0.0
2020-12-17 08:56:29-03:00,0.0
2020-12-17 09:01:29-03:00,0.0
2020-12-17 09:06:30-03:00,0.0
2020-12-17 09:11:30-03:00,0.0
2020-12-17 09:16:30-03:00,0.0
2020-12-17 09:21:31-03:00,0.0
2020-12-17 09:26:31-03:00,0.0
2020-12-17 09:31:31-03:00,0.0
2020-12-17 09:36:32-03:00,0.0
2020-12-17 09:41:32-03:00,0.0
2020-12-17 09:46:32-03:00,0.0
2020-12-17 09:51:33-03:00,0.0
2020-12-17 09:56:33-03:00,0.0
2020-12-17 10:01:33-03:00,0.0
2020-12-17 10:06:34-03:00,0.0
2020-12-17 10:11:34-03:00,0.0
2020-12-17 10:16:34-03:00,0.0
2020-12-17 10:21:34-03:00,5.8
2020-12-17 10:26:35-03:00,5.7
2020-12-17 10:31:35-03:00,5.7
2020-12-17 10:36:35-03:00,5.7
2020-12-17 10:41:36-03:00,5.7
2020-12-17 10:46:36-03:00,5.7
2020-12-17 10:51:36-03:00,5.7
2020-12-17 10:56:37-03:00,5.8
2020-12-17 11:01:37-03:00,5.6
2020-12-17 11:06:37-03:00,5.6
2020-12-17 11:11:38-03:00,5.6
2020-12-17 11:16:38-03:00,5.5
2020-12-17 11:21:38-03:00,5.4
2020-12-17 11:26:38-03:00,0.0
2020-12-17 11:31:39-03:00,0.0
2020-12-17 11:36:39-03:00,0.0
2020-12-17 11:41:40-03:00,0.0
2020-12-17 11:46:40-03:00,0.0
2020-12-17 11:51:40-03:00,0.0
2020-12-17 11:56:41-03:00,0.0
2020-12-17 12:01:41-03:00,0.0
2020-12-17 12:06:41-03:00,5.7
2020-12-17 12:11:41-03:00,5.7
2020-12-17 12:16:42-03:00,5.7
2020-12-17 12:21:42-03:00,5.6
2020-12-17 12:26:42-03:00,5.5
2020-12-17 12:31:42-03:00,5.5
2020-12-17 12:36:43-03:00,5.5
2020-12-17 12:41:43-03:00,0.0
2020-12-17 12:46:43-03:00,0.0
2020-12-17 12:51:44-03:00,0.0
2020-12-17 12:56:44-03:00,0.0
2020-12-17 13:01:44-03:00,5.8
2020-12-17 13:06:44-03:00,5.6
2020-12-17 13:11:45-03:00,5.5
2020-12-17 13:16:45-03:00,5.5
2020-12-17 13:21:46-03:00,0.0
2020-12-17 13:26:46-03:00,0.0
2020-12-17 13:31:46-03:00,0.0
2020-12-17 13:36:47-03:00,0.0
2020-12-17 13:41:47-03:00,5.7
2020-12-17 13:46:47-03:00,5.6
2020-12-17 13:51:48-03:00,5.5
2020-12-17 13:56:48-03:00,5.4
2020-12-17 14:01:48-03:00,0.0
2020-12-17 14:06:49-03:00,0.0
2020-12-17 14:11:49-03:00,0.0
2020-12-17 14:16:49-03:00,0.0
2020-12-17 14:21:49-03:00,0.0
2020-12-17 14:26:50-03:00,5.7
2020-12-17 14:31:50-03:00,5.6
2020-12-17 14:36:50-03:00,5.5
2020-12-17 14:41:51-03:00,5.5
2020-12-17 14:46:51-03:00,0.0
2020-12-17 14:51:51-03:00,0.0
2020-12-17 14:56:52-03:00,0.0
2020-12-17 15:01:52-03:00,0.0
2020-12-17 15:06:52-03:00,0.0
2020-12-17 15:11:53-03:00,0.0
2020-12-17 15:16:53-03:00,6.2
2020-12-17 15:21:53-03:00,5.6
2020-12-17 15:26:53-03:00,5.7
2020-12-17 15:31:54-03:00,5.5
2020-12-17 15:36:54-03:00,5.5
2020-12-17 15:41:54-03:00,0.0
2020-12-17 15:46:55-03:00,0.0
2020-12-17 15:51:55-03:00,0.0
2020-12-17 15:56:55-03:00,0.0
2020-12-17 16:01:56-03:00,0.0
2020-12-17 16:06:56-03:00,0.0
2020-12-17 16:11:56-03:00,0.0
2020-12-17 16:16:57-03:00,5.8
2020-12-17 16:21:57-03:00,5.6
2020-12-17 16:26:57-03:00,5.7
2020-12-17 16:31:57-03:00,5.5
2020-12-17 16:36:58-03:00,5.4
2020-12-17 16:41:58-03:00,0.0
2020-12-17 16:46:58-03:00,0.0
2020-12-17 16:51:59-03:00,0.0
2020-12-17 16:56:59-03:00,0.0
2020-12-17 17:01:59-03:00,0.0
2020-12-17 17:07:00-03:00,0.0
2020-12-17 17:12:00-03:00,0.0
2020-12-17 17:17:00-03:00,5.7
2020-12-17 17:22:01-03:00,5.6
2020-12-17 17:27:01-03:00,5.7
2020-12-17 17:32:01-03:00,5.5
2020-12-17 17:37:02-03:00,5.4
2020-12-17 17:42:02-03:00,0.0
2020-12-17 17:47:02-03:00,0.0
2020-12-17 17:52:03-03:00,0.0
2020-12-17 17:57:03-03:00,5.8
2020-12-17 18:02:03-03:00,5.6
2020-12-17 18:07:03-03:00,5.5
2020-12-17 18:12:04-03:00,5.4
2020-12-17 18:17:04-03:00,0.0
2020-12-17 18:22:04-03:00,0.0
2020-12-17 18:27:05-03:00,5.7
2020-12-17 18:32:05-03:00,5.5
2020-12-17 18:37:05-03:00,0.0
2020-12-17 18:42:06-03:00,0.0
2020-12-17 18:47:06-03:00,5.5
2020-12-17 18:52:06-03:00,5.5
2020-12-17 18:57:07-03:00,0.0
2020-12-17 19:02:07-03:00,5.5
2020-12-17 19:07:07-03:00,0.0
2020-12-17 19:12:08-03:00,5.5
2020-12-17 19:17:08-03:00,0.0
2020-12-17 19:22:08-03:00,0.0
2020-12-17 19:27:08-03:00,5.7
2020-12-17 19:32:09-03:00,0.0
2020-12-17 19:37:09-03:00,5.5
2020-12-17 19:42:09-03:00,0.0
2020-12-17 19:47:10-03:00,5.4
2020-12-17 19:52:10-03:00,0.0
2020-12-17 19:57:10-03:00,0.0
2020-12-17 20:02:11-03:00,5.7
2020-12-17 20:07:11-03:00,0.0
2020-12-17 20:12:11-03:00,5.5
2020-12-17 20:17:12-03:00,0.0
2020-12-17 20:22:12-03:00,5.5
2020-12-17 20:27:12-03:00,166.6
2020-12-17 20:32:12-03:00,0.0
2020-12-17 20:37:13-03:00,5.6
2020-12-17 20:42:13-03:00,0.0
2020-12-17 20:47:13-03:00,5.5
2020-12-17 20:52:14-03:00,0.0
2020-12-17 20:57:14-03:00,5.4
2020-12-17 21:02:14-03:00,5.8
2020-12-17 21:07:15-03:00,0.0
2020-12-17 21:12:15-03:00,5.5
2020-12-17 21:17:15-03:00,0.0
2020-12-17 21:22:16-03:00,5.5
2020-12-17 21:27:16-03:00,0.0
2020-12-17 21:32:16-03:00,5.5
2020-12-17 21:37:17-03:00,5.8
2020-12-17 21:42:17-03:00,0.0
2020-12-17 21:47:17-03:00,5.5
2020-12-17 21:52:17-03:00,0.0
2020-12-17 21:57:18-03:00,5.5
2020-12-17 22:02:18-03:00,0.0
2020-12-17 22:07:18-03:00,5.5
2020-12-17 22:12:19-03:00,5.7
2020-12-17 22:17:19-03:00,0.0
2020-12-17 22:22:19-03:00,5.5
2020-12-17 22:27:20-03:00,0.0
2020-12-17 22:32:20-03:00,5.4
2020-12-17 22:37:20-03:00,0.0
2020-12-17 22:42:21-03:00,5.4
2020-12-17 22:47:21-03:00,5.6
2020-12-17 22:52:21-03:00,0.0
2020-12-17 22:57:21-03:00,0.0
2020-12-17 23:02:22-03:00,3.9
2020-12-17 23:07:22-03:00,5.7
2020-12-17 23:12:22-03:00,5.7
2020-12-17 23:17:23-03:00,0.0
2020-12-17 23:22:23-03:00,5.6
2020-12-17 23:27:23-03:00,13.5
2020-12-17 23:32:24-03:00,0.0
2020-12-17 23:37:24-03:00,5.7
2020-12-17 23:42:24-03:00,0.0
2020-12-17 23:47:25-03:00,5.6
2020-12-17 23:52:25-03:00,0.0
2020-12-17 23:57:25-03:00,0.0
2020-12-18 00:02:25-03:00,5.7
2020-12-18 00:07:26-03:00,0.0
2020-12-18 00:12:26-03:00,5.6
2020-12-18 00:17:26-03:00,0.0
2020-12-18 00:22:27-03:00,0.0
2020-12-18 00:27:27-03:00,5.7
2020-12-18 00:32:27-03:00,0.0
2020-12-18 00:37:27-03:00,5.6
2020-12-18 00:42:27-03:00,0.0
2020-12-18 00:47:28-03:00,0.0
2020-12-18 00:52:28-03:00,5.8
2020-12-18 00:57:28-03:00,0.0
2020-12-18 01:02:29-03:00,5.7
2020-12-18 01:07:29-03:00,0.0
2020-12-18 01:12:29-03:00,0.0
2020-12-18 01:17:29-03:00,5.8
2020-12-18 01:22:30-03:00,0.0
2020-12-18 01:27:30-03:00,5.7
2020-12-18 01:32:30-03:00,0.0
2020-12-18 01:37:31-03:00,0.0
2020-12-18 01:42:31-03:00,5.8
2020-12-18 01:47:32-03:00,0.0
2020-12-18 01:52:32-03:00,5.7
2020-12-18 01:57:33-03:00,0.0
2020-12-18 02:02:33-03:00,5.7
2020-12-18 02:07:33-03:00,0.0
2020-12-18 02:12:34-03:00,0.0
2020-12-18 02:17:34-03:00,5.8
2020-12-18 02:22:34-03:00,0.0
2020-12-18 02:27:34-03:00,5.6
2020-12-18 02:32:35-03:00,0.0
2020-12-18 02:37:35-03:00,0.0
2020-12-18 02:42:35-03:00,5.8
2020-12-18 02:47:36-03:00,0.0
2020-12-18 02:52:36-03:00,5.7
2020-12-18 02:57:36-03:00,0.0
2020-12-18 03:02:37-03:00,5.6
2020-12-18 03:07:37-03:00,0.0
2020-12-18 03:12:37-03:00,0.0
2020-12-18 03:17:38-03:00,0.0
2020-12-18 03:22:38-03:00,0.0
2020-12-18 03:27:38-03:00,0.0
2020-12-18 03:32:39-03:00,0.0
2020-12-18 03:37:39-03:00,0.0
2020-12-18 03:42:39-03:00,0.0
2020-12-18 03:47:40-03:00,5.8
2020-12-18 03:52:40-03:00,5.8
2020-12-18 03:57:40-03:00,5.7
2020-12-18 04:02:40-03:00,5.8
2020-12-18 04:07:41-03:00,5.6
2020-12-18 04:12:41-03:00,0.0
2020-12-18 04:17:41-03:00,0.0
2020-12-18 04:22:42-03:00,0.0
2020-12-18 04:27:42-03:00,0.0
2020-12-18 04:32:42-03:00,0.0
2020-12-18 04:37:43-03:00,0.0
2020-12-18 04:42:43-03:00,0.0
2020-12-18 04:47:43-03:00,0.0
2020-12-18 04:52:44-03:00,0.0
2020-12-18 04:57:44-03:00,0.0
2020-12-18 05:02:44-03:00,0.0
2020-12-18 05:07:45-03:00,0.0
2020-12-18 05:12:45-03:00,0.0
2020-12-18 05:17:45-03:00,0.0
2020-12-18 05:22:45-03:00,0.0
2020-12-18 05:27:46-03:00,0.0
2020-12-18 05:32:46-03:00,0.0
2020-12-18 05:37:47-03:00,0.0
2020-12-18 05:42:47-03:00,0.0
2020-12-18 05:47:47-03:00,0.0
2020-12-18 05:52:47-03:00,0.0
2020-12-18 05:57:48-03:00,0.0
2020-12-18 06:02:48-03:00,0.0
2020-12-18 06:07:48-03:00,0.0
2020-12-18 06:12:49-03:00,0.0
2020-12-18 06:17:49-03:00,0.0
2020-12-18 06:22:49-03:00,0.0
2020-12-18 06:27:50-03:00,5.8
2020-12-18 06:32:50-03:00,5.8
2020-12-18 06:37:50-03:00,5.7
2020-12-18 06:42:51-03:00,5.7
2020-12-18 06:47:51-03:00,5.7
2020-12-18 06:52:51-03:00,5.7
2020-12-18 06:57:52-03:00,5.7
2020-12-18 07:02:52-03:00,5.8
2020-12-18 07:07:52-03:00,5.6
2020-12-18 07:12:52-03:00,5.6
2020-12-18 07:17:53-03:00,5.6
2020-12-18 07:22:53-03:00,0.0
2020-12-18 07:27:53-03:00,0.0
2020-12-18 07:32:54-03:00,0.0
2020-12-18 07:37:54-03:00,0.0
2020-12-18 07:42:54-03:00,0.0
2020-12-18 07:47:55-03:00,0.0
2020-12-18 07:52:55-03:00,0.0
2020-12-18 07:57:55-03:00,0.0
2020-12-18 08:02:56-03:00,0.0
2020-12-18 08:07:56-03:00,0.0
2020-12-18 08:12:56-03:00,0.0
2020-12-18 08:17:56-03:00,0.0
2020-12-18 08:22:57-03:00,0.0
2020-12-18 08:27:57-03:00,0.0
2020-12-18 08:32:57-03:00,0.0
2020-12-18 08:37:58-03:00,0.0
2020-12-18 08:42:58-03:00,0.0
2020-12-18 08:47:58-03:00,0.0
2020-12-18 08:52:59-03:00,0.0
2020-12-18 08:57:59-03:00,0.0
2020-12-18 09:02:59-03:00,0.0
2020-12-18 09:08:00-03:00,0.0
2020-12-18 09:13:00-03:00,0.0
2020-12-18 09:18:00-03:00,0.0
2020-12-18 09:23:01-03:00,0.0
2020-12-18 09:28:01-03:00,0.0
2020-12-18 09:33:01-03:00,5.8
2020-12-18 09:38:01-03:00,5.7
2020-12-18 09:43:02-03:00,5.7
2020-12-18 09:48:02-03:00,5.7
2020-12-18 09:53:02-03:00,5.7
2020-12-18 09:58:03-03:00,5.7
2020-12-18 10:03:03-03:00,5.7
2020-12-18 10:08:03-03:00,5.6
2020-12-18 10:13:04-03:00,5.6
2020-12-18 10:18:04-03:00,5.6
2020-12-18 10:23:04-03:00,5.5
2020-12-18 10:28:05-03:00,5.6
2020-12-18 10:33:05-03:00,5.5
2020-12-18 10:38:05-03:00,5.5
2020-12-18 10:43:05-03:00,5.5
2020-12-18 10:48:06-03:00,0.0
2020-12-18 10:53:06-03:00,0.0
2020-12-18 10:58:06-03:00,0.0
2020-12-18 11:03:07-03:00,0.0
2020-12-18 11:08:07-03:00,0.0
2020-12-18 11:13:07-03:00,0.0
2020-12-18 11:18:08-03:00,0.0
2020-12-18 11:23:08-03:00,0.0
2020-12-18 11:28:08-03:00,0.0
2020-12-18 11:33:09-03:00,0.0
2020-12-18 11:38:09-03:00,0.0
2020-12-18 11:43:09-03:00,0.0
2020-12-18 11:48:10-03:00,0.0
2020-12-18 11:53:10-03:00,0.0
2020-12-18 11:58:10-03:00,0.0
2020-12-18 12:03:11-03:00,0.0
2020-12-18 12:08:11-03:00,5.7
2020-12-18 12:13:11-03:00,5.7
2020-12-18 12:18:12-03:00,5.7
2020-12-18 12:23:12-03:00,5.6
2020-12-18 12:28:12-03:00,5.6
2020-12-18 12:33:13-03:00,0.0
2020-12-18 12:38:13-03:00,0.0
2020-12-18 12:43:13-03:00,4.0
2020-12-18 12:48:13-03:00,5.8
2020-12-18 12:53:14-03:00,5.8
2020-12-18 12:58:14-03:00,5.8
2020-12-18 13:03:14-03:00,5.8
2020-12-18 13:08:15-03:00,5.7
2020-12-18 13:13:15-03:00,5.7
2020-12-18 13:18:15-03:00,5.7
2020-12-18 13:23:16-03:00,5.7
2020-12-18 13:28:15-03:00,0.0
2020-12-18 13:33:16-03:00,0.0
2020-12-18 13:38:17-03:00,0.0
2020-12-18 13:43:17-03:00,0.0
2020-12-18 13:48:17-03:00,0.0
2020-12-18 13:53:17-03:00,0.0
2020-12-18 13:58:18-03:00,0.0
2020-12-18 14:03:18-03:00,0.0
2020-12-18 14:08:18-03:00,0.0
2020-12-18 14:13:19-03:00,0.0
2020-12-18 14:18:19-03:00,0.0
2020-12-18 14:23:19-03:00,0.0
2020-12-18 14:28:20-03:00,0.0
2020-12-18 14:33:20-03:00,5.8
2020-12-18 14:38:20-03:00,5.8
2020-12-18 14:43:21-03:00,5.8
2020-12-18 14:48:21-03:00,5.8
2020-12-18 14:53:21-03:00,5.8
2020-12-18 14:58:21-03:00,5.9
2020-12-18 15:03:22-03:00,5.7
2020-12-18 15:08:22-03:00,5.6
2020-12-18 15:13:22-03:00,5.6
2020-12-18 15:18:23-03:00,0.0
2020-12-18 15:23:23-03:00,0.0
2020-12-18 15:28:23-03:00,0.0
2020-12-18 15:33:24-03:00,0.0
2020-12-18 15:38:24-03:00,0.0
2020-12-18 15:43:25-03:00,0.0
2020-12-18 15:48:25-03:00,0.0
2020-12-18 15:53:25-03:00,6.0
2020-12-18 15:58:25-03:00,5.8
2020-12-18 16:03:26-03:00,5.8
2020-12-18 16:08:26-03:00,5.7
2020-12-18 16:13:26-03:00,5.8
2020-12-18 16:18:27-03:00,5.6
2020-12-18 16:23:27-03:00,0.0
2020-12-18 16:28:27-03:00,0.0
2020-12-18 16:33:28-03:00,0.0
2020-12-18 16:38:28-03:00,0.0
2020-12-18 16:43:28-03:00,0.0
2020-12-18 16:48:29-03:00,0.0
2020-12-18 16:53:29-03:00,0.0
2020-12-18 16:58:29-03:00,0.0
2020-12-18 17:03:29-03:00,0.0
2020-12-18 17:08:30-03:00,0.0
2020-12-18 17:13:30-03:00,5.9
2020-12-18 17:18:30-03:00,5.8
2020-12-18 17:23:31-03:00,5.8
2020-12-18 17:28:31-03:00,5.7
2020-12-18 17:33:31-03:00,5.7
2020-12-18 17:38:32-03:00,5.8
2020-12-18 17:43:32-03:00,0.0
2020-12-18 17:48:32-03:00,0.0
2020-12-18 17:53:33-03:00,0.0
2020-12-18 17:58:33-03:00,0.0
2020-12-18 18:03:33-03:00,0.0
2020-12-18 18:08:34-03:00,0.0
2020-12-18 18:13:34-03:00,0.0
2020-12-18 18:18:34-03:00,0.0
2020-12-18 18:23:34-03:00,0.0
2020-12-18 18:28:35-03:00,0.0
2020-12-18 18:33:35-03:00,5.8
2020-12-18 18:38:35-03:00,5.7
2020-12-18 18:43:36-03:00,5.7
2020-12-18 18:48:36-03:00,5.7
2020-12-18 18:53:36-03:00,5.8
2020-12-18 18:58:37-03:00,0.0
2020-12-18 19:03:37-03:00,0.0
2020-12-18 19:08:37-03:00,0.0
2020-12-18 19:13:38-03:00,0.0
2020-12-18 19:18:38-03:00,0.0
2020-12-18 19:23:38-03:00,0.0
2020-12-18 19:28:38-03:00,6.0
2020-12-18 19:33:39-03:00,5.8
2020-12-18 19:38:39-03:00,5.7
2020-12-18 19:43:39-03:00,5.8
2020-12-18 19:48:40-03:00,5.6
2020-12-18 19:53:40-03:00,0.0
2020-12-18 19:58:40-03:00,0.0
2020-12-18 20:03:41-03:00,0.0
2020-12-18 20:08:41-03:00,5.8
2020-12-18 20:13:41-03:00,5.7
2020-12-18 20:18:42-03:00,5.6
2020-12-18 20:23:42-03:00,0.0
2020-12-18 20:28:42-03:00,0.0
2020-12-18 20:33:43-03:00,0.0
2020-12-18 20:38:43-03:00,5.8
2020-12-18 20:43:43-03:00,5.7
2020-12-18 20:48:44-03:00,0.0
2020-12-18 20:53:44-03:00,0.0
2020-12-18 20:58:44-03:00,0.0
2020-12-18 21:03:44-03:00,5.7
2020-12-18 21:08:45-03:00,5.6
2020-12-18 21:13:45-03:00,0.0
2020-12-18 21:18:45-03:00,0.0
2020-12-18 21:23:46-03:00,0.0
2020-12-18 21:28:46-03:00,5.8
2020-12-18 21:33:46-03:00,5.6
2020-12-18 21:38:47-03:00,0.0
2020-12-18 21:43:47-03:00,0.0
2020-12-18 21:48:47-03:00,5.6
2020-12-18 21:53:48-03:00,0.0
2020-12-18 21:58:48-03:00,5.8
2020-12-18 22:03:48-03:00,0.0
2020-12-18 22:08:48-03:00,5.6
2020-12-18 22:13:49-03:00,0.0
2020-12-18 22:18:49-03:00,5.6
2020-12-18 22:23:49-03:00,0.0
2020-12-18 22:28:50-03:00,0.0
2020-12-18 22:33:50-03:00,5.8
2020-12-18 22:38:50-03:00,0.0
2020-12-18 22:43:51-03:00,5.6
2020-12-18 22:48:51-03:00,0.0
2020-12-18 22:53:51-03:00,5.6
2020-12-18 22:58:52-03:00,5.8
2020-12-18 23:03:52-03:00,0.0
2020-12-18 23:08:52-03:00,5.6
2020-12-18 23:13:53-03:00,0.0
2020-12-18 23:18:53-03:00,5.6
2020-12-18 23:23:53-03:00,5.8
2020-12-18 23:28:53-03:00,0.0
2020-12-18 23:33:54-03:00,5.8
2020-12-18 23:38:54-03:00,0.0
2020-12-18 23:43:54-03:00,5.6
2020-12-18 23:48:55-03:00,0.0
2020-12-18 23:53:55-03:00,5.6
2020-12-18 23:58:55-03:00,8.2
2020-12-19 00:03:56-03:00,0.0
2020-12-19 00:08:56-03:00,5.6
2020-12-19 00:13:56-03:00,0.0
2020-12-19 00:18:57-03:00,5.5
2020-12-19 00:23:57-03:00,13.8
2020-12-19 00:28:57-03:00,0.0
2020-12-19 00:33:57-03:00,5.7
2020-12-19 00:38:58-03:00,0.0
2020-12-19 00:43:58-03:00,0.0
2020-12-19 00:48:58-03:00,0.0
2020-12-19 00:53:59-03:00,0.0
2020-12-19 00:58:59-03:00,5.7
2020-12-19 01:03:59-03:00,5.8
2020-12-19 01:09:00-03:00,5.6
2020-12-19 01:14:00-03:00,5.6
2020-12-19 01:19:00-03:00,0.0
2020-12-19 01:24:01-03:00,0.0
2020-12-19 01:29:01-03:00,0.0
2020-12-19 01:34:01-03:00,0.0
2020-12-19 01:39:02-03:00,0.0
2020-12-19 01:44:02-03:00,0.0
2020-12-19 01:49:02-03:00,0.0
2020-12-19 01:54:03-03:00,0.0
2020-12-19 01:59:03-03:00,0.0
2020-12-19 02:04:03-03:00,0.0
2020-12-19 02:09:04-03:00,0.0
2020-12-19 02:14:04-03:00,0.0
2020-12-19 02:19:04-03:00,0.0
2020-12-19 02:24:04-03:00,0.0
2020-12-19 02:29:05-03:00,0.0
2020-12-19 02:34:05-03:00,5.9
2020-12-19 02:39:05-03:00,5.7
2020-12-19 02:44:06-03:00,5.7
2020-12-19 02:49:06-03:00,5.7
2020-12-19 02:54:06-03:00,5.7
2020-12-19 02:59:07-03:00,5.6
2020-12-19 03:04:07-03:00,5.6
2020-12-19 03:09:07-03:00,5.6
2020-12-19 03:14:08-03:00,0.0
2020-12-19 03:19:08-03:00,0.0
2020-12-19 03:24:08-03:00,0.0
2020-12-19 03:29:09-03:00,0.0
2020-12-19 03:34:09-03:00,0.0
2020-12-19 03:39:10-03:00,0.0
2020-12-19 03:44:10-03:00,0.0
2020-12-19 03:49:10-03:00,0.0
2020-12-19 03:54:11-03:00,0.0
2020-12-19 03:59:11-03:00,0.0
2020-12-19 04:04:11-03:00,0.0
2020-12-19 04:09:11-03:00,0.0
2020-12-19 04:14:12-03:00,0.0
2020-12-19 04:19:12-03:00,0.0
2020-12-19 04:24:12-03:00,0.0
2020-12-19 04:29:13-03:00,0.0
2020-12-19 04:34:13-03:00,0.0
2020-12-19 04:39:13-03:00,0.0
2020-12-19 04:44:14-03:00,0.0
2020-12-19 04:49:14-03:00,0.0
2020-12-19 04:54:14-03:00,0.0
2020-12-19 04:59:15-03:00,0.0
2020-12-19 05:04:15-03:00,0.0
2020-12-19 05:09:15-03:00,0.0
2020-12-19 05:14:15-03:00,0.0
2020-12-19 05:19:16-03:00,0.0
2020-12-19 05:24:16-03:00,0.0
2020-12-19 05:29:16-03:00,0.0
2020-12-19 05:34:17-03:00,0.0
2020-12-19 05:39:17-03:00,0.0
2020-12-19 05:44:17-03:00,0.0
2020-12-19 05:49:18-03:00,0.0
2020-12-19 05:54:18-03:00,0.0
2020-12-19 05:59:18-03:00,5.8
2020-12-19 06:04:19-03:00,5.7
2020-12-19 06:09:19-03:00,5.7
2020-12-19 06:14:19-03:00,5.7
2020-12-19 06:19:20-03:00,5.7
2020-12-19 06:24:20-03:00,5.6
2020-12-19 06:29:20-03:00,5.6
2020-12-19 06:34:20-03:00,5.7
2020-12-19 06:39:21-03:00,5.6
2020-12-19 06:44:21-03:00,5.6
2020-12-19 06:49:21-03:00,0.0
2020-12-19 06:54:22-03:00,0.0
2020-12-19 06:59:22-03:00,0.0
2020-12-19 07:04:22-03:00,0.0
2020-12-19 07:09:23-03:00,0.0
2020-12-19 07:14:23-03:00,0.0
2020-12-19 07:19:23-03:00,0.0
2020-12-19 07:24:24-03:00,0.0
2020-12-19 07:29:24-03:00,0.0
2020-12-19 07:34:24-03:00,0.0
2020-12-19 07:39:25-03:00,0.0
2020-12-19 07:44:25-03:00,0.0
2020-12-19 07:49:25-03:00,0.0
2020-12-19 07:54:26-03:00,0.0
2020-12-19 07:59:26-03:00,0.0
2020-12-19 08:04:26-03:00,0.0
2020-12-19 08:09:26-03:00,0.0
2020-12-19 08:14:27-03:00,0.0
2020-12-19 08:19:27-03:00,0.0
2020-12-19 08:24:27-03:00,0.0
2020-12-19 08:29:28-03:00,0.0
2020-12-19 08:34:28-03:00,0.0
2020-12-19 08:39:28-03:00,0.0
2020-12-19 08:44:29-03:00,0.0
2020-12-19 08:49:29-03:00,0.0
2020-12-19 08:54:29-03:00,0.0
2020-12-19 08:59:30-03:00,0.0
2020-12-19 09:04:30-03:00,0.0
2020-12-19 09:09:30-03:00,0.0
2020-12-19 09:14:30-03:00,0.0
2020-12-19 09:19:31-03:00,5.8
2020-12-19 09:24:31-03:00,5.7
2020-12-19 09:29:31-03:00,5.7
2020-12-19 09:34:32-03:00,5.7
2020-12-19 09:39:32-03:00,5.8
2020-12-19 09:44:32-03:00,5.6
2020-12-19 09:49:33-03:00,5.6
2020-12-19 09:54:33-03:00,5.6
2020-12-19 09:59:33-03:00,5.6
2020-12-19 10:04:34-03:00,5.6
2020-12-19 10:09:34-03:00,5.6
2020-12-19 10:14:34-03:00,5.5
2020-12-19 10:19:35-03:00,5.5
2020-12-19 10:24:35-03:00,5.5
2020-12-19 10:29:35-03:00,0.0
2020-12-19 10:34:36-03:00,0.0
2020-12-19 10:39:36-03:00,0.0
2020-12-19 10:44:36-03:00,0.0
2020-12-19 10:49:36-03:00,0.0
2020-12-19 10:54:37-03:00,0.0
2020-12-19 10:59:37-03:00,0.0
2020-12-19 11:04:37-03:00,0.0
2020-12-19 11:09:38-03:00,0.0
2020-12-19 11:14:38-03:00,0.0
2020-12-19 11:19:38-03:00,0.0
2020-12-19 11:24:39-03:00,0.0
2020-12-19 11:29:39-03:00,0.0
2020-12-19 11:34:39-03:00,0.0
2020-12-19 11:39:40-03:00,0.0
2020-12-19 11:44:40-03:00,0.0
2020-12-19 11:49:40-03:00,5.9
2020-12-19 11:54:40-03:00,5.7
2020-12-19 11:59:41-03:00,5.7
2020-12-19 12:04:41-03:00,5.8
2020-12-19 12:09:41-03:00,5.6
2020-12-19 12:14:42-03:00,5.6
2020-12-19 12:19:42-03:00,5.6
2020-12-19 12:24:42-03:00,5.5
2020-12-19 12:29:43-03:00,5.5
2020-12-19 12:34:43-03:00,5.4
2020-12-19 12:39:43-03:00,0.0
2020-12-19 12:44:44-03:00,0.0
2020-12-19 12:49:44-03:00,3.9
2020-12-19 12:54:44-03:00,5.7
2020-12-19 12:59:44-03:00,5.7
2020-12-19 13:04:45-03:00,0.0
2020-12-19 13:09:45-03:00,0.0
2020-12-19 13:14:45-03:00,0.0
2020-12-19 13:19:46-03:00,0.0
2020-12-19 13:24:46-03:00,0.0
2020-12-19 13:29:46-03:00,0.0
2020-12-19 13:34:47-03:00,0.0
2020-12-19 13:39:47-03:00,5.8
2020-12-19 13:44:48-03:00,5.8
2020-12-19 13:49:48-03:00,5.7
2020-12-19 13:54:48-03:00,5.8
2020-12-19 13:59:49-03:00,5.7
2020-12-19 14:04:49-03:00,5.6
2020-12-19 14:09:49-03:00,0.0
2020-12-19 14:14:50-03:00,0.0
2020-12-19 14:19:50-03:00,0.0
2020-12-19 14:24:50-03:00,0.0
2020-12-19 14:29:51-03:00,0.0
2020-12-19 14:34:51-03:00,0.0
2020-12-19 14:39:51-03:00,5.8
2020-12-19 14:44:51-03:00,5.8
2020-12-19 14:49:52-03:00,5.7
2020-12-19 14:54:52-03:00,5.7
2020-12-19 14:59:52-03:00,5.7
2020-12-19 15:04:53-03:00,0.0
2020-12-19 15:09:53-03:00,0.0
2020-12-19 15:14:53-03:00,0.0
2020-12-19 15:19:54-03:00,0.0
2020-12-19 15:24:54-03:00,0.0
2020-12-19 15:29:54-03:00,5.9
2020-12-19 15:34:55-03:00,5.8
2020-12-19 15:39:55-03:00,5.9
2020-12-19 15:44:55-03:00,5.7
2020-12-19 15:49:56-03:00,5.7
2020-12-19 15:54:56-03:00,0.0
2020-12-19 15:59:56-03:00,0.0
2020-12-19 16:04:56-03:00,0.0
2020-12-19 16:09:57-03:00,0.0
2020-12-19 16:14:57-03:00,0.0
2020-12-19 16:19:57-03:00,0.0
2020-12-19 16:24:58-03:00,5.8
2020-12-19 16:29:58-03:00,5.8
2020-12-19 16:34:58-03:00,5.7
2020-12-19 16:39:59-03:00,5.6
2020-12-19 16:44:59-03:00,0.0
2020-12-19 16:49:59-03:00,0.0
2020-12-19 16:55:00-03:00,0.0
2020-12-19 17:00:00-03:00,0.0
2020-12-19 17:05:00-03:00,0.0
2020-12-19 17:10:00-03:00,0.0
2020-12-19 17:15:01-03:00,5.8
2020-12-19 17:20:01-03:00,5.8
2020-12-19 17:25:01-03:00,5.8
2020-12-19 17:30:02-03:00,5.7
2020-12-19 17:35:02-03:00,5.6
2020-12-19 17:40:02-03:00,0.0
2020-12-19 17:45:03-03:00,0.0
2020-12-19 17:50:03-03:00,0.0
2020-12-19 17:55:03-03:00,0.0
2020-12-19 18:00:04-03:00,0.0
2020-12-19 18:05:04-03:00,5.8
2020-12-19 18:10:04-03:00,5.8
2020-12-19 18:15:04-03:00,5.7
2020-12-19 18:20:05-03:00,5.7
2020-12-19 18:25:05-03:00,0.0
2020-12-19 18:30:05-03:00,0.0
2020-12-19 18:35:06-03:00,0.0
2020-12-19 18:40:06-03:00,0.0
2020-12-19 18:45:06-03:00,0.0
2020-12-19 18:50:06-03:00,5.8
2020-12-19 18:55:06-03:00,5.8
2020-12-19 19:00:07-03:00,5.7
2020-12-19 19:05:07-03:00,5.6
2020-12-19 19:10:07-03:00,0.0
2020-12-19 19:15:08-03:00,0.0
2020-12-19 19:20:08-03:00,0.0
2020-12-19 19:25:08-03:00,6.0
2020-12-19 19:30:09-03:00,5.7
2020-12-19 19:35:09-03:00,5.6
2020-12-19 19:40:09-03:00,0.0
2020-12-19 19:45:10-03:00,0.0
2020-12-19 19:50:10-03:00,5.8
2020-12-19 19:55:10-03:00,0.0
2020-12-19 20:00:10-03:00,0.0
2020-12-19 20:05:11-03:00,0.0
2020-12-19 20:10:11-03:00,5.8
2020-12-19 20:15:11-03:00,0.0
2020-12-19 20:20:12-03:00,5.8
2020-12-19 20:25:12-03:00,0.0
2020-12-19 20:30:12-03:00,5.7
2020-12-19 20:35:13-03:00,0.0
2020-12-19 20:40:13-03:00,0.0
2020-12-19 20:45:13-03:00,0.0
2020-12-19 20:50:14-03:00,0.0
2020-12-19 20:55:14-03:00,5.8
2020-12-19 21:00:14-03:00,0.0
2020-12-19 21:05:14-03:00,5.8
2020-12-19 21:10:15-03:00,0.0
2020-12-19 21:15:15-03:00,5.7
2020-12-19 21:20:15-03:00,0.0
2020-12-19 21:25:16-03:00,0.0
2020-12-19 21:30:16-03:00,0.0
2020-12-19 21:35:17-03:00,0.0
2020-12-19 21:40:17-03:00,5.8
2020-12-19 21:45:17-03:00,0.0
2020-12-19 21:50:18-03:00,5.8
2020-12-19 21:55:18-03:00,0.0
2020-12-19 22:00:18-03:00,5.6
2020-12-19 22:05:19-03:00,0.0
2020-12-19 22:10:19-03:00,0.0
2020-12-19 22:15:19-03:00,0.0
2020-12-19 22:20:20-03:00,0.0
2020-12-19 22:25:20-03:00,5.8
2020-12-19 22:30:20-03:00,0.0
2020-12-19 22:35:20-03:00,5.7
2020-12-19 22:40:21-03:00,0.0
2020-12-19 22:45:21-03:00,5.7
2020-12-19 22:50:21-03:00,0.0
2020-12-19 22:55:22-03:00,0.0
2020-12-19 23:00:22-03:00,0.0
2020-12-19 23:05:22-03:00,0.0
2020-12-19 23:10:23-03:00,5.8
2020-12-19 23:15:23-03:00,0.0
2020-12-19 23:20:23-03:00,5.8
2020-12-19 23:25:24-03:00,0.0
2020-12-19 23:30:24-03:00,5.7
2020-12-19 23:35:24-03:00,0.0
2020-12-19 23:40:24-03:00,0.0
2020-12-19 23:45:25-03:00,0.0
2020-12-19 23:50:25-03:00,0.0
2020-12-19 23:55:25-03:00,5.8
2020-12-20 00:00:26-03:00,0.0
2020-12-20 00:05:26-03:00,5.7
2020-12-20 00:10:26-03:00,0.0
2020-12-20 00:15:27-03:00,5.6
2020-12-20 00:20:27-03:00,0.0
2020-12-20 00:25:27-03:00,0.0
2020-12-20 00:30:27-03:00,0.0
2020-12-20 00:35:28-03:00,0.0
2020-12-20 00:40:28-03:00,5.8
2020-12-20 00:45:28-03:00,0.0
2020-12-20 00:50:29-03:00,5.8
2020-12-20 00:55:29-03:00,0.0
2020-12-20 01:00:29-03:00,5.6
2020-12-20 01:05:30-03:00,0.0
2020-12-20 01:10:30-03:00,0.0
2020-12-20 01:15:30-03:00,11.7
2020-12-20 01:20:31-03:00,0.0
2020-12-20 01:25:31-03:00,5.8
2020-12-20 01:30:31-03:00,0.0
2020-12-20 01:35:32-03:00,5.7
2020-12-20 01:40:32-03:00,0.0
2020-12-20 01:45:32-03:00,5.7
2020-12-20 01:50:33-03:00,0.0
2020-12-20 01:55:33-03:00,0.0
2020-12-20 02:00:33-03:00,0.0
2020-12-20 02:05:34-03:00,0.0
2020-12-20 02:10:34-03:00,5.8
2020-12-20 02:15:34-03:00,5.8
2020-12-20 02:20:34-03:00,5.6
2020-12-20 02:25:35-03:00,0.0
2020-12-20 02:30:35-03:00,0.0
2020-12-20 02:35:35-03:00,0.0
2020-12-20 02:40:36-03:00,0.0
2020-12-20 02:45:36-03:00,0.0
2020-12-20 02:50:36-03:00,0.0
2020-12-20 02:55:37-03:00,0.0
2020-12-20 03:00:37-03:00,0.0
2020-12-20 03:05:37-03:00,0.0
2020-12-20 03:10:38-03:00,0.0
2020-12-20 03:15:38-03:00,0.0
2020-12-20 03:20:38-03:00,0.0
2020-12-20 03:25:39-03:00,0.0
2020-12-20 03:30:40-03:00,0.0
2020-12-20 03:35:40-03:00,0.0
2020-12-20 03:40:40-03:00,0.0
2020-12-20 03:45:40-03:00,0.0
2020-12-20 03:50:41-03:00,5.8
2020-12-20 03:55:41-03:00,5.8
2020-12-20 04:00:41-03:00,5.7
2020-12-20 04:05:42-03:00,5.7
2020-12-20 04:10:42-03:00,5.7
2020-12-20 04:15:42-03:00,0.0
2020-12-20 04:20:43-03:00,0.0
2020-12-20 04:25:43-03:00,0.0
2020-12-20 04:30:43-03:00,0.0
2020-12-20 04:35:44-03:00,0.0
2020-12-20 04:40:44-03:00,0.0
2020-12-20 04:45:44-03:00,0.0
2020-12-20 04:50:44-03:00,0.0
2020-12-20 04:55:45-03:00,0.0
2020-12-20 05:00:45-03:00,0.0
2020-12-20 05:05:45-03:00,0.0
2020-12-20 05:10:46-03:00,0.0
2020-12-20 05:15:46-03:00,0.0
2020-12-20 05:20:46-03:00,0.0
2020-12-20 05:25:47-03:00,0.0
2020-12-20 05:30:47-03:00,0.0
2020-12-20 05:35:47-03:00,0.0
2020-12-20 05:40:48-03:00,0.0
2020-12-20 05:45:48-03:00,0.0
2020-12-20 05:50:48-03:00,0.0
2020-12-20 05:55:49-03:00,0.0
2020-12-20 06:00:49-03:00,0.0
2020-12-20 06:05:49-03:00,0.0
2020-12-20 06:10:50-03:00,0.0
2020-12-20 06:15:50-03:00,0.0
2020-12-20 06:20:50-03:00,0.0
2020-12-20 06:25:51-03:00,0.0
2020-12-20 06:30:51-03:00,0.0
2020-12-20 06:35:51-03:00,0.0
2020-12-20 06:40:51-03:00,0.0
2020-12-20 06:45:52-03:00,0.0
2020-12-20 06:50:52-03:00,0.0
2020-12-20 06:55:52-03:00,0.0
2020-12-20 07:00:53-03:00,0.0
2020-12-20 07:05:53-03:00,0.0
2020-12-20 07:10:53-03:00,0.0
2020-12-20 07:15:54-03:00,5.9
2020-12-20 07:20:54-03:00,5.8
2020-12-20 07:25:54-03:00,5.8
2020-12-20 07:30:55-03:00,5.8
2020-12-20 07:35:55-03:00,5.7
2020-12-20 07:40:55-03:00,5.7
2020-12-20 07:45:55-03:00,5.7
2020-12-20 07:50:56-03:00,5.8
2020-12-20 07:55:56-03:00,5.6
2020-12-20 08:00:56-03:00,0.0
2020-12-20 08:05:57-03:00,0.0
2020-12-20 08:10:57-03:00,0.0
2020-12-20 08:15:57-03:00,0.0
2020-12-20 08:20:58-03:00,0.0
2020-12-20 08:25:58-03:00,0.0
2020-12-20 08:30:58-03:00,0.0
2020-12-20 08:35:59-03:00,0.0
2020-12-20 08:40:59-03:00,0.0
2020-12-20 08:45:59-03:00,0.0
2020-12-20 08:50:59-03:00,0.0
2020-12-20 08:56:00-03:00,0.0
2020-12-20 09:01:00-03:00,0.0
2020-12-20 09:06:00-03:00,0.0
2020-12-20 09:11:01-03:00,0.0
2020-12-20 09:16:01-03:00,0.0
2020-12-20 09:21:01-03:00,0.0
2020-12-20 09:26:02-03:00,0.0
2020-12-20 09:31:02-03:00,0.0
2020-12-20 09:36:02-03:00,0.0
2020-12-20 09:41:03-03:00,0.0
2020-12-20 09:46:03-03:00,0.0
2020-12-20 09:51:03-03:00,5.8
2020-12-20 09:56:04-03:00,5.8
2020-12-20 10:01:04-03:00,5.7
2020-12-20 10:06:04-03:00,5.7
2020-12-20 10:11:04-03:00,5.7
2020-12-20 10:16:05-03:00,5.8
2020-12-20 10:21:05-03:00,5.6
2020-12-20 10:26:05-03:00,0.0
2020-12-20 10:31:06-03:00,0.0
2020-12-20 10:36:06-03:00,0.0
2020-12-20 10:41:06-03:00,0.0
2020-12-20 10:46:07-03:00,0.0
2020-12-20 10:51:07-03:00,0.0
2020-12-20 10:56:07-03:00,5.7
2020-12-20 11:01:08-03:00,5.7
2020-12-20 11:06:08-03:00,5.6
2020-12-20 11:11:08-03:00,5.6
2020-12-20 11:16:08-03:00,0.0
2020-12-20 11:21:09-03:00,0.0
2020-12-20 11:26:09-03:00,0.0
2020-12-20 11:31:09-03:00,5.7
2020-12-20 11:36:10-03:00,5.6
2020-12-20 11:41:10-03:00,0.0
2020-12-20 11:46:10-03:00,5.8
2020-12-20 11:51:11-03:00,0.0
2020-12-20 11:56:11-03:00,5.7
2020-12-20 12:01:11-03:00,0.0
2020-12-20 12:06:12-03:00,5.6
2020-12-20 12:11:12-03:00,0.0
2020-12-20 12:16:12-03:00,0.0
2020-12-20 12:21:12-03:00,5.7
2020-12-20 12:26:13-03:00,0.0
2020-12-20 12:31:13-03:00,5.6
2020-12-20 12:36:13-03:00,0.0
2020-12-20 12:41:14-03:00,0.0
2020-12-20 12:46:14-03:00,5.8
2020-12-20 12:51:14-03:00,0.0
2020-12-20 12:56:15-03:00,5.6
2020-12-20 13:01:15-03:00,0.0
2020-12-20 13:06:15-03:00,0.0
2020-12-20 13:11:16-03:00,5.8
2020-12-20 13:16:16-03:00,0.0
2020-12-20 13:21:16-03:00,5.6
2020-12-20 13:26:16-03:00,0.0
2020-12-20 13:31:17-03:00,5.6
2020-12-20 13:36:17-03:00,7.6
2020-12-20 13:41:18-03:00,0.0
2020-12-20 13:46:18-03:00,5.7
2020-12-20 13:51:18-03:00,0.0
2020-12-20 13:56:18-03:00,5.6
2020-12-20 14:01:19-03:00,0.0
2020-12-20 14:06:19-03:00,5.6
2020-12-20 14:11:19-03:00,5.9
2020-12-20 14:16:20-03:00,0.0
2020-12-20 14:21:20-03:00,5.7
2020-12-20 14:26:20-03:00,0.0
2020-12-20 14:31:21-03:00,5.6
2020-12-20 14:36:21-03:00,0.0
2020-12-20 14:41:21-03:00,5.6
2020-12-20 14:46:22-03:00,8.6
2020-12-20 14:51:22-03:00,0.0
2020-12-20 14:56:22-03:00,5.7
2020-12-20 15:01:22-03:00,0.0
2020-12-20 15:06:23-03:00,5.6
2020-12-20 15:11:23-03:00,0.0
2020-12-20 15:16:23-03:00,5.6
2020-12-20 15:21:24-03:00,6.3
2020-12-20 15:26:24-03:00,0.0
2020-12-20 15:31:24-03:00,5.8
2020-12-20 15:36:25-03:00,0.0
2020-12-20 15:41:25-03:00,5.6
2020-12-20 15:46:25-03:00,0.0
2020-12-20 15:51:26-03:00,0.0
2020-12-20 15:56:26-03:00,5.8
2020-12-20 16:01:26-03:00,0.0
2020-12-20 16:06:26-03:00,5.6
2020-12-20 16:11:27-03:00,0.0
2020-12-20 16:16:27-03:00,5.6
2020-12-20 16:21:27-03:00,0.0
2020-12-20 16:26:28-03:00,0.0
2020-12-20 16:31:28-03:00,5.8
2020-12-20 16:36:28-03:00,0.0
2020-12-20 16:41:29-03:00,5.6
2020-12-20 16:46:29-03:00,0.0
2020-12-20 16:51:29-03:00,5.6
2020-12-20 16:56:30-03:00,0.0
2020-12-20 17:01:30-03:00,0.0
2020-12-20 17:06:30-03:00,5.8
2020-12-20 17:11:31-03:00,0.0
2020-12-20 17:16:31-03:00,5.6
2020-12-20 17:21:31-03:00,0.0
2020-12-20 17:26:31-03:00,5.6
2020-12-20 17:31:32-03:00,8.6
2020-12-20 17:36:32-03:00,0.0
2020-12-20 17:41:32-03:00,5.7
2020-12-20 17:46:33-03:00,0.0
2020-12-20 17:51:33-03:00,5.6
2020-12-20 17:56:33-03:00,0.0
2020-12-20 18:01:34-03:00,0.0
2020-12-20 18:06:34-03:00,5.8
2020-12-20 18:11:34-03:00,0.0
2020-12-20 18:16:35-03:00,5.6
2020-12-20 18:21:35-03:00,0.0
2020-12-20 18:26:35-03:00,5.6
2020-12-20 18:31:36-03:00,0.0
2020-12-20 18:36:36-03:00,0.0
2020-12-20 18:41:36-03:00,5.7
2020-12-20 18:46:37-03:00,0.0
2020-12-20 18:51:37-03:00,5.6
2020-12-20 18:56:37-03:00,0.0
2020-12-20 19:01:38-03:00,5.6
2020-12-20 19:06:38-03:00,0.0
2020-12-20 19:11:38-03:00,0.0
2020-12-20 19:16:38-03:00,5.7
2020-12-20 19:21:39-03:00,0.0
2020-12-20 19:26:39-03:00,5.6
2020-12-20 19:31:39-03:00,0.0
2020-12-20 19:36:40-03:00,0.0
2020-12-20 19:41:40-03:00,5.8
2020-12-20 19:46:40-03:00,0.0
2020-12-20 19:51:41-03:00,5.6
2020-12-20 19:56:41-03:00,0.0
2020-12-20 20:01:41-03:00,5.6
2020-12-20 20:06:42-03:00,47.6
2020-12-20 20:11:42-03:00,0.0
2020-12-20 20:16:42-03:00,5.8
2020-12-20 20:21:42-03:00,0.0
2020-12-20 20:26:43-03:00,5.6
2020-12-20 20:31:43-03:00,0.0
2020-12-20 20:36:43-03:00,0.0
2020-12-20 20:41:44-03:00,5.9
2020-12-20 20:46:44-03:00,0.0
2020-12-20 20:51:44-03:00,5.6
2020-12-20 20:56:45-03:00,0.0
2020-12-20 21:01:45-03:00,5.6
2020-12-20 21:06:45-03:00,0.0
2020-12-20 21:11:46-03:00,0.0
2020-12-20 21:16:46-03:00,5.7
2020-12-20 21:21:46-03:00,0.0
2020-12-20 21:26:47-03:00,5.6
2020-12-20 21:31:47-03:00,0.0
2020-12-20 21:36:47-03:00,5.5
2020-12-20 21:41:48-03:00,0.0
2020-12-20 21:46:48-03:00,0.0
2020-12-20 21:51:48-03:00,5.7
2020-12-20 21:56:48-03:00,0.0
2020-12-20 22:01:49-03:00,5.6
2020-12-20 22:06:49-03:00,0.0
2020-12-20 22:11:49-03:00,0.0
2020-12-20 22:16:50-03:00,5.8
2020-12-20 22:21:50-03:00,0.0
2020-12-20 22:26:49-03:00,5.6
2020-12-20 22:31:50-03:00,0.0
2020-12-20 22:36:50-03:00,5.5
2020-12-20 22:41:50-03:00,0.0
2020-12-20 22:46:51-03:00,0.0
2020-12-20 22:51:51-03:00,5.7
2020-12-20 22:56:51-03:00,0.0
2020-12-20 23:01:52-03:00,5.6
2020-12-20 23:06:52-03:00,0.0
2020-12-20 23:11:53-03:00,5.6
2020-12-20 23:16:53-03:00,0.0
2020-12-20 23:21:54-03:00,0.0
2020-12-20 23:26:54-03:00,5.7
2020-12-20 23:31:54-03:00,0.0
2020-12-20 23:36:55-03:00,5.5
2020-12-20 23:41:55-03:00,0.0
2020-12-20 23:46:55-03:00,5.5
2020-12-20 23:51:56-03:00,8.1
2020-12-20 23:56:56-03:00,0.0
2020-12-21 00:01:56-03:00,5.7
2020-12-21 00:06:56-03:00,0.0
2020-12-21 00:11:57-03:00,5.5
2020-12-21 00:16:57-03:00,0.0
2020-12-21 00:21:57-03:00,0.0
2020-12-21 00:26:58-03:00,5.9
2020-12-21 00:31:58-03:00,0.0
2020-12-21 00:36:58-03:00,5.6
2020-12-21 00:41:59-03:00,0.0
2020-12-21 00:46:59-03:00,5.5
2020-12-21 00:51:59-03:00,0.0
2020-12-21 00:57:00-03:00,0.0
2020-12-21 01:02:00-03:00,5.7
2020-12-21 01:07:00-03:00,0.0
2020-12-21 01:12:01-03:00,5.6
2020-12-21 01:17:01-03:00,0.0
2020-12-21 01:22:01-03:00,5.5
2020-12-21 01:27:01-03:00,0.0
2020-12-21 01:32:02-03:00,0.0
2020-12-21 01:37:02-03:00,5.7
2020-12-21 01:42:03-03:00,0.0
2020-12-21 01:47:03-03:00,5.6
2020-12-21 01:52:03-03:00,0.0
2020-12-21 01:57:04-03:00,5.5
2020-12-21 02:02:04-03:00,10.8
2020-12-21 02:07:04-03:00,0.0
2020-12-21 02:12:05-03:00,5.6
2020-12-21 02:17:05-03:00,0.0
2020-12-21 02:22:05-03:00,5.5
2020-12-21 02:27:06-03:00,0.0
2020-12-21 02:32:06-03:00,0.0
2020-12-21 02:37:06-03:00,5.7
2020-12-21 02:42:06-03:00,0.0
2020-12-21 02:47:07-03:00,5.6
2020-12-21 02:52:07-03:00,0.0
2020-12-21 02:57:07-03:00,5.5
2020-12-21 03:02:08-03:00,0.0
2020-12-21 03:07:08-03:00,0.0
2020-12-21 03:12:08-03:00,5.8
2020-12-21 03:17:09-03:00,0.0
2020-12-21 03:22:09-03:00,5.6
2020-12-21 03:27:09-03:00,0.0
2020-12-21 03:32:10-03:00,5.5
2020-12-21 03:37:10-03:00,0.0
2020-12-21 03:42:10-03:00,5.5
2020-12-21 03:47:11-03:00,83.3
2020-12-21 03:52:11-03:00,0.0
2020-12-21 03:57:11-03:00,5.7
2020-12-21 04:02:12-03:00,0.0
2020-12-21 04:07:12-03:00,5.6
2020-12-21 04:12:12-03:00,0.0
2020-12-21 04:17:13-03:00,5.5
2020-12-21 04:22:13-03:00,0.0
2020-12-21 04:27:13-03:00,0.0
2020-12-21 04:32:13-03:00,5.8
2020-12-21 04:37:14-03:00,0.0
2020-12-21 04:42:14-03:00,5.7
2020-12-21 04:47:14-03:00,0.0
2020-12-21 04:52:15-03:00,5.5
2020-12-21 04:57:15-03:00,0.0
2020-12-21 05:02:15-03:00,5.5
2020-12-21 05:07:16-03:00,8.3
2020-12-21 05:12:16-03:00,0.0
2020-12-21 05:17:16-03:00,5.6
2020-12-21 05:22:17-03:00,0.0
2020-12-21 05:27:17-03:00,5.5
2020-12-21 05:32:17-03:00,0.0
2020-12-21 05:37:18-03:00,0.0
2020-12-21 05:42:18-03:00,5.7
2020-12-21 05:47:18-03:00,0.0
2020-12-21 05:52:18-03:00,5.7
2020-12-21 05:57:19-03:00,0.0
2020-12-21 06:02:19-03:00,5.5
2020-12-21 06:07:19-03:00,0.0
2020-12-21 06:12:20-03:00,0.0
2020-12-21 06:17:20-03:00,5.7
2020-12-21 06:22:20-03:00,0.0
2020-12-21 06:27:21-03:00,5.5
2020-12-21 06:32:21-03:00,0.0
2020-12-21 06:37:21-03:00,5.5
2020-12-21 06:42:22-03:00,0.0
2020-12-21 06:47:22-03:00,0.0
2020-12-21 06:52:22-03:00,5.7
2020-12-21 06:57:22-03:00,0.0
2020-12-21 07:02:23-03:00,5.5
2020-12-21 07:07:23-03:00,0.0
2020-12-21 07:12:23-03:00,5.5
2020-12-21 07:17:24-03:00,0.0
2020-12-21 07:22:24-03:00,0.0
2020-12-21 07:27:24-03:00,5.7
2020-12-21 07:32:25-03:00,0.0
2020-12-21 07:37:25-03:00,0.0
2020-12-21 07:42:25-03:00,5.6
2020-12-21 07:47:26-03:00,0.0
2020-12-21 07:52:26-03:00,0.0
2020-12-21 07:57:26-03:00,0.0
2020-12-21 08:02:26-03:00,5.7
2020-12-21 08:07:27-03:00,5.6
2020-12-21 08:12:27-03:00,5.5
2020-12-21 08:17:27-03:00,0.0
2020-12-21 08:22:28-03:00,0.0
2020-12-21 08:27:28-03:00,0.0
2020-12-21 08:32:28-03:00,0.0
2020-12-21 08:37:29-03:00,0.0
2020-12-21 08:42:29-03:00,0.0
2020-12-21 08:47:29-03:00,5.7
2020-12-21 08:52:30-03:00,5.8
2020-12-21 08:57:30-03:00,5.5
2020-12-21 09:02:30-03:00,5.5
2020-12-21 09:07:31-03:00,5.5
2020-12-21 09:12:31-03:00,0.0
2020-12-21 09:17:31-03:00,0.0
2020-12-21 09:22:31-03:00,0.0
2020-12-21 09:27:32-03:00,0.0
2020-12-21 09:32:32-03:00,0.0
2020-12-21 09:37:32-03:00,0.0
2020-12-21 09:42:33-03:00,0.0
2020-12-21 09:47:33-03:00,5.7
2020-12-21 09:52:33-03:00,5.6
2020-12-21 09:57:34-03:00,5.8
2020-12-21 10:02:34-03:00,5.5
2020-12-21 10:07:34-03:00,5.5
2020-12-21 10:12:35-03:00,5.5
2020-12-21 10:17:35-03:00,0.0
2020-12-21 10:22:35-03:00,0.0
2020-12-21 10:27:35-03:00,0.0
2020-12-21 10:32:36-03:00,0.0
2020-12-21 10:37:36-03:00,0.0
2020-12-21 10:42:36-03:00,0.0
2020-12-21 10:47:37-03:00,5.6
2020-12-21 10:52:37-03:00,5.7
2020-12-21 10:57:37-03:00,5.5
2020-12-21 11:02:38-03:00,5.5
2020-12-21 11:07:38-03:00,5.4
2020-12-21 11:12:38-03:00,0.0
2020-12-21 11:17:39-03:00,0.0
2020-12-21 11:22:39-03:00,0.0
2020-12-21 11:27:39-03:00,0.0
2020-12-21 11:32:39-03:00,0.0
2020-12-21 11:37:40-03:00,5.6
2020-12-21 11:42:40-03:00,0.0
2020-12-21 11:47:40-03:00,0.0
2020-12-21 11:52:41-03:00,0.0
2020-12-21 11:57:41-03:00,3.9
2020-12-21 12:02:41-03:00,5.8
2020-12-21 12:07:42-03:00,5.7
2020-12-21 12:12:42-03:00,5.7
2020-12-21 12:17:42-03:00,5.7
2020-12-21 12:22:43-03:00,0.0
2020-12-21 12:27:43-03:00,0.0
2020-12-21 12:32:43-03:00,0.0
2020-12-21 12:37:43-03:00,5.7
2020-12-21 12:42:44-03:00,5.7
2020-12-21 12:47:44-03:00,0.0
2020-12-21 12:52:44-03:00,0.0
2020-12-21 12:57:45-03:00,0.0
2020-12-21 13:02:45-03:00,0.0
2020-12-21 13:07:45-03:00,5.9
2020-12-21 13:12:46-03:00,5.7
2020-12-21 13:17:46-03:00,5.7
2020-12-21 13:22:46-03:00,5.6
2020-12-21 13:27:47-03:00,0.0
2020-12-21 13:32:47-03:00,0.0
2020-12-21 13:37:47-03:00,0.0
2020-12-21 13:42:48-03:00,0.0
2020-12-21 13:47:48-03:00,0.0
2020-12-21 13:52:48-03:00,0.0
2020-12-21 13:57:48-03:00,0.0
2020-12-21 14:02:49-03:00,6.0
2020-12-21 14:07:49-03:00,5.8
2020-12-21 14:12:49-03:00,5.8
2020-12-21 14:17:50-03:00,5.9
2020-12-21 14:22:50-03:00,5.7
2020-12-21 14:27:50-03:00,5.7
2020-12-21 14:32:51-03:00,0.0
2020-12-21 14:37:51-03:00,0.0
2020-12-21 14:42:51-03:00,0.0
2020-12-21 14:47:52-03:00,0.0
2020-12-21 14:52:52-03:00,0.0
2020-12-21 14:57:52-03:00,0.0
2020-12-21 15:02:52-03:00,0.0
2020-12-21 15:07:53-03:00,0.0
2020-12-21 15:12:53-03:00,0.0
2020-12-21 15:17:53-03:00,6.1
2020-12-21 15:22:54-03:00,5.8
2020-12-21 15:27:54-03:00,5.8
2020-12-21 15:32:55-03:00,5.8
2020-12-21 15:37:55-03:00,5.8
2020-12-21 15:42:56-03:00,5.7
2020-12-21 15:47:56-03:00,5.6
2020-12-21 15:52:56-03:00,0.0
2020-12-21 15:57:57-03:00,0.0
2020-12-21 16:02:57-03:00,0.0
2020-12-21 16:07:57-03:00,0.0
2020-12-21 16:12:58-03:00,0.0
2020-12-21 16:17:58-03:00,0.0
2020-12-21 16:22:58-03:00,0.0
2020-12-21 16:27:59-03:00,0.0
2020-12-21 16:32:59-03:00,0.0
2020-12-21 16:37:59-03:00,5.8
2020-12-21 16:42:59-03:00,5.8
2020-12-21 16:48:00-03:00,5.8
2020-12-21 16:53:00-03:00,5.8
2020-12-21 16:58:00-03:00,5.8
2020-12-21 17:03:01-03:00,5.7
2020-12-21 17:08:01-03:00,0.0
2020-12-21 17:13:01-03:00,0.0
2020-12-21 17:18:02-03:00,0.0
2020-12-21 17:23:02-03:00,0.0
2020-12-21 17:28:02-03:00,0.0
2020-12-21 17:33:02-03:00,0.0
2020-12-21 17:38:03-03:00,0.0
2020-12-21 17:43:03-03:00,0.0
2020-12-21 17:48:03-03:00,333.3
2020-12-21 17:53:04-03:00,5.8
2020-12-21 17:58:04-03:00,5.8
2020-12-21 18:03:04-03:00,5.8
2020-12-21 18:08:05-03:00,5.8
2020-12-21 18:13:05-03:00,5.7
2020-12-21 18:18:05-03:00,0.0
2020-12-21 18:23:06-03:00,0.0
2020-12-21 18:28:06-03:00,0.0
2020-12-21 18:33:06-03:00,0.0
2020-12-21 18:38:06-03:00,0.0
2020-12-21 18:43:07-03:00,0.0
2020-12-21 18:48:07-03:00,0.0
2020-12-21 18:53:07-03:00,5.9
2020-12-21 18:58:08-03:00,5.8
2020-12-21 19:03:08-03:00,5.8
2020-12-21 19:08:08-03:00,5.8
2020-12-21 19:13:09-03:00,5.7
2020-12-21 19:18:09-03:00,5.6
2020-12-21 19:23:09-03:00,0.0
2020-12-21 19:28:10-03:00,0.0
2020-12-21 19:33:10-03:00,0.0
2020-12-21 19:38:10-03:00,0.0
2020-12-21 19:43:11-03:00,0.0
2020-12-21 19:48:11-03:00,5.8
2020-12-21 19:53:11-03:00,5.8
2020-12-21 19:58:12-03:00,5.7
2020-12-21 20:03:12-03:00,5.7
2020-12-21 20:08:12-03:00,5.6
2020-12-21 20:13:13-03:00,0.0
2020-12-21 20:18:13-03:00,0.0
2020-12-21 20:23:13-03:00,9.1
2020-12-21 20:28:14-03:00,5.7
2020-12-21 20:33:14-03:00,5.6
2020-12-21 20:38:14-03:00,0.0
2020-12-21 20:43:14-03:00,5.7
2020-12-21 20:48:15-03:00,0.0
2020-12-21 20:53:15-03:00,5.6
2020-12-21 20:58:15-03:00,24.3
2020-12-21 21:03:16-03:00,0.0
2020-12-21 21:08:16-03:00,5.8
2020-12-21 21:13:16-03:00,0.0
2020-12-21 21:18:17-03:00,5.7
2020-12-21 21:23:17-03:00,0.0
2020-12-21 21:28:17-03:00,5.6
2020-12-21 21:33:18-03:00,5.8
2020-12-21 21:38:18-03:00,0.0
2020-12-21 21:43:18-03:00,5.6
2020-12-21 21:48:19-03:00,0.0
2020-12-21 21:53:19-03:00,5.6
2020-12-21 21:58:19-03:00,5.8
2020-12-21 22:03:19-03:00,0.0
2020-12-21 22:08:20-03:00,5.7
2020-12-21 22:13:20-03:00,0.0
2020-12-21 22:18:20-03:00,5.7
2020-12-21 22:23:21-03:00,0.0
2020-12-21 22:28:21-03:00,5.6
2020-12-21 22:33:21-03:00,5.8
2020-12-21 22:38:22-03:00,0.0
2020-12-21 22:43:22-03:00,5.7
2020-12-21 22:48:22-03:00,0.0
2020-12-21 22:53:23-03:00,5.6
2020-12-21 22:58:23-03:00,0.0
2020-12-21 23:03:23-03:00,0.0
2020-12-21 23:08:23-03:00,5.7
2020-12-21 23:13:24-03:00,0.0
2020-12-21 23:18:24-03:00,5.6
2020-12-21 23:23:24-03:00,0.0
2020-12-21 23:28:25-03:00,5.6
2020-12-21 23:33:25-03:00,6.8
2020-12-21 23:38:25-03:00,0.0
2020-12-21 23:43:26-03:00,5.8
2020-12-21 23:48:26-03:00,0.0
2020-12-21 23:53:26-03:00,5.7
2020-12-21 23:58:27-03:00,0.0
2020-12-22 00:03:27-03:00,5.7
2020-12-22 00:08:27-03:00,0.0
2020-12-22 00:13:27-03:00,0.0
2020-12-22 00:18:28-03:00,5.7
2020-12-22 00:23:28-03:00,0.0
2020-12-22 00:28:28-03:00,0.0
2020-12-22 00:33:29-03:00,6.0
2020-12-22 00:38:29-03:00,5.7
2020-12-22 00:43:29-03:00,5.7
2020-12-22 00:48:30-03:00,0.0
2020-12-22 00:53:30-03:00,0.0
2020-12-22 00:58:30-03:00,0.0
2020-12-22 01:03:31-03:00,0.0
2020-12-22 01:08:31-03:00,0.0
2020-12-22 01:13:31-03:00,0.0
2020-12-22 01:18:31-03:00,0.0
2020-12-22 01:23:32-03:00,0.0
2020-12-22 01:28:32-03:00,0.0
2020-12-22 01:33:33-03:00,0.0
2020-12-22 01:38:33-03:00,0.0
2020-12-22 01:43:33-03:00,0.0
2020-12-22 01:48:34-03:00,0.0
2020-12-22 01:53:34-03:00,0.0
2020-12-22 01:58:34-03:00,0.0
2020-12-22 02:03:34-03:00,5.8
2020-12-22 02:08:35-03:00,5.8
2020-12-22 02:13:35-03:00,5.8
2020-12-22 02:18:35-03:00,5.8
2020-12-22 02:23:36-03:00,5.8
2020-12-22 02:28:36-03:00,5.9
2020-12-22 02:33:36-03:00,5.7
2020-12-22 02:38:37-03:00,5.6
2020-12-22 02:43:37-03:00,0.0
2020-12-22 02:48:37-03:00,0.0
2020-12-22 02:53:38-03:00,0.0
2020-12-22 02:58:38-03:00,0.0
2020-12-22 03:03:38-03:00,0.0
2020-12-22 03:08:39-03:00,0.0
2020-12-22 03:13:39-03:00,0.0
2020-12-22 03:18:39-03:00,0.0
2020-12-22 03:23:39-03:00,0.0
2020-12-22 03:28:40-03:00,0.0
2020-12-22 03:33:40-03:00,0.0
2020-12-22 03:38:41-03:00,0.0
2020-12-22 03:43:41-03:00,0.0
2020-12-22 03:48:41-03:00,0.0
2020-12-22 03:53:42-03:00,0.0
2020-12-22 03:58:42-03:00,0.0
2020-12-22 04:03:42-03:00,0.0
2020-12-22 04:08:42-03:00,0.0
2020-12-22 04:13:43-03:00,0.0
2020-12-22 04:18:43-03:00,0.0
2020-12-22 04:23:43-03:00,0.0
2020-12-22 04:28:44-03:00,0.0
2020-12-22 04:33:44-03:00,0.0
2020-12-22 04:38:44-03:00,0.0
2020-12-22 04:43:45-03:00,0.0
2020-12-22 04:48:45-03:00,0.0
2020-12-22 04:53:45-03:00,0.0
2020-12-22 04:58:46-03:00,0.0
2020-12-22 05:03:46-03:00,0.0
2020-12-22 05:08:46-03:00,0.0
2020-12-22 05:13:46-03:00,0.0
2020-12-22 05:18:47-03:00,0.0
2020-12-22 05:23:47-03:00,0.0
2020-12-22 05:28:47-03:00,0.0
2020-12-22 05:33:48-03:00,0.0
2020-12-22 05:38:48-03:00,0.0
2020-12-22 05:43:48-03:00,0.0
2020-12-22 05:48:49-03:00,0.0
2020-12-22 05:53:49-03:00,0.0
2020-12-22 05:58:49-03:00,0.0
2020-12-22 06:03:50-03:00,0.0
2020-12-22 06:08:50-03:00,0.0
2020-12-22 06:13:50-03:00,0.0
2020-12-22 06:18:50-03:00,0.0
2020-12-22 06:23:51-03:00,0.0
2020-12-22 06:28:51-03:00,0.0
2020-12-22 06:33:51-03:00,0.0
2020-12-22 06:38:52-03:00,0.0
2020-12-22 06:43:52-03:00,0.0
2020-12-22 06:48:52-03:00,0.0
2020-12-22 06:53:53-03:00,0.0
2020-12-22 06:58:53-03:00,0.0
2020-12-22 07:03:53-03:00,0.0
2020-12-22 07:08:54-03:00,0.0
2020-12-22 07:13:54-03:00,0.0
2020-12-22 07:18:54-03:00,0.0
2020-12-22 07:23:54-03:00,0.0
2020-12-22 07:28:55-03:00,0.0
2020-12-22 07:33:55-03:00,5.8
2020-12-22 07:38:55-03:00,5.8
2020-12-22 07:43:56-03:00,5.8
2020-12-22 07:48:56-03:00,5.8
2020-12-22 07:53:56-03:00,5.8
2020-12-22 07:58:57-03:00,5.8
2020-12-22 08:03:57-03:00,5.8
2020-12-22 08:08:57-03:00,5.8
2020-12-22 08:13:58-03:00,5.8
2020-12-22 08:18:58-03:00,5.7
2020-12-22 08:23:58-03:00,5.7
2020-12-22 08:28:58-03:00,5.7
2020-12-22 08:33:59-03:00,0.0
2020-12-22 08:38:59-03:00,0.0
2020-12-22 08:43:59-03:00,0.0
2020-12-22 08:49:00-03:00,0.0
2020-12-22 08:54:00-03:00,0.0
2020-12-22 08:59:00-03:00,0.0
2020-12-22 09:04:01-03:00,0.0
2020-12-22 09:09:01-03:00,0.0
2020-12-22 09:14:01-03:00,0.0
2020-12-22 09:19:02-03:00,0.0
2020-12-22 09:24:02-03:00,0.0
2020-12-22 09:29:02-03:00,0.0
2020-12-22 09:34:03-03:00,0.0
2020-12-22 09:39:03-03:00,0.0
2020-12-22 09:44:03-03:00,0.0
2020-12-22 09:49:04-03:00,0.0
2020-12-22 09:54:04-03:00,6.2
2020-12-22 09:59:04-03:00,5.8
2020-12-22 10:04:04-03:00,5.8
2020-12-22 10:09:05-03:00,5.8
2020-12-22 10:14:05-03:00,5.8
2020-12-22 10:19:05-03:00,5.9
2020-12-22 10:24:06-03:00,5.7
2020-12-22 10:29:06-03:00,5.8
2020-12-22 10:34:06-03:00,5.7
2020-12-22 10:39:07-03:00,5.7
2020-12-22 10:44:07-03:00,5.7
2020-12-22 10:49:07-03:00,5.7
2020-12-22 10:54:08-03:00,5.7
2020-12-22 10:59:08-03:00,5.7
2020-12-22 11:04:08-03:00,0.0
2020-12-22 11:09:09-03:00,0.0
2020-12-22 11:14:09-03:00,0.0
2020-12-22 11:19:09-03:00,0.0
2020-12-22 11:24:09-03:00,0.0
2020-12-22 11:29:10-03:00,0.0
2020-12-22 11:34:10-03:00,0.0
2020-12-22 11:39:11-03:00,0.0
2020-12-22 11:44:11-03:00,0.0
2020-12-22 11:49:11-03:00,0.0
2020-12-22 11:54:12-03:00,0.0
2020-12-22 11:59:12-03:00,0.0
2020-12-22 12:04:12-03:00,0.0
2020-12-22 12:09:12-03:00,0.0
2020-12-22 12:14:13-03:00,0.0
2020-12-22 12:19:13-03:00,0.0
2020-12-22 12:24:13-03:00,0.0
2020-12-22 12:29:14-03:00,0.0
2020-12-22 12:34:14-03:00,0.0
2020-12-22 12:39:14-03:00,0.0
2020-12-22 12:44:15-03:00,5.8
2020-12-22 12:49:15-03:00,5.8
2020-12-22 12:54:15-03:00,5.8
2020-12-22 12:59:16-03:00,5.8
2020-12-22 13:04:16-03:00,5.7
2020-12-22 13:09:16-03:00,5.7
2020-12-22 13:14:16-03:00,5.7
2020-12-22 13:19:17-03:00,5.7
2020-12-22 13:24:17-03:00,5.7
2020-12-22 13:29:17-03:00,5.6
2020-12-22 13:34:18-03:00,5.6
2020-12-22 13:39:18-03:00,5.6
2020-12-22 13:44:18-03:00,5.6
2020-12-22 13:49:19-03:00,0.0
2020-12-22 13:54:19-03:00,0.0
2020-12-22 13:59:19-03:00,0.0
2020-12-22 14:04:20-03:00,0.0
2020-12-22 14:09:20-03:00,0.0
2020-12-22 14:14:20-03:00,0.0
2020-12-22 14:19:21-03:00,0.0
2020-12-22 14:24:21-03:00,0.0
2020-12-22 14:29:21-03:00,0.0
2020-12-22 14:34:21-03:00,0.0
2020-12-22 14:39:22-03:00,0.0
2020-12-22 14:44:22-03:00,0.0
2020-12-22 14:49:22-03:00,0.0
2020-12-22 14:54:23-03:00,0.0
2020-12-22 14:59:23-03:00,0.0
2020-12-22 15:04:23-03:00,0.0
2020-12-22 15:09:24-03:00,0.0
2020-12-22 15:14:24-03:00,0.0
2020-12-22 15:19:24-03:00,0.0
2020-12-22 15:24:25-03:00,0.0
2020-12-22 15:29:25-03:00,0.0
2020-12-22 15:34:25-03:00,5.8
2020-12-22 15:39:26-03:00,5.8
2020-12-22 15:44:26-03:00,5.7
2020-12-22 15:49:26-03:00,5.7
2020-12-22 15:54:26-03:00,5.7
2020-12-22 15:59:27-03:00,5.7
2020-12-22 16:04:27-03:00,5.7
2020-12-22 16:09:27-03:00,5.7
2020-12-22 16:14:28-03:00,5.6
2020-12-22 16:19:28-03:00,5.6
2020-12-22 16:24:28-03:00,5.6
2020-12-22 16:29:29-03:00,5.5
2020-12-22 16:34:28-03:00,0.0
2020-12-22 16:39:28-03:00,0.0
2020-12-22 16:44:29-03:00,0.0
2020-12-22 16:49:29-03:00,0.0
2020-12-22 16:54:29-03:00,0.0
2020-12-22 16:59:30-03:00,0.0
2020-12-22 17:04:30-03:00,0.0
2020-12-22 17:09:30-03:00,0.0
2020-12-22 17:14:30-03:00,0.0
2020-12-22 17:19:31-03:00,0.0
2020-12-22 17:24:31-03:00,0.0
2020-12-22 17:29:31-03:00,0.0
2020-12-22 17:34:32-03:00,0.0
2020-12-22 17:39:32-03:00,0.0
2020-12-22 17:44:32-03:00,0.0
2020-12-22 17:49:33-03:00,0.0
2020-12-22 17:54:34-03:00,6.0
2020-12-22 17:59:34-03:00,5.7
2020-12-22 18:04:35-03:00,5.7
2020-12-22 18:09:35-03:00,5.8
2020-12-22 18:14:35-03:00,5.7
2020-12-22 18:19:35-03:00,5.7
2020-12-22 18:24:36-03:00,5.7
2020-12-22 18:29:36-03:00,5.6
2020-12-22 18:34:36-03:00,5.6
2020-12-22 18:39:37-03:00,5.6
2020-12-22 18:44:37-03:00,5.5
2020-12-22 18:49:37-03:00,0.0
2020-12-22 18:54:38-03:00,0.0
2020-12-22 18:59:38-03:00,0.0
2020-12-22 19:04:38-03:00,0.0
2020-12-22 19:09:39-03:00,0.0
2020-12-22 19:14:39-03:00,0.0
2020-12-22 19:19:39-03:00,0.0
2020-12-22 19:24:39-03:00,0.0
2020-12-22 19:29:40-03:00,0.0
2020-12-22 19:34:40-03:00,5.7
2020-12-22 19:39:40-03:00,5.7
2020-12-22 19:44:41-03:00,5.7
2020-12-22 19:49:41-03:00,5.8
2020-12-22 19:54:41-03:00,5.6
2020-12-22 19:59:42-03:00,5.5
2020-12-22 20:04:42-03:00,5.5
2020-12-22 20:09:42-03:00,0.0
2020-12-22 20:14:43-03:00,0.0
2020-12-22 20:19:43-03:00,5.6
2020-12-22 20:24:43-03:00,5.5
2020-12-22 20:29:44-03:00,0.0
2020-12-22 20:34:44-03:00,5.6
2020-12-22 20:39:44-03:00,0.0
2020-12-22 20:44:45-03:00,5.6
2020-12-22 20:49:45-03:00,0.0
2020-12-22 20:54:45-03:00,5.5
2020-12-22 20:59:45-03:00,0.0
2020-12-22 21:04:46-03:00,5.5
2020-12-22 21:09:46-03:00,5.8
2020-12-22 21:14:46-03:00,0.0
2020-12-22 21:19:47-03:00,5.5
2020-12-22 21:24:47-03:00,0.0
2020-12-22 21:29:47-03:00,5.5
2020-12-22 21:34:48-03:00,0.0
2020-12-22 21:39:48-03:00,5.5
2020-12-22 21:44:48-03:00,0.0
2020-12-22 21:49:49-03:00,0.0
2020-12-22 21:54:49-03:00,5.7
2020-12-22 21:59:49-03:00,0.0
2020-12-22 22:04:50-03:00,5.5
2020-12-22 22:09:50-03:00,0.0
2020-12-22 22:14:50-03:00,5.5
2020-12-22 22:19:51-03:00,0.0
2020-12-22 22:24:51-03:00,5.5
2020-12-22 22:29:51-03:00,5.7
2020-12-22 22:34:51-03:00,0.0
2020-12-22 22:39:52-03:00,5.6
2020-12-22 22:44:52-03:00,0.0
2020-12-22 22:49:52-03:00,5.6
2020-12-22 22:54:53-03:00,0.0
2020-12-22 22:59:53-03:00,5.5
2020-12-22 23:04:53-03:00,7.8
2020-12-22 23:09:54-03:00,0.0
2020-12-22 23:14:54-03:00,0.0
2020-12-22 23:19:54-03:00,5.7
2020-12-22 23:24:55-03:00,5.5
2020-12-22 23:29:55-03:00,0.0
2020-12-22 23:34:55-03:00,0.0
2020-12-22 23:39:56-03:00,0.0
2020-12-22 23:44:56-03:00,0.0
2020-12-22 23:49:56-03:00,0.0
2020-12-22 23:54:56-03:00,0.0
2020-12-22 23:59:57-03:00,0.0
2020-12-23 00:04:57-03:00,0.0
2020-12-23 00:09:57-03:00,5.7
2020-12-23 00:14:58-03:00,5.7
2020-12-23 00:19:58-03:00,5.7
2020-12-23 00:24:58-03:00,5.8
2020-12-23 00:29:59-03:00,5.6
2020-12-23 00:34:59-03:00,5.5
2020-12-23 00:39:59-03:00,0.0
2020-12-23 00:45:00-03:00,0.0
2020-12-23 00:50:00-03:00,0.0
2020-12-23 00:55:00-03:00,0.0
2020-12-23 01:00:01-03:00,0.0
2020-12-23 01:05:01-03:00,0.0
2020-12-23 01:10:01-03:00,0.0
2020-12-23 01:15:01-03:00,0.0
2020-12-23 01:20:02-03:00,0.0
2020-12-23 01:25:02-03:00,0.0
2020-12-23 01:30:02-03:00,0.0
2020-12-23 01:35:03-03:00,0.0
2020-12-23 01:40:03-03:00,0.0
2020-12-23 01:45:03-03:00,0.0
2020-12-23 01:50:04-03:00,0.0
2020-12-23 01:55:04-03:00,0.0
2020-12-23 02:00:04-03:00,0.0
2020-12-23 02:05:05-03:00,0.0
2020-12-23 02:10:05-03:00,0.0
2020-12-23 02:15:05-03:00,0.0
2020-12-23 02:20:06-03:00,0.0
2020-12-23 02:25:06-03:00,0.0
2020-12-23 02:30:06-03:00,0.0
2020-12-23 02:35:07-03:00,0.0
2020-12-23 02:40:07-03:00,0.0
2020-12-23 02:45:07-03:00,0.0
2020-12-23 02:50:07-03:00,0.0
2020-12-23 02:55:08-03:00,0.0
2020-12-23 03:00:08-03:00,0.0
2020-12-23 03:05:08-03:00,0.0
2020-12-23 03:10:09-03:00,0.0
2020-12-23 03:15:09-03:00,0.0
2020-12-23 03:20:09-03:00,0.0
2020-12-23 03:25:10-03:00,0.0
2020-12-23 03:30:10-03:00,0.0
2020-12-23 03:35:10-03:00,0.0
2020-12-23 03:40:11-03:00,0.0
2020-12-23 03:45:11-03:00,0.0
2020-12-23 03:50:11-03:00,0.0
2020-12-23 03:55:11-03:00,0.0
2020-12-23 04:00:12-03:00,0.0
2020-12-23 04:05:12-03:00,0.0
2020-12-23 04:10:12-03:00,0.0
2020-12-23 04:15:13-03:00,0.0
2020-12-23 04:20:13-03:00,0.0
2020-12-23 04:25:13-03:00,0.0
2020-12-23 04:30:14-03:00,0.0
2020-12-23 04:35:14-03:00,0.0
2020-12-23 04:40:14-03:00,0.0
2020-12-23 04:45:15-03:00,0.0
2020-12-23 04:50:15-03:00,0.0
2020-12-23 04:55:15-03:00,0.0
2020-12-23 05:00:16-03:00,0.0
2020-12-23 05:05:16-03:00,0.0
2020-12-23 05:10:16-03:00,0.0
2020-12-23 05:15:16-03:00,0.0
2020-12-23 05:20:17-03:00,0.0
2020-12-23 05:25:17-03:00,0.0
2020-12-23 05:30:19-03:00,0.0
2020-12-23 05:35:18-03:00,0.0
2020-12-23 05:40:19-03:00,0.0
2020-12-23 05:45:19-03:00,0.0
2020-12-23 05:50:19-03:00,0.0
2020-12-23 05:55:20-03:00,0.0
2020-12-23 06:00:20-03:00,0.0
2020-12-23 06:05:20-03:00,0.0
2020-12-23 06:10:21-03:00,0.0
2020-12-23 06:15:21-03:00,0.0
2020-12-23 06:20:21-03:00,0.0
2020-12-23 06:25:22-03:00,5.7
2020-12-23 06:30:22-03:00,5.7
2020-12-23 06:35:22-03:00,5.7
2020-12-23 06:40:22-03:00,5.7
2020-12-23 06:45:23-03:00,5.7
2020-12-23 06:50:23-03:00,5.7
2020-12-23 06:55:23-03:00,5.8
2020-12-23 07:00:24-03:00,5.6
2020-12-23 07:05:24-03:00,5.6
2020-12-23 07:10:24-03:00,5.6
2020-12-23 07:15:25-03:00,0.0
2020-12-23 07:20:25-03:00,0.0
2020-12-23 07:25:25-03:00,0.0
2020-12-23 07:30:26-03:00,0.0
2020-12-23 07:35:26-03:00,0.0
2020-12-23 07:40:26-03:00,0.0
2020-12-23 07:45:26-03:00,0.0
2020-12-23 07:50:27-03:00,0.0
2020-12-23 07:55:27-03:00,0.0
2020-12-23 08:00:27-03:00,0.0
2020-12-23 08:05:28-03:00,0.0
2020-12-23 08:10:28-03:00,0.0
2020-12-23 08:15:28-03:00,0.0
2020-12-23 08:20:29-03:00,0.0
2020-12-23 08:25:29-03:00,0.0
2020-12-23 08:30:29-03:00,0.0
2020-12-23 08:35:30-03:00,0.0
2020-12-23 08:40:30-03:00,0.0
2020-12-23 08:45:30-03:00,0.0
2020-12-23 08:50:30-03:00,0.0
2020-12-23 08:55:31-03:00,0.0
2020-12-23 09:00:31-03:00,0.0
2020-12-23 09:05:31-03:00,0.0
2020-12-23 09:10:32-03:00,0.0
2020-12-23 09:15:32-03:00,0.0
2020-12-23 09:20:32-03:00,0.0
2020-12-23 09:25:33-03:00,5.7
2020-12-23 09:30:34-03:00,5.7
2020-12-23 09:35:33-03:00,5.7
2020-12-23 09:40:34-03:00,5.7
2020-12-23 09:45:34-03:00,5.8
2020-12-23 09:50:34-03:00,5.6
2020-12-23 09:55:35-03:00,5.6
2020-12-23 10:00:35-03:00,5.6
2020-12-23 10:05:35-03:00,5.6
2020-12-23 10:10:36-03:00,5.6
2020-12-23 10:15:36-03:00,5.6
2020-12-23 10:20:36-03:00,5.6
2020-12-23 10:25:36-03:00,5.6
2020-12-23 10:30:37-03:00,5.6
2020-12-23 10:35:37-03:00,5.6
2020-12-23 10:40:37-03:00,5.6
2020-12-23 10:45:38-03:00,5.6
2020-12-23 10:50:38-03:00,0.0
2020-12-23 10:55:38-03:00,0.0
2020-12-23 11:00:39-03:00,0.0
2020-12-23 11:05:39-03:00,0.0
2020-12-23 11:10:39-03:00,0.0
2020-12-23 11:15:40-03:00,0.0
2020-12-23 11:20:40-03:00,0.0
2020-12-23 11:25:40-03:00,0.0
2020-12-23 11:30:41-03:00,0.0
2020-12-23 11:35:41-03:00,0.0
2020-12-23 11:40:41-03:00,0.0
2020-12-23 11:45:41-03:00,0.0
2020-12-23 11:50:42-03:00,0.0
2020-12-23 11:55:42-03:00,0.0
2020-12-23 12:00:42-03:00,0.0
2020-12-23 12:05:43-03:00,0.0
2020-12-23 12:10:43-03:00,0.0
2020-12-23 12:15:43-03:00,0.0
2020-12-23 12:20:44-03:00,3.9
2020-12-23 12:25:44-03:00,5.8
2020-12-23 12:30:44-03:00,5.8
2020-12-23 12:35:45-03:00,5.8
2020-12-23 12:40:45-03:00,5.8
2020-12-23 12:45:45-03:00,5.7
2020-12-23 12:50:46-03:00,5.7
2020-12-23 12:55:46-03:00,5.7
2020-12-23 13:00:46-03:00,5.7
2020-12-23 13:05:46-03:00,5.7
2020-12-23 13:10:47-03:00,5.6
2020-12-23 13:15:47-03:00,5.6
2020-12-23 13:20:47-03:00,0.0
2020-12-23 13:25:48-03:00,0.0
2020-12-23 13:30:48-03:00,0.0
2020-12-23 13:35:48-03:00,0.0
2020-12-23 13:40:49-03:00,0.0
2020-12-23 13:45:49-03:00,0.0
2020-12-23 13:50:49-03:00,0.0
2020-12-23 13:55:50-03:00,0.0
2020-12-23 14:00:50-03:00,0.0
2020-12-23 14:05:50-03:00,0.0
2020-12-23 14:10:51-03:00,6.1
2020-12-23 14:15:51-03:00,5.8
2020-12-23 14:20:51-03:00,5.7
2020-12-23 14:25:51-03:00,5.7
2020-12-23 14:30:52-03:00,5.7
2020-12-23 14:35:52-03:00,5.7
2020-12-23 14:40:52-03:00,5.8
2020-12-23 14:45:53-03:00,5.6
2020-12-23 14:50:53-03:00,0.0
2020-12-23 14:55:53-03:00,0.0
2020-12-23 15:00:54-03:00,0.0
2020-12-23 15:05:54-03:00,0.0
2020-12-23 15:10:54-03:00,0.0
2020-12-23 15:15:55-03:00,0.0
2020-12-23 15:20:55-03:00,0.0
2020-12-23 15:25:55-03:00,0.0
2020-12-23 15:30:56-03:00,0.0
2020-12-23 15:35:56-03:00,0.0
2020-12-23 15:40:56-03:00,0.0
2020-12-23 15:45:57-03:00,0.0
2020-12-23 15:50:57-03:00,0.0
2020-12-23 15:55:57-03:00,0.0
2020-12-23 16:00:58-03:00,5.8
2020-12-23 16:05:58-03:00,5.8
2020-12-23 16:10:58-03:00,5.7
2020-12-23 16:15:59-03:00,5.7
2020-12-23 16:20:59-03:00,5.7
2020-12-23 16:25:59-03:00,5.8
2020-12-23 16:31:00-03:00,5.6
2020-12-23 16:36:00-03:00,5.6
2020-12-23 16:41:00-03:00,0.0
2020-12-23 16:46:00-03:00,0.0
2020-12-23 16:51:01-03:00,0.0
2020-12-23 16:56:01-03:00,0.0
2020-12-23 17:01:01-03:00,0.0
2020-12-23 17:06:02-03:00,0.0
2020-12-23 17:11:02-03:00,0.0
2020-12-23 17:16:02-03:00,0.0
2020-12-23 17:21:03-03:00,0.0
2020-12-23 17:26:03-03:00,0.0
2020-12-23 17:31:03-03:00,0.0
2020-12-23 17:36:04-03:00,0.0
2020-12-23 17:41:04-03:00,0.0
2020-12-23 17:46:04-03:00,5.8
2020-12-23 17:51:05-03:00,5.7
2020-12-23 17:56:05-03:00,5.7
2020-12-23 18:01:05-03:00,5.7
2020-12-23 18:06:06-03:00,5.7
2020-12-23 18:11:06-03:00,5.7
2020-12-23 18:16:06-03:00,5.6
2020-12-23 18:21:07-03:00,0.0
2020-12-23 18:26:07-03:00,0.0
2020-12-23 18:31:07-03:00,0.0
2020-12-23 18:36:07-03:00,0.0
2020-12-23 18:41:08-03:00,0.0
2020-12-23 18:46:08-03:00,0.0
2020-12-23 18:51:08-03:00,0.0
2020-12-23 18:56:09-03:00,5.8
2020-12-23 19:01:09-03:00,5.7
2020-12-23 19:06:09-03:00,5.7
2020-12-23 19:11:10-03:00,5.7
2020-12-23 19:16:10-03:00,5.7
2020-12-23 19:21:10-03:00,5.6
2020-12-23 19:26:11-03:00,0.0
2020-12-23 19:31:11-03:00,0.0
2020-12-23 19:36:11-03:00,0.0
2020-12-23 19:41:12-03:00,5.7
2020-12-23 19:46:12-03:00,5.8
2020-12-23 19:51:12-03:00,5.6
2020-12-23 19:56:12-03:00,5.6
2020-12-23 20:01:13-03:00,0.0
2020-12-23 20:06:13-03:00,0.0
2020-12-23 20:11:13-03:00,0.0
2020-12-23 20:16:14-03:00,0.0
2020-12-23 20:21:14-03:00,5.8
2020-12-23 20:26:14-03:00,5.8
2020-12-23 20:31:15-03:00,5.7
2020-12-23 20:36:15-03:00,5.6
2020-12-23 20:41:15-03:00,5.6
2020-12-23 20:46:16-03:00,0.0
2020-12-23 20:51:16-03:00,0.0
2020-12-23 20:56:16-03:00,0.0
2020-12-23 21:01:16-03:00,5.8
2020-12-23 21:06:17-03:00,5.6
2020-12-23 21:11:17-03:00,5.6
2020-12-23 21:16:17-03:00,0.0
2020-12-23 21:21:18-03:00,5.8
2020-12-23 21:26:18-03:00,5.6
2020-12-23 21:31:18-03:00,0.0
2020-12-23 21:36:19-03:00,5.7
2020-12-23 21:41:19-03:00,5.6
2020-12-23 21:46:19-03:00,0.0
2020-12-23 21:51:20-03:00,0.0
2020-12-23 21:56:20-03:00,5.8
2020-12-23 22:01:20-03:00,5.6
2020-12-23 22:06:20-03:00,5.6
2020-12-23 22:11:21-03:00,0.0
2020-12-23 22:16:21-03:00,0.0
2020-12-23 22:21:21-03:00,0.0
2020-12-23 22:26:22-03:00,0.0
2020-12-23 22:31:22-03:00,0.0
2020-12-23 22:36:22-03:00,0.0
2020-12-23 22:41:23-03:00,0.0
2020-12-23 22:46:23-03:00,0.0
2020-12-23 22:51:23-03:00,0.0
2020-12-23 22:56:24-03:00,5.8
2020-12-23 23:01:24-03:00,5.7
2020-12-23 23:06:24-03:00,5.7
2020-12-23 23:11:25-03:00,5.7
2020-12-23 23:16:25-03:00,5.7
2020-12-23 23:21:25-03:00,5.6
2020-12-23 23:26:25-03:00,0.0
2020-12-23 23:31:26-03:00,0.0
2020-12-23 23:36:26-03:00,0.0
2020-12-23 23:41:26-03:00,0.0
2020-12-23 23:46:27-03:00,0.0
2020-12-23 23:51:27-03:00,0.0
2020-12-23 23:56:27-03:00,0.0
2020-12-24 00:01:28-03:00,0.0
2020-12-24 00:06:28-03:00,0.0
2020-12-24 00:11:28-03:00,0.0
2020-12-24 00:16:29-03:00,0.0
2020-12-24 00:21:29-03:00,0.0
2020-12-24 00:26:29-03:00,0.0
2020-12-24 00:31:29-03:00,0.0
2020-12-24 00:36:30-03:00,0.0
2020-12-24 00:41:30-03:00,5.8
2020-12-24 00:46:30-03:00,5.8
2020-12-24 00:51:31-03:00,5.8
2020-12-24 00:56:31-03:00,5.7
2020-12-24 01:01:31-03:00,5.7
2020-12-24 01:06:32-03:00,5.7
2020-12-24 01:11:32-03:00,5.8
2020-12-24 01:16:32-03:00,5.6
2020-12-24 01:21:33-03:00,0.0
2020-12-24 01:26:33-03:00,0.0
2020-12-24 01:31:33-03:00,0.0
2020-12-24 01:36:34-03:00,0.0
2020-12-24 01:41:34-03:00,0.0
2020-12-24 01:46:34-03:00,0.0
2020-12-24 01:51:35-03:00,0.0
2020-12-24 01:56:35-03:00,0.0
2020-12-24 02:01:35-03:00,0.0
2020-12-24 02:06:35-03:00,0.0
2020-12-24 02:11:36-03:00,0.0
2020-12-24 02:16:36-03:00,0.0
2020-12-24 02:21:36-03:00,0.0
2020-12-24 02:26:37-03:00,0.0
2020-12-24 02:31:37-03:00,0.0
2020-12-24 02:36:37-03:00,0.0
2020-12-24 02:41:38-03:00,0.0
2020-12-24 02:46:38-03:00,0.0
2020-12-24 02:51:38-03:00,0.0
2020-12-24 02:56:39-03:00,0.0
2020-12-24 03:01:39-03:00,0.0
2020-12-24 03:06:39-03:00,0.0
2020-12-24 03:11:40-03:00,0.0
2020-12-24 03:16:40-03:00,0.0
2020-12-24 03:21:40-03:00,0.0
2020-12-24 03:26:40-03:00,0.0
2020-12-24 03:31:41-03:00,0.0
2020-12-24 03:36:41-03:00,0.0
2020-12-24 03:41:41-03:00,0.0
2020-12-24 03:46:42-03:00,0.0
2020-12-24 03:51:42-03:00,0.0
2020-12-24 03:56:42-03:00,0.0
2020-12-24 04:01:43-03:00,0.0
2020-12-24 04:06:43-03:00,0.0
2020-12-24 04:11:43-03:00,0.0
2020-12-24 04:16:44-03:00,0.0
2020-12-24 04:21:44-03:00,0.0
2020-12-24 04:26:44-03:00,0.0
2020-12-24 04:31:44-03:00,0.0
2020-12-24 04:36:45-03:00,0.0
2020-12-24 04:41:45-03:00,0.0
2020-12-24 04:46:45-03:00,0.0
2020-12-24 04:51:46-03:00,0.0
2020-12-24 04:56:46-03:00,0.0
2020-12-24 05:01:46-03:00,0.0
2020-12-24 05:06:47-03:00,0.0
2020-12-24 05:11:47-03:00,0.0
2020-12-24 05:16:47-03:00,0.0
2020-12-24 05:21:48-03:00,0.0
2020-12-24 05:26:48-03:00,0.0
2020-12-24 05:31:48-03:00,0.0
2020-12-24 05:36:49-03:00,0.0
2020-12-24 05:41:49-03:00,0.0
2020-12-24 05:46:49-03:00,0.0
2020-12-24 05:51:49-03:00,0.0
2020-12-24 05:56:50-03:00,0.0
2020-12-24 06:01:50-03:00,0.0
2020-12-24 06:06:50-03:00,0.0
2020-12-24 06:11:51-03:00,0.0
2020-12-24 06:16:51-03:00,0.0
2020-12-24 06:21:51-03:00,0.0
2020-12-24 06:26:52-03:00,0.0
2020-12-24 06:31:52-03:00,0.0
2020-12-24 06:36:52-03:00,0.0
2020-12-24 06:41:53-03:00,0.0
2020-12-24 06:46:53-03:00,0.0
2020-12-24 06:51:53-03:00,5.8
2020-12-24 06:56:53-03:00,5.7
2020-12-24 07:01:54-03:00,5.7
2020-12-24 07:06:54-03:00,5.7
2020-12-24 07:11:54-03:00,5.7
2020-12-24 07:16:55-03:00,5.7
2020-12-24 07:21:55-03:00,5.7
2020-12-24 07:26:55-03:00,5.7
2020-12-24 07:31:56-03:00,5.7
2020-12-24 07:36:56-03:00,5.7
2020-12-24 07:41:56-03:00,5.7
2020-12-24 07:46:57-03:00,0.0
2020-12-24 07:51:57-03:00,0.0
2020-12-24 07:56:57-03:00,0.0
2020-12-24 08:01:58-03:00,0.0
2020-12-24 08:06:58-03:00,0.0
2020-12-24 08:11:58-03:00,0.0
2020-12-24 08:16:58-03:00,0.0
2020-12-24 08:21:59-03:00,0.0
2020-12-24 08:26:59-03:00,0.0
2020-12-24 08:31:59-03:00,0.0
2020-12-24 08:37:00-03:00,0.0
2020-12-24 08:42:00-03:00,0.0
2020-12-24 08:47:00-03:00,0.0
2020-12-24 08:52:01-03:00,0.0
2020-12-24 08:57:01-03:00,0.0
2020-12-24 09:02:01-03:00,0.0
2020-12-24 09:07:01-03:00,0.0
2020-12-24 09:12:02-03:00,0.0
2020-12-24 09:17:02-03:00,5.7
2020-12-24 09:22:02-03:00,5.7
2020-12-24 09:27:03-03:00,5.7
2020-12-24 09:32:03-03:00,5.7
2020-12-24 09:37:04-03:00,5.7
2020-12-24 09:42:04-03:00,5.7
2020-12-24 09:47:04-03:00,5.7
2020-12-24 09:52:05-03:00,5.7
2020-12-24 09:57:05-03:00,5.6
2020-12-24 10:02:05-03:00,5.6
2020-12-24 10:07:06-03:00,5.6
2020-12-24 10:12:06-03:00,5.6
2020-12-24 10:17:06-03:00,5.6
2020-12-24 10:22:06-03:00,5.6
2020-12-24 10:27:07-03:00,5.5
2020-12-24 10:32:07-03:00,5.5
2020-12-24 10:37:07-03:00,5.5
2020-12-24 10:42:08-03:00,0.0
2020-12-24 10:47:08-03:00,0.0
2020-12-24 10:52:08-03:00,0.0
2020-12-24 10:57:09-03:00,0.0
2020-12-24 11:02:09-03:00,0.0
2020-12-24 11:07:09-03:00,0.0
2020-12-24 11:12:10-03:00,0.0
2020-12-24 11:17:10-03:00,0.0
2020-12-24 11:22:10-03:00,0.0
2020-12-24 11:27:10-03:00,0.0
2020-12-24 11:32:11-03:00,0.0
2020-12-24 11:37:11-03:00,5.7
2020-12-24 11:42:11-03:00,5.7
2020-12-24 11:47:12-03:00,5.7
2020-12-24 11:52:12-03:00,5.6
2020-12-24 11:57:12-03:00,5.7
2020-12-24 12:02:13-03:00,5.5
2020-12-24 12:07:13-03:00,5.5
2020-12-24 12:12:13-03:00,5.4
2020-12-24 12:17:14-03:00,0.0
2020-12-24 12:22:14-03:00,0.0
2020-12-24 12:27:14-03:00,0.0
2020-12-24 12:32:14-03:00,5.8
2020-12-24 12:37:15-03:00,5.6
2020-12-24 12:42:15-03:00,5.5
2020-12-24 12:47:15-03:00,5.5
2020-12-24 12:52:16-03:00,0.0
2020-12-24 12:57:16-03:00,0.0
2020-12-24 13:02:16-03:00,0.0
2020-12-24 13:07:17-03:00,5.6
2020-12-24 13:12:17-03:00,5.5
2020-12-24 13:17:17-03:00,5.5
2020-12-24 13:22:18-03:00,0.0
2020-12-24 13:27:18-03:00,0.0
2020-12-24 13:32:18-03:00,0.0
2020-12-24 13:37:19-03:00,5.6
2020-12-24 13:42:19-03:00,5.5
2020-12-24 13:47:19-03:00,5.5
2020-12-24 13:52:19-03:00,0.0
2020-12-24 13:57:20-03:00,5.6
2020-12-24 14:02:20-03:00,5.5
2020-12-24 14:07:20-03:00,0.0
2020-12-24 14:12:21-03:00,5.5
2020-12-24 14:17:21-03:00,0.0
2020-12-24 14:22:21-03:00,5.7
2020-12-24 14:27:22-03:00,5.5
2020-12-24 14:32:22-03:00,0.0
2020-12-24 14:37:22-03:00,5.5
2020-12-24 14:42:23-03:00,0.0
2020-12-24 14:47:23-03:00,5.7
2020-12-24 14:52:23-03:00,5.5
2020-12-24 14:57:23-03:00,0.0
2020-12-24 15:02:24-03:00,5.8
2020-12-24 15:07:24-03:00,5.5
2020-12-24 15:12:24-03:00,0.0
2020-12-24 15:17:25-03:00,0.0
2020-12-24 15:22:25-03:00,5.6
2020-12-24 15:27:25-03:00,5.5
2020-12-24 15:32:26-03:00,0.0
2020-12-24 15:37:26-03:00,0.0
2020-12-24 15:42:26-03:00,5.6
2020-12-24 15:47:27-03:00,5.5
2020-12-24 15:52:27-03:00,0.0
2020-12-24 15:57:27-03:00,0.0
2020-12-24 16:02:27-03:00,5.9
2020-12-24 16:07:28-03:00,5.6
2020-12-24 16:12:28-03:00,5.5
2020-12-24 16:17:28-03:00,0.0
2020-12-24 16:22:29-03:00,0.0
2020-12-24 16:27:29-03:00,0.0
2020-12-24 16:32:29-03:00,5.7
2020-12-24 16:37:30-03:00,5.6
2020-12-24 16:42:30-03:00,5.5
2020-12-24 16:47:30-03:00,5.5
2020-12-24 16:52:31-03:00,0.0
2020-12-24 16:57:31-03:00,0.0
2020-12-24 17:02:31-03:00,0.0
2020-12-24 17:07:31-03:00,0.0
2020-12-24 17:12:32-03:00,5.8
2020-12-24 17:17:32-03:00,5.6
2020-12-24 17:22:32-03:00,5.5
2020-12-24 17:27:33-03:00,0.0
2020-12-24 17:32:32-03:00,0.0
2020-12-24 17:37:32-03:00,0.0
2020-12-24 17:42:32-03:00,6.8
2020-12-24 17:47:33-03:00,5.6
2020-12-24 17:52:33-03:00,5.5
2020-12-24 17:57:33-03:00,5.5
2020-12-24 18:02:34-03:00,0.0
2020-12-24 18:07:34-03:00,0.0
2020-12-24 18:12:34-03:00,0.0
2020-12-24 18:17:35-03:00,5.7
2020-12-24 18:22:35-03:00,5.5
2020-12-24 18:27:35-03:00,5.5
2020-12-24 18:32:36-03:00,0.0
2020-12-24 18:37:37-03:00,0.0
2020-12-24 18:42:37-03:00,0.0
2020-12-24 18:47:38-03:00,0.0
2020-12-24 18:52:38-03:00,5.8
2020-12-24 18:57:38-03:00,5.6
2020-12-24 19:02:39-03:00,5.5
2020-12-24 19:07:39-03:00,5.5
2020-12-24 19:12:39-03:00,0.0
2020-12-24 19:17:39-03:00,0.0
2020-12-24 19:22:40-03:00,45.4
2020-12-24 19:27:40-03:00,5.5
2020-12-24 19:32:41-03:00,5.5
2020-12-24 19:37:41-03:00,5.5
2020-12-24 19:42:41-03:00,0.0
2020-12-24 19:47:41-03:00,5.5
2020-12-24 19:52:42-03:00,0.0
2020-12-24 19:57:42-03:00,5.5
2020-12-24 20:02:42-03:00,0.0
2020-12-24 20:07:43-03:00,5.7
2020-12-24 20:12:43-03:00,0.0
2020-12-24 20:17:43-03:00,5.5
2020-12-24 20:22:44-03:00,0.0
2020-12-24 20:27:44-03:00,5.5
2020-12-24 20:32:44-03:00,0.0
2020-12-24 20:37:45-03:00,5.5
2020-12-24 20:42:45-03:00,5.8
2020-12-24 20:47:45-03:00,0.0
2020-12-24 20:52:45-03:00,5.6
2020-12-24 20:57:46-03:00,0.0
2020-12-24 21:02:46-03:00,5.5
2020-12-24 21:07:46-03:00,0.0
2020-12-24 21:12:47-03:00,5.5
2020-12-24 21:17:47-03:00,45.4
2020-12-24 21:22:47-03:00,0.0
2020-12-24 21:27:48-03:00,5.6
2020-12-24 21:32:48-03:00,0.0
2020-12-24 21:37:48-03:00,5.5
2020-12-24 21:42:49-03:00,0.0
2020-12-24 21:47:49-03:00,5.5
2020-12-24 21:52:49-03:00,0.0
2020-12-24 21:57:50-03:00,0.0
2020-12-24 22:02:50-03:00,5.8
2020-12-24 22:07:50-03:00,0.0
2020-12-24 22:12:50-03:00,5.7
2020-12-24 22:17:51-03:00,0.0
2020-12-24 22:22:51-03:00,5.5
2020-12-24 22:27:51-03:00,0.0
2020-12-24 22:32:52-03:00,5.5
2020-12-24 22:37:52-03:00,0.0
2020-12-24 22:42:52-03:00,0.0
2020-12-24 22:47:53-03:00,5.7
2020-12-24 22:52:53-03:00,0.0
2020-12-24 22:57:53-03:00,5.5
2020-12-24 23:02:54-03:00,0.0
2020-12-24 23:07:54-03:00,5.5
2020-12-24 23:12:54-03:00,0.0
2020-12-24 23:17:55-03:00,0.0
2020-12-24 23:22:55-03:00,5.7
2020-12-24 23:27:55-03:00,0.0
2020-12-24 23:32:55-03:00,5.5
2020-12-24 23:37:56-03:00,0.0
2020-12-24 23:42:56-03:00,0.0
2020-12-24 23:47:56-03:00,0.0
2020-12-24 23:52:57-03:00,5.7
2020-12-24 23:57:57-03:00,5.5
2020-12-25 00:02:57-03:00,0.0
2020-12-25 00:07:58-03:00,0.0
2020-12-25 00:12:58-03:00,0.0
2020-12-25 00:17:58-03:00,0.0
2020-12-25 00:22:59-03:00,0.0
2020-12-25 00:27:59-03:00,0.0
2020-12-25 00:32:59-03:00,0.0
2020-12-25 00:37:59-03:00,0.0
2020-12-25 00:43:00-03:00,0.0
2020-12-25 00:48:00-03:00,0.0
2020-12-25 00:53:00-03:00,0.0
2020-12-25 00:58:01-03:00,0.0
2020-12-25 01:03:01-03:00,0.0
2020-12-25 01:08:01-03:00,5.8
2020-12-25 01:13:02-03:00,5.6
2020-12-25 01:18:02-03:00,5.6
2020-12-25 01:23:02-03:00,5.6
2020-12-25 01:28:03-03:00,5.5
2020-12-25 01:33:03-03:00,5.7
2020-12-25 01:38:03-03:00,5.4
2020-12-25 01:43:04-03:00,5.4
2020-12-25 01:48:04-03:00,0.0
2020-12-25 01:53:04-03:00,0.0
2020-12-25 01:58:05-03:00,0.0
2020-12-25 02:03:05-03:00,0.0
2020-12-25 02:08:05-03:00,0.0
2020-12-25 02:13:05-03:00,0.0
2020-12-25 02:18:06-03:00,0.0
2020-12-25 02:23:06-03:00,0.0
2020-12-25 02:28:06-03:00,0.0
2020-12-25 02:33:07-03:00,0.0
2020-12-25 02:38:07-03:00,0.0
2020-12-25 02:43:07-03:00,0.0
2020-12-25 02:48:08-03:00,0.0
2020-12-25 02:53:08-03:00,0.0
2020-12-25 02:58:08-03:00,0.0
2020-12-25 03:03:09-03:00,0.0
2020-12-25 03:08:09-03:00,0.0
2020-12-25 03:13:09-03:00,0.0
2020-12-25 03:18:10-03:00,0.0
2020-12-25 03:23:10-03:00,0.0
2020-12-25 03:28:10-03:00,0.0
2020-12-25 03:33:11-03:00,0.0
2020-12-25 03:38:11-03:00,0.0
2020-12-25 03:43:11-03:00,0.0
2020-12-25 03:48:12-03:00,0.0
2020-12-25 03:53:12-03:00,0.0
2020-12-25 03:58:12-03:00,0.0
2020-12-25 04:03:12-03:00,0.0
2020-12-25 04:08:13-03:00,0.0
2020-12-25 04:13:13-03:00,0.0
2020-12-25 04:18:13-03:00,0.0
2020-12-25 04:23:14-03:00,0.0
2020-12-25 04:28:14-03:00,0.0
2020-12-25 04:33:14-03:00,0.0
2020-12-25 04:38:15-03:00,0.0
2020-12-25 04:43:15-03:00,0.0
2020-12-25 04:48:15-03:00,0.0
2020-12-25 04:53:16-03:00,0.0
2020-12-25 04:58:16-03:00,0.0
2020-12-25 05:03:16-03:00,0.0
2020-12-25 05:08:16-03:00,0.0
2020-12-25 05:13:17-03:00,0.0
2020-12-25 05:18:17-03:00,0.0
2020-12-25 05:23:17-03:00,0.0
2020-12-25 05:28:18-03:00,0.0
2020-12-25 05:33:18-03:00,0.0
2020-12-25 05:38:18-03:00,0.0
2020-12-25 05:43:19-03:00,3.9
2020-12-25 05:48:19-03:00,5.8
2020-12-25 05:53:19-03:00,5.8
2020-12-25 05:58:20-03:00,5.8
2020-12-25 06:03:20-03:00,5.8
2020-12-25 06:08:20-03:00,5.8
2020-12-25 06:13:20-03:00,5.7
2020-12-25 06:18:21-03:00,5.8
2020-12-25 06:23:21-03:00,5.7
2020-12-25 06:28:21-03:00,5.7
2020-12-25 06:33:22-03:00,5.7
2020-12-25 06:38:22-03:00,0.0
2020-12-25 06:43:22-03:00,0.0
2020-12-25 06:48:23-03:00,0.0
2020-12-25 06:53:23-03:00,0.0
2020-12-25 06:58:23-03:00,0.0
2020-12-25 07:03:24-03:00,0.0
2020-12-25 07:08:24-03:00,0.0
2020-12-25 07:13:24-03:00,0.0
2020-12-25 07:18:24-03:00,0.0
2020-12-25 07:23:25-03:00,0.0
2020-12-25 07:28:25-03:00,0.0
2020-12-25 07:33:26-03:00,0.0
2020-12-25 07:38:26-03:00,0.0
2020-12-25 07:43:26-03:00,0.0
2020-12-25 07:48:27-03:00,0.0
2020-12-25 07:53:27-03:00,0.0
2020-12-25 07:58:27-03:00,0.0
2020-12-25 08:03:27-03:00,0.0
2020-12-25 08:08:28-03:00,0.0
2020-12-25 08:13:28-03:00,0.0
2020-12-25 08:18:28-03:00,0.0
2020-12-25 08:23:29-03:00,0.0
2020-12-25 08:28:29-03:00,0.0
2020-12-25 08:33:29-03:00,0.0
2020-12-25 08:38:30-03:00,0.0
2020-12-25 08:43:30-03:00,0.0
2020-12-25 08:48:30-03:00,0.0
2020-12-25 08:53:31-03:00,0.0
2020-12-25 08:58:31-03:00,0.0
2020-12-25 09:03:31-03:00,0.0
2020-12-25 09:08:32-03:00,0.0
2020-12-25 09:13:32-03:00,0.0
2020-12-25 09:18:32-03:00,0.0
2020-12-25 09:23:32-03:00,6.1
2020-12-25 09:28:33-03:00,5.8
2020-12-25 09:33:33-03:00,5.8
2020-12-25 09:38:33-03:00,5.8
2020-12-25 09:43:34-03:00,5.8
2020-12-25 09:48:34-03:00,5.8
2020-12-25 09:53:34-03:00,5.8
2020-12-25 09:58:35-03:00,5.9
2020-12-25 10:03:35-03:00,5.8
2020-12-25 10:08:35-03:00,5.7
2020-12-25 10:13:36-03:00,5.8
2020-12-25 10:18:36-03:00,5.7
2020-12-25 10:23:36-03:00,5.7
2020-12-25 10:28:36-03:00,5.7
2020-12-25 10:33:37-03:00,5.7
2020-12-25 10:38:37-03:00,5.6
2020-12-25 10:43:37-03:00,0.0
2020-12-25 10:48:38-03:00,0.0
2020-12-25 10:53:38-03:00,0.0
2020-12-25 10:58:38-03:00,0.0
2020-12-25 11:03:39-03:00,0.0
2020-12-25 11:08:39-03:00,0.0
2020-12-25 11:13:39-03:00,0.0
2020-12-25 11:18:40-03:00,0.0
2020-12-25 11:23:40-03:00,0.0
2020-12-25 11:28:40-03:00,0.0
2020-12-25 11:33:41-03:00,0.0
2020-12-25 11:38:41-03:00,0.0
2020-12-25 11:43:41-03:00,0.0
2020-12-25 11:48:41-03:00,0.0
2020-12-25 11:53:42-03:00,5.8
2020-12-25 11:58:42-03:00,5.8
2020-12-25 12:03:42-03:00,5.8
2020-12-25 12:08:43-03:00,5.8
2020-12-25 12:13:43-03:00,5.7
2020-12-25 12:18:43-03:00,5.8
2020-12-25 12:23:44-03:00,5.7
2020-12-25 12:28:44-03:00,5.6
2020-12-25 12:33:44-03:00,5.6
2020-12-25 12:38:45-03:00,0.0
2020-12-25 12:43:45-03:00,0.0
2020-12-25 12:48:45-03:00,0.0
2020-12-25 12:53:46-03:00,5.8
2020-12-25 12:58:46-03:00,5.7
2020-12-25 13:03:46-03:00,5.6
2020-12-25 13:08:46-03:00,5.6
2020-12-25 13:13:47-03:00,0.0
2020-12-25 13:18:47-03:00,0.0
2020-12-25 13:23:47-03:00,5.9
2020-12-25 13:28:48-03:00,5.6
2020-12-25 13:33:48-03:00,5.6
2020-12-25 13:38:48-03:00,0.0
2020-12-25 13:43:49-03:00,0.0
2020-12-25 13:48:49-03:00,5.8
2020-12-25 13:53:49-03:00,5.6
2020-12-25 13:58:50-03:00,0.0
2020-12-25 14:03:50-03:00,0.0
2020-12-25 14:08:50-03:00,0.0
2020-12-25 14:13:51-03:00,5.8
2020-12-25 14:18:51-03:00,5.6
2020-12-25 14:23:51-03:00,5.6
2020-12-25 14:28:52-03:00,0.0
2020-12-25 14:33:52-03:00,0.0
2020-12-25 14:38:52-03:00,6.0
2020-12-25 14:43:53-03:00,5.7
2020-12-25 14:48:53-03:00,5.6
2020-12-25 14:53:53-03:00,0.0
2020-12-25 14:58:53-03:00,0.0
2020-12-25 15:03:54-03:00,0.0
2020-12-25 15:08:54-03:00,5.7
2020-12-25 15:13:54-03:00,5.6
2020-12-25 15:18:55-03:00,0.0
2020-12-25 15:23:55-03:00,0.0
2020-12-25 15:28:55-03:00,5.6
2020-12-25 15:33:56-03:00,0.0
2020-12-25 15:38:56-03:00,5.9
2020-12-25 15:43:56-03:00,5.6
2020-12-25 15:48:57-03:00,0.0
2020-12-25 15:53:57-03:00,0.0
2020-12-25 15:58:57-03:00,5.8
2020-12-25 16:03:57-03:00,5.6
2020-12-25 16:08:58-03:00,0.0
2020-12-25 16:13:58-03:00,0.0
2020-12-25 16:18:58-03:00,0.0
2020-12-25 16:23:59-03:00,5.8
2020-12-25 16:28:59-03:00,5.6
2020-12-25 16:33:59-03:00,0.0
2020-12-25 16:39:00-03:00,0.0
2020-12-25 16:44:00-03:00,0.0
2020-12-25 16:49:00-03:00,5.8
2020-12-25 16:54:01-03:00,5.6
2020-12-25 16:59:01-03:00,0.0
2020-12-25 17:04:01-03:00,0.0
2020-12-25 17:09:02-03:00,0.0
2020-12-25 17:14:02-03:00,5.8
2020-12-25 17:19:02-03:00,5.6
2020-12-25 17:24:02-03:00,0.0
2020-12-25 17:29:03-03:00,0.0
2020-12-25 17:34:03-03:00,5.6
2020-12-25 17:39:04-03:00,0.0
2020-12-25 17:44:04-03:00,0.0
2020-12-25 17:49:04-03:00,5.6
2020-12-25 17:54:04-03:00,0.0
2020-12-25 17:59:05-03:00,5.6
2020-12-25 18:04:05-03:00,0.0
2020-12-25 18:09:05-03:00,0.0
2020-12-25 18:14:06-03:00,7.4
2020-12-25 18:19:06-03:00,0.0
2020-12-25 18:24:06-03:00,5.7
2020-12-25 18:29:07-03:00,0.0
2020-12-25 18:34:07-03:00,5.6
2020-12-25 18:39:07-03:00,0.0
2020-12-25 18:44:08-03:00,0.0
2020-12-25 18:49:08-03:00,5.8
2020-12-25 18:54:08-03:00,0.0
2020-12-25 18:59:08-03:00,5.7
2020-12-25 19:04:09-03:00,0.0
2020-12-25 19:09:09-03:00,5.6
2020-12-25 19:14:09-03:00,0.0
2020-12-25 19:19:10-03:00,0.0
2020-12-25 19:24:10-03:00,5.9
2020-12-25 19:29:10-03:00,0.0
2020-12-25 19:34:11-03:00,5.7
2020-12-25 19:39:11-03:00,0.0
2020-12-25 19:44:12-03:00,5.6
2020-12-25 19:49:12-03:00,0.0
2020-12-25 19:54:12-03:00,0.0
2020-12-25 19:59:12-03:00,8.3
2020-12-25 20:04:13-03:00,0.0
2020-12-25 20:09:13-03:00,5.8
2020-12-25 20:14:13-03:00,0.0
2020-12-25 20:19:14-03:00,5.6
2020-12-25 20:24:14-03:00,0.0
2020-12-25 20:29:14-03:00,5.6
2020-12-25 20:34:15-03:00,0.0
2020-12-25 20:39:15-03:00,0.0
2020-12-25 20:44:15-03:00,5.8
2020-12-25 20:49:16-03:00,0.0
2020-12-25 20:54:16-03:00,5.6
2020-12-25 20:59:16-03:00,0.0
2020-12-25 21:04:16-03:00,5.6
2020-12-25 21:09:17-03:00,50.0
2020-12-25 21:14:17-03:00,0.0
2020-12-25 21:19:17-03:00,5.7
2020-12-25 21:24:18-03:00,0.0
2020-12-25 21:29:18-03:00,5.6
2020-12-25 21:34:18-03:00,0.0
2020-12-25 21:39:19-03:00,0.0
2020-12-25 21:44:19-03:00,5.8
2020-12-25 21:49:19-03:00,0.0
2020-12-25 21:54:20-03:00,5.6
2020-12-25 21:59:20-03:00,0.0
2020-12-25 22:04:20-03:00,5.6
2020-12-25 22:09:21-03:00,0.0
2020-12-25 22:14:21-03:00,0.0
2020-12-25 22:19:21-03:00,5.7
2020-12-25 22:24:21-03:00,0.0
2020-12-25 22:29:22-03:00,5.6
2020-12-25 22:34:22-03:00,0.0
2020-12-25 22:39:22-03:00,0.0
2020-12-25 22:44:23-03:00,5.8
2020-12-25 22:49:23-03:00,0.0
2020-12-25 22:54:23-03:00,5.6
2020-12-25 22:59:24-03:00,0.0
2020-12-25 23:04:24-03:00,5.6
2020-12-25 23:09:24-03:00,0.0
2020-12-25 23:14:25-03:00,0.0
2020-12-25 23:19:25-03:00,5.8
2020-12-25 23:24:25-03:00,0.0
2020-12-25 23:29:25-03:00,5.6
2020-12-25 23:34:26-03:00,0.0
2020-12-25 23:39:26-03:00,0.0
2020-12-25 23:44:26-03:00,12.3
2020-12-25 23:49:27-03:00,0.0
2020-12-25 23:54:27-03:00,5.6
2020-12-25 23:59:27-03:00,0.0
2020-12-26 00:04:28-03:00,5.6
2020-12-26 00:09:28-03:00,12.5
2020-12-26 00:14:28-03:00,0.0
2020-12-26 00:19:29-03:00,5.6
2020-12-26 00:24:29-03:00,0.0
2020-12-26 00:29:29-03:00,5.6
2020-12-26 00:34:30-03:00,0.0
2020-12-26 00:39:30-03:00,0.0
2020-12-26 00:44:30-03:00,5.8
2020-12-26 00:49:30-03:00,0.0
2020-12-26 00:54:31-03:00,0.0
2020-12-26 00:59:31-03:00,5.8
2020-12-26 01:04:31-03:00,5.6
2020-12-26 01:09:32-03:00,0.0
2020-12-26 01:14:32-03:00,0.0
2020-12-26 01:19:32-03:00,0.0
2020-12-26 01:24:33-03:00,0.0
2020-12-26 01:29:33-03:00,0.0
2020-12-26 01:34:33-03:00,0.0
2020-12-26 01:39:34-03:00,0.0
2020-12-26 01:44:34-03:00,0.0
2020-12-26 01:49:34-03:00,0.0
2020-12-26 01:54:34-03:00,0.0
2020-12-26 01:59:35-03:00,0.0
2020-12-26 02:04:35-03:00,5.8
2020-12-26 02:09:35-03:00,5.7
2020-12-26 02:14:36-03:00,5.7
2020-12-26 02:19:36-03:00,5.7
2020-12-26 02:24:36-03:00,5.7
2020-12-26 02:29:37-03:00,5.6
2020-12-26 02:34:37-03:00,5.7
2020-12-26 02:39:37-03:00,0.0
2020-12-26 02:44:38-03:00,0.0
2020-12-26 02:49:38-03:00,0.0
2020-12-26 02:54:38-03:00,0.0
2020-12-26 02:59:38-03:00,0.0
2020-12-26 03:04:39-03:00,0.0
2020-12-26 03:09:39-03:00,0.0
2020-12-26 03:14:39-03:00,0.0
2020-12-26 03:19:40-03:00,0.0
2020-12-26 03:24:40-03:00,0.0
2020-12-26 03:29:40-03:00,0.0
2020-12-26 03:34:41-03:00,0.0
2020-12-26 03:39:41-03:00,0.0
2020-12-26 03:44:41-03:00,0.0
2020-12-26 03:49:42-03:00,0.0
2020-12-26 03:54:42-03:00,0.0
2020-12-26 03:59:42-03:00,0.0
2020-12-26 04:04:43-03:00,0.0
2020-12-26 04:09:43-03:00,0.0
2020-12-26 04:14:43-03:00,0.0
2020-12-26 04:19:44-03:00,0.0
2020-12-26 04:24:44-03:00,0.0
2020-12-26 04:29:44-03:00,0.0
2020-12-26 04:34:44-03:00,0.0
2020-12-26 04:39:45-03:00,0.0
2020-12-26 04:44:45-03:00,0.0
2020-12-26 04:49:45-03:00,0.0
2020-12-26 04:54:46-03:00,0.0
2020-12-26 04:59:46-03:00,0.0
2020-12-26 05:04:46-03:00,0.0
2020-12-26 05:09:47-03:00,0.0
2020-12-26 05:14:47-03:00,0.0
2020-12-26 05:19:47-03:00,0.0
2020-12-26 05:24:48-03:00,0.0
2020-12-26 05:29:48-03:00,0.0
2020-12-26 05:34:48-03:00,0.0
2020-12-26 05:39:49-03:00,0.0
2020-12-26 05:44:49-03:00,0.0
2020-12-26 05:49:49-03:00,0.0
2020-12-26 05:54:49-03:00,0.0
2020-12-26 05:59:50-03:00,0.0
2020-12-26 06:04:50-03:00,0.0
2020-12-26 06:09:50-03:00,0.0
2020-12-26 06:14:51-03:00,0.0
2020-12-26 06:19:51-03:00,0.0
2020-12-26 06:24:51-03:00,0.0
2020-12-26 06:29:52-03:00,0.0
2020-12-26 06:34:52-03:00,0.0
2020-12-26 06:39:52-03:00,0.0
2020-12-26 06:44:53-03:00,6.0
2020-12-26 06:49:53-03:00,5.7
2020-12-26 06:54:53-03:00,5.7
2020-12-26 06:59:53-03:00,5.7
2020-12-26 07:04:54-03:00,5.7
2020-12-26 07:09:54-03:00,5.7
2020-12-26 07:14:54-03:00,5.7
2020-12-26 07:19:55-03:00,5.9
2020-12-26 07:24:55-03:00,5.7
2020-12-26 07:29:55-03:00,5.7
2020-12-26 07:34:56-03:00,5.7
2020-12-26 07:39:56-03:00,5.7
2020-12-26 07:44:56-03:00,0.0
2020-12-26 07:49:57-03:00,0.0
2020-12-26 07:54:57-03:00,0.0
2020-12-26 07:59:57-03:00,0.0
2020-12-26 08:04:57-03:00,0.0
2020-12-26 08:09:58-03:00,0.0
2020-12-26 08:14:58-03:00,0.0
2020-12-26 08:19:58-03:00,0.0
2020-12-26 08:24:59-03:00,0.0
2020-12-26 08:29:59-03:00,0.0
2020-12-26 08:34:59-03:00,0.0
2020-12-26 08:40:00-03:00,0.0
2020-12-26 08:45:00-03:00,0.0
2020-12-26 08:50:00-03:00,0.0
2020-12-26 08:55:01-03:00,0.0
2020-12-26 09:00:01-03:00,0.0
2020-12-26 09:05:01-03:00,0.0
2020-12-26 09:10:01-03:00,0.0
2020-12-26 09:15:02-03:00,5.7
2020-12-26 09:20:02-03:00,5.7
2020-12-26 09:25:02-03:00,5.7
2020-12-26 09:30:03-03:00,5.7
2020-12-26 09:35:03-03:00,5.7
2020-12-26 09:40:03-03:00,5.8
2020-12-26 09:45:04-03:00,5.7
2020-12-26 09:50:04-03:00,5.7
2020-12-26 09:55:04-03:00,5.7
2020-12-26 10:00:05-03:00,5.7
2020-12-26 10:05:05-03:00,5.6
2020-12-26 10:10:05-03:00,5.6
2020-12-26 10:15:05-03:00,5.6
2020-12-26 10:20:06-03:00,5.5
2020-12-26 10:25:06-03:00,5.5
2020-12-26 10:30:06-03:00,0.0
2020-12-26 10:35:07-03:00,0.0
2020-12-26 10:40:07-03:00,0.0
2020-12-26 10:45:07-03:00,0.0
2020-12-26 10:50:08-03:00,0.0
2020-12-26 10:55:08-03:00,0.0
2020-12-26 11:00:08-03:00,0.0
2020-12-26 11:05:09-03:00,0.0
2020-12-26 11:10:09-03:00,5.7
2020-12-26 11:15:09-03:00,5.7
2020-12-26 11:20:10-03:00,5.6
2020-12-26 11:25:10-03:00,5.8
2020-12-26 11:30:10-03:00,5.6
2020-12-26 11:35:11-03:00,5.5
2020-12-26 11:40:11-03:00,0.0
2020-12-26 11:45:11-03:00,0.0
2020-12-26 11:50:12-03:00,5.8
2020-12-26 11:55:12-03:00,5.6
2020-12-26 12:00:12-03:00,5.5
2020-12-26 12:05:13-03:00,0.0
2020-12-26 12:10:13-03:00,5.5
2020-12-26 12:15:13-03:00,0.0
2020-12-26 12:20:14-03:00,0.0
2020-12-26 12:25:14-03:00,5.7
2020-12-26 12:30:14-03:00,0.0
2020-12-26 12:35:15-03:00,5.6
2020-12-26 12:40:15-03:00,0.0
2020-12-26 12:45:15-03:00,5.5
2020-12-26 12:50:16-03:00,28.5
2020-12-26 12:55:16-03:00,0.0
2020-12-26 13:00:16-03:00,5.7
2020-12-26 13:05:16-03:00,0.0
2020-12-26 13:10:17-03:00,5.6
2020-12-26 13:15:17-03:00,0.0
2020-12-26 13:20:17-03:00,5.5
2020-12-26 13:25:18-03:00,5.8
2020-12-26 13:30:18-03:00,0.0
2020-12-26 13:35:18-03:00,5.6
2020-12-26 13:40:19-03:00,0.0
2020-12-26 13:45:19-03:00,5.5
2020-12-26 13:50:19-03:00,0.0
2020-12-26 13:55:20-03:00,5.5
2020-12-26 14:00:20-03:00,5.7
2020-12-26 14:05:20-03:00,0.0
2020-12-26 14:10:21-03:00,5.6
2020-12-26 14:15:21-03:00,0.0
2020-12-26 14:20:21-03:00,5.5
2020-12-26 14:25:22-03:00,0.0
2020-12-26 14:30:22-03:00,0.0
2020-12-26 14:35:22-03:00,5.7
2020-12-26 14:40:22-03:00,0.0
2020-12-26 14:45:23-03:00,5.5
2020-12-26 14:50:23-03:00,0.0
2020-12-26 14:55:23-03:00,5.5
2020-12-26 15:00:24-03:00,0.0
2020-12-26 15:05:24-03:00,0.0
2020-12-26 15:10:24-03:00,5.6
2020-12-26 15:15:25-03:00,0.0
2020-12-26 15:20:25-03:00,5.5
2020-12-26 15:25:25-03:00,0.0
2020-12-26 15:30:26-03:00,5.5
2020-12-26 15:35:26-03:00,5.8
2020-12-26 15:40:26-03:00,0.0
2020-12-26 15:45:27-03:00,5.6
2020-12-26 15:50:27-03:00,0.0
2020-12-26 15:55:27-03:00,5.5
2020-12-26 16:00:27-03:00,0.0
2020-12-26 16:05:28-03:00,5.5
2020-12-26 16:10:28-03:00,5.7
2020-12-26 16:15:28-03:00,0.0
2020-12-26 16:20:29-03:00,5.5
2020-12-26 16:25:29-03:00,0.0
2020-12-26 16:30:29-03:00,5.5
2020-12-26 16:35:30-03:00,0.0
2020-12-26 16:40:30-03:00,0.0
2020-12-26 16:45:30-03:00,5.7
2020-12-26 16:50:31-03:00,0.0
2020-12-26 16:55:31-03:00,5.6
2020-12-26 17:00:31-03:00,0.0
2020-12-26 17:05:32-03:00,5.5
2020-12-26 17:10:32-03:00,0.0
2020-12-26 17:15:32-03:00,0.0
2020-12-26 17:20:32-03:00,5.7
2020-12-26 17:25:33-03:00,0.0
2020-12-26 17:30:33-03:00,5.6
2020-12-26 17:35:33-03:00,0.0
2020-12-26 17:40:34-03:00,5.5
2020-12-26 17:45:34-03:00,0.0
2020-12-26 17:50:34-03:00,0.0
2020-12-26 17:55:35-03:00,5.7
2020-12-26 18:00:35-03:00,0.0
2020-12-26 18:05:35-03:00,5.6
2020-12-26 18:10:36-03:00,0.0
2020-12-26 18:15:36-03:00,5.5
2020-12-26 18:20:36-03:00,0.0
2020-12-26 18:25:37-03:00,0.0
2020-12-26 18:30:37-03:00,5.7
2020-12-26 18:35:37-03:00,0.0
2020-12-26 18:40:37-03:00,5.5
2020-12-26 18:45:38-03:00,0.0
2020-12-26 18:50:38-03:00,5.5
2020-12-26 18:55:38-03:00,7.8
2020-12-26 19:00:39-03:00,0.0
2020-12-26 19:05:39-03:00,5.7
2020-12-26 19:10:39-03:00,0.0
2020-12-26 19:15:40-03:00,5.5
2020-12-26 19:20:40-03:00,0.0
2020-12-26 19:25:40-03:00,5.5
2020-12-26 19:30:41-03:00,0.0
2020-12-26 19:35:41-03:00,0.0
2020-12-26 19:40:41-03:00,5.7
2020-12-26 19:45:41-03:00,0.0
2020-12-26 19:50:42-03:00,5.5
2020-12-26 19:55:42-03:00,0.0
2020-12-26 20:00:42-03:00,5.5
2020-12-26 20:05:43-03:00,16.9
2020-12-26 20:10:43-03:00,0.0
2020-12-26 20:15:43-03:00,5.5
2020-12-26 20:20:44-03:00,0.0
2020-12-26 20:25:44-03:00,5.5
2020-12-26 20:30:44-03:00,0.0
2020-12-26 20:35:45-03:00,5.5
2020-12-26 20:40:45-03:00,20.8
2020-12-26 20:45:45-03:00,0.0
2020-12-26 20:50:45-03:00,5.7
2020-12-26 20:55:46-03:00,0.0
2020-12-26 21:00:46-03:00,5.5
2020-12-26 21:05:46-03:00,0.0
2020-12-26 21:10:47-03:00,5.5
2020-12-26 21:15:47-03:00,5.9
2020-12-26 21:20:47-03:00,0.0
2020-12-26 21:25:48-03:00,5.7
2020-12-26 21:30:48-03:00,0.0
2020-12-26 21:35:48-03:00,5.5
2020-12-26 21:40:49-03:00,0.0
2020-12-26 21:45:49-03:00,5.5
2020-12-26 21:50:49-03:00,0.0
2020-12-26 21:55:50-03:00,0.0
2020-12-26 22:00:50-03:00,5.7
2020-12-26 22:05:50-03:00,0.0
2020-12-26 22:10:50-03:00,5.5
2020-12-26 22:15:51-03:00,0.0
2020-12-26 22:20:51-03:00,5.5
2020-12-26 22:25:51-03:00,0.0
2020-12-26 22:30:52-03:00,5.5
2020-12-26 22:35:52-03:00,0.0
2020-12-26 22:40:52-03:00,0.0
2020-12-26 22:45:53-03:00,5.7
2020-12-26 22:50:53-03:00,0.0
2020-12-26 22:55:53-03:00,5.5
2020-12-26 23:00:54-03:00,0.0
2020-12-26 23:05:54-03:00,5.5
2020-12-26 23:10:54-03:00,18.1
2020-12-26 23:15:55-03:00,0.0
2020-12-26 23:20:55-03:00,5.6
2020-12-26 23:25:55-03:00,0.0
2020-12-26 23:30:56-03:00,5.5
2020-12-26 23:35:56-03:00,0.0
2020-12-26 23:40:56-03:00,0.0
2020-12-26 23:45:57-03:00,0.0
2020-12-26 23:50:57-03:00,0.0
2020-12-26 23:55:57-03:00,5.7
2020-12-27 00:00:57-03:00,0.0
2020-12-27 00:05:58-03:00,5.5
2020-12-27 00:10:58-03:00,0.0
2020-12-27 00:15:58-03:00,5.5
2020-12-27 00:20:59-03:00,0.0
2020-12-27 00:25:59-03:00,0.0
2020-12-27 00:30:59-03:00,6.2
2020-12-27 00:36:00-03:00,0.0
2020-12-27 00:41:00-03:00,5.7
2020-12-27 00:46:00-03:00,0.0
2020-12-27 00:51:01-03:00,5.5
2020-12-27 00:56:01-03:00,0.0
2020-12-27 01:01:01-03:00,0.0
2020-12-27 01:06:01-03:00,6.2
2020-12-27 01:11:02-03:00,0.0
2020-12-27 01:16:02-03:00,5.7
2020-12-27 01:21:02-03:00,0.0
2020-12-27 01:26:03-03:00,5.5
2020-12-27 01:31:03-03:00,0.0
2020-12-27 01:36:03-03:00,0.0
2020-12-27 01:41:04-03:00,0.0
2020-12-27 01:46:04-03:00,0.0
2020-12-27 01:51:04-03:00,5.7
2020-12-27 01:56:05-03:00,0.0
2020-12-27 02:01:05-03:00,5.5
2020-12-27 02:06:05-03:00,0.0
2020-12-27 02:11:06-03:00,5.5
2020-12-27 02:16:06-03:00,0.0
2020-12-27 02:21:06-03:00,0.0
2020-12-27 02:26:06-03:00,5.7
2020-12-27 02:31:07-03:00,0.0
2020-12-27 02:36:07-03:00,5.7
2020-12-27 02:41:07-03:00,0.0
2020-12-27 02:46:08-03:00,5.5
2020-12-27 02:51:08-03:00,0.0
2020-12-27 02:56:08-03:00,0.0
2020-12-27 03:01:09-03:00,0.0
2020-12-27 03:06:09-03:00,0.0
2020-12-27 03:11:09-03:00,5.9
2020-12-27 03:16:10-03:00,0.0
2020-12-27 03:21:10-03:00,5.7
2020-12-27 03:26:10-03:00,0.0
2020-12-27 03:31:11-03:00,0.0
2020-12-27 03:36:11-03:00,0.0
2020-12-27 03:41:11-03:00,0.0
2020-12-27 03:46:11-03:00,0.0
2020-12-27 03:51:12-03:00,0.0
2020-12-27 03:56:12-03:00,0.0
2020-12-27 04:01:12-03:00,6.1
2020-12-27 04:06:13-03:00,5.6
2020-12-27 04:11:13-03:00,5.6
2020-12-27 04:16:13-03:00,5.5
2020-12-27 04:21:14-03:00,5.6
2020-12-27 04:26:14-03:00,0.0
2020-12-27 04:31:14-03:00,0.0
2020-12-27 04:36:15-03:00,0.0
2020-12-27 04:41:15-03:00,0.0
2020-12-27 04:46:15-03:00,0.0
2020-12-27 04:51:15-03:00,0.0
2020-12-27 04:56:16-03:00,0.0
2020-12-27 05:01:16-03:00,0.0
2020-12-27 05:06:16-03:00,0.0
2020-12-27 05:11:17-03:00,0.0
2020-12-27 05:16:17-03:00,0.0
2020-12-27 05:21:17-03:00,0.0
2020-12-27 05:26:18-03:00,0.0
2020-12-27 05:31:18-03:00,0.0
2020-12-27 05:36:18-03:00,0.0
2020-12-27 05:41:19-03:00,0.0
2020-12-27 05:46:19-03:00,0.0
2020-12-27 05:51:19-03:00,0.0
2020-12-27 05:56:20-03:00,0.0
2020-12-27 06:01:20-03:00,0.0
2020-12-27 06:06:20-03:00,0.0
2020-12-27 06:11:21-03:00,0.0
2020-12-27 06:16:21-03:00,0.0
2020-12-27 06:21:21-03:00,0.0
2020-12-27 06:26:21-03:00,0.0
2020-12-27 06:31:22-03:00,0.0
2020-12-27 06:36:22-03:00,5.6
2020-12-27 06:41:22-03:00,0.0
2020-12-27 06:46:23-03:00,0.0
2020-12-27 06:51:23-03:00,3.9
2020-12-27 06:56:23-03:00,5.7
2020-12-27 07:01:24-03:00,5.7
2020-12-27 07:06:24-03:00,5.7
2020-12-27 07:11:24-03:00,5.7
2020-12-27 07:16:25-03:00,5.6
2020-12-27 07:21:25-03:00,5.6
2020-12-27 07:26:25-03:00,5.6
2020-12-27 07:31:26-03:00,0.0
2020-12-27 07:36:26-03:00,0.0
2020-12-27 07:41:26-03:00,0.0
2020-12-27 07:46:26-03:00,0.0
2020-12-27 07:51:27-03:00,0.0
2020-12-27 07:56:27-03:00,0.0
2020-12-27 08:01:27-03:00,0.0
2020-12-27 08:06:28-03:00,0.0
2020-12-27 08:11:28-03:00,0.0
2020-12-27 08:16:28-03:00,0.0
2020-12-27 08:21:29-03:00,0.0
2020-12-27 08:26:29-03:00,0.0
2020-12-27 08:31:29-03:00,0.0
2020-12-27 08:36:30-03:00,0.0
2020-12-27 08:41:30-03:00,0.0
2020-12-27 08:46:30-03:00,0.0
2020-12-27 08:51:31-03:00,0.0
2020-12-27 08:56:31-03:00,0.0
2020-12-27 09:01:31-03:00,5.8
2020-12-27 09:06:31-03:00,5.7
2020-12-27 09:11:32-03:00,5.7
2020-12-27 09:16:32-03:00,5.7
2020-12-27 09:21:32-03:00,5.6
2020-12-27 09:26:33-03:00,5.6
2020-12-27 09:31:33-03:00,0.0
2020-12-27 09:36:33-03:00,0.0
2020-12-27 09:41:34-03:00,0.0
2020-12-27 09:46:34-03:00,0.0
2020-12-27 09:51:34-03:00,0.0
2020-12-27 09:56:35-03:00,0.0
2020-12-27 10:01:35-03:00,0.0
2020-12-27 10:06:35-03:00,0.0
2020-12-27 10:11:35-03:00,0.0
2020-12-27 10:16:36-03:00,0.0
2020-12-27 10:21:36-03:00,5.8
2020-12-27 10:26:36-03:00,5.7
2020-12-27 10:31:37-03:00,5.7
2020-12-27 10:36:37-03:00,5.7
2020-12-27 10:41:37-03:00,5.6
2020-12-27 10:46:38-03:00,0.0
2020-12-27 10:51:38-03:00,0.0
2020-12-27 10:56:38-03:00,0.0
2020-12-27 11:01:39-03:00,5.6
2020-12-27 11:06:39-03:00,5.6
2020-12-27 11:11:39-03:00,0.0
2020-12-27 11:16:39-03:00,5.6
2020-12-27 11:21:40-03:00,0.0
2020-12-27 11:26:40-03:00,5.6
2020-12-27 11:31:40-03:00,0.0
2020-12-27 11:36:41-03:00,5.6
2020-12-27 11:41:41-03:00,0.0
2020-12-27 11:46:41-03:00,0.0
2020-12-27 11:51:42-03:00,0.0
2020-12-27 11:56:42-03:00,0.0
2020-12-27 12:01:42-03:00,0.0
2020-12-27 12:06:43-03:00,0.0
2020-12-27 12:11:43-03:00,0.0
2020-12-27 12:16:43-03:00,0.0
2020-12-27 12:21:44-03:00,0.0
2020-12-27 12:26:44-03:00,0.0
2020-12-27 12:31:44-03:00,0.0
2020-12-27 12:36:44-03:00,0.0
2020-12-27 12:41:45-03:00,0.0
2020-12-27 12:46:45-03:00,0.0
2020-12-27 12:51:45-03:00,5.9
2020-12-27 12:56:46-03:00,0.0
2020-12-27 13:01:46-03:00,5.7
2020-12-27 13:06:46-03:00,0.0
2020-12-27 13:11:47-03:00,5.7
2020-12-27 13:16:47-03:00,0.0
2020-12-27 13:21:47-03:00,5.7
2020-12-27 13:26:48-03:00,0.0
2020-12-27 13:31:48-03:00,5.7
2020-12-27 13:36:48-03:00,0.0
2020-12-27 13:41:49-03:00,5.6
2020-12-27 13:46:49-03:00,0.0
2020-12-27 13:51:49-03:00,5.7
2020-12-27 13:56:50-03:00,0.0
2020-12-27 14:01:50-03:00,5.6
2020-12-27 14:06:50-03:00,0.0
2020-12-27 14:11:51-03:00,5.6
2020-12-27 14:16:51-03:00,0.0
2020-12-27 14:21:51-03:00,5.6
2020-12-27 14:26:51-03:00,0.0
2020-12-27 14:31:52-03:00,5.6
2020-12-27 14:36:52-03:00,0.0
2020-12-27 14:41:52-03:00,0.0
2020-12-27 14:46:53-03:00,0.0
2020-12-27 14:51:53-03:00,0.0
2020-12-27 14:56:53-03:00,0.0
2020-12-27 15:01:54-03:00,0.0
2020-12-27 15:06:54-03:00,0.0
2020-12-27 15:11:54-03:00,0.0
2020-12-27 15:16:55-03:00,5.9
2020-12-27 15:21:55-03:00,0.0
2020-12-27 15:26:55-03:00,5.8
2020-12-27 15:31:56-03:00,0.0
2020-12-27 15:36:56-03:00,5.7
2020-12-27 15:41:56-03:00,0.0
2020-12-27 15:46:57-03:00,5.6
2020-12-27 15:51:57-03:00,0.0
2020-12-27 15:56:57-03:00,0.0
2020-12-27 16:01:57-03:00,0.0
2020-12-27 16:06:58-03:00,0.0
2020-12-27 16:11:58-03:00,0.0
2020-12-27 16:16:58-03:00,0.0
2020-12-27 16:21:59-03:00,0.0
2020-12-27 16:26:59-03:00,0.0
2020-12-27 16:31:59-03:00,0.0
2020-12-27 16:37:00-03:00,0.0
2020-12-27 16:42:00-03:00,0.0
2020-12-27 16:47:00-03:00,0.0
2020-12-27 16:52:01-03:00,0.0
2020-12-27 16:57:01-03:00,0.0
2020-12-27 17:02:01-03:00,9.4
2020-12-27 17:07:01-03:00,0.0
2020-12-27 17:12:02-03:00,24.3
2020-12-27 17:17:02-03:00,0.0
2020-12-27 17:22:02-03:00,6.9
2020-12-27 17:27:03-03:00,0.0
2020-12-27 17:32:03-03:00,12.8
2020-12-27 17:37:03-03:00,0.0
2020-12-27 17:42:04-03:00,5.8
2020-12-27 17:47:04-03:00,0.0
2020-12-27 17:52:04-03:00,5.8
2020-12-27 17:57:05-03:00,0.0
2020-12-27 18:02:05-03:00,5.7
2020-12-27 18:07:05-03:00,0.0
2020-12-27 18:12:06-03:00,5.7
2020-12-27 18:17:06-03:00,0.0
2020-12-27 18:22:06-03:00,5.6
2020-12-27 18:27:07-03:00,0.0
2020-12-27 18:32:07-03:00,5.6
2020-12-27 18:37:07-03:00,0.0
2020-12-27 18:42:07-03:00,5.6
2020-12-27 18:47:08-03:00,0.0
2020-12-27 18:52:08-03:00,0.0
2020-12-27 18:57:08-03:00,0.0
2020-12-27 19:02:09-03:00,0.0
2020-12-27 19:07:09-03:00,0.0
2020-12-27 19:12:09-03:00,0.0
2020-12-27 19:17:10-03:00,0.0
2020-12-27 19:22:10-03:00,0.0
2020-12-27 19:27:10-03:00,5.9
2020-12-27 19:32:11-03:00,0.0
2020-12-27 19:37:11-03:00,5.9
2020-12-27 19:42:12-03:00,0.0
2020-12-27 19:47:12-03:00,5.7
2020-12-27 19:52:12-03:00,0.0
2020-12-27 19:57:12-03:00,5.8
2020-12-27 20:02:13-03:00,0.0
2020-12-27 20:07:13-03:00,5.9
2020-12-27 20:12:13-03:00,0.0
2020-12-27 20:17:14-03:00,5.9
2020-12-27 20:22:14-03:00,0.0
2020-12-27 20:27:14-03:00,66.6
2020-12-27 20:32:15-03:00,0.0
2020-12-27 20:37:15-03:00,5.9
2020-12-27 20:42:15-03:00,0.0
2020-12-27 20:47:16-03:00,5.9
2020-12-27 20:52:16-03:00,0.0
2020-12-27 20:57:16-03:00,8.9
2020-12-27 21:02:17-03:00,0.0
2020-12-27 21:07:17-03:00,5.9
2020-12-27 21:12:17-03:00,0.0
2020-12-27 21:17:17-03:00,5.8
2020-12-27 21:22:18-03:00,0.0
2020-12-27 21:27:18-03:00,5.7
2020-12-27 21:32:18-03:00,0.0
2020-12-27 21:37:19-03:00,5.7
2020-12-27 21:42:19-03:00,0.0
2020-12-27 21:47:19-03:00,5.7
2020-12-27 21:52:20-03:00,0.0
2020-12-27 21:57:20-03:00,5.6
2020-12-27 22:02:20-03:00,0.0
2020-12-27 22:07:21-03:00,5.6
2020-12-27 22:12:21-03:00,0.0
2020-12-27 22:17:21-03:00,5.6
2020-12-27 22:22:21-03:00,0.0
2020-12-27 22:27:22-03:00,5.6
2020-12-27 22:32:22-03:00,0.0
2020-12-27 22:37:22-03:00,0.0
2020-12-27 22:42:23-03:00,0.0
2020-12-27 22:47:23-03:00,0.0
2020-12-27 22:52:23-03:00,0.0
2020-12-27 22:57:24-03:00,0.0
2020-12-27 23:02:24-03:00,0.0
2020-12-27 23:07:24-03:00,0.0
2020-12-27 23:12:25-03:00,0.0
2020-12-27 23:17:25-03:00,0.0
2020-12-27 23:22:25-03:00,0.0
2020-12-27 23:27:25-03:00,5.6
2020-12-27 23:32:26-03:00,0.0
2020-12-27 23:37:26-03:00,0.0
2020-12-27 23:42:26-03:00,5.6
2020-12-27 23:47:27-03:00,0.0
2020-12-27 23:52:27-03:00,0.0
2020-12-27 23:57:27-03:00,0.0
2020-12-28 00:02:28-03:00,0.0
2020-12-28 00:07:28-03:00,5.6
2020-12-28 00:12:28-03:00,0.0
2020-12-28 00:17:29-03:00,0.0
2020-12-28 00:22:29-03:00,5.6
2020-12-28 00:27:29-03:00,0.0
2020-12-28 00:32:30-03:00,5.8
2020-12-28 00:37:30-03:00,0.0
2020-12-28 00:42:30-03:00,0.0
2020-12-28 00:47:30-03:00,0.0
2020-12-28 00:52:31-03:00,0.0
2020-12-28 00:57:31-03:00,5.6
2020-12-28 01:02:31-03:00,0.0
2020-12-28 01:07:32-03:00,5.9
2020-12-28 01:12:32-03:00,0.0
2020-12-28 01:17:32-03:00,0.0
2020-12-28 01:22:33-03:00,5.6
2020-12-28 01:27:33-03:00,0.0
2020-12-28 01:32:33-03:00,0.0
2020-12-28 01:37:34-03:00,5.7
2020-12-28 01:42:34-03:00,0.0
2020-12-28 01:47:34-03:00,0.0
2020-12-28 01:52:34-03:00,5.9
2020-12-28 01:57:35-03:00,0.0
2020-12-28 02:02:35-03:00,0.0
2020-12-28 02:07:35-03:00,5.4
2020-12-28 02:12:36-03:00,0.0
2020-12-28 02:17:36-03:00,0.0
2020-12-28 02:22:36-03:00,5.6
2020-12-28 02:27:37-03:00,0.0
2020-12-28 02:32:37-03:00,0.0
2020-12-28 02:37:37-03:00,0.0
2020-12-28 02:42:38-03:00,0.0
2020-12-28 02:47:38-03:00,5.9
2020-12-28 02:52:38-03:00,0.0
2020-12-28 02:57:39-03:00,0.0
2020-12-28 03:02:39-03:00,5.6
2020-12-28 03:07:39-03:00,0.0
2020-12-28 03:12:39-03:00,5.7
2020-12-28 03:17:40-03:00,0.0
2020-12-28 03:22:40-03:00,0.0
2020-12-28 03:27:40-03:00,5.7
2020-12-28 03:32:41-03:00,0.0
2020-12-28 03:37:41-03:00,0.0
2020-12-28 03:42:41-03:00,0.0
2020-12-28 03:47:42-03:00,0.0
2020-12-28 03:52:42-03:00,0.0
2020-12-28 03:57:42-03:00,5.5
2020-12-28 04:02:43-03:00,0.0
2020-12-28 04:07:43-03:00,0.0
2020-12-28 04:12:43-03:00,5.6
2020-12-28 04:17:43-03:00,0.0
2020-12-28 04:22:44-03:00,5.9
2020-12-28 04:27:44-03:00,0.0
2020-12-28 04:32:44-03:00,0.0
2020-12-28 04:37:45-03:00,5.5
2020-12-28 04:42:45-03:00,0.0
2020-12-28 04:47:45-03:00,5.7
2020-12-28 04:52:46-03:00,0.0
2020-12-28 04:57:46-03:00,0.0
2020-12-28 05:02:46-03:00,5.6
2020-12-28 05:07:47-03:00,0.0
2020-12-28 05:12:47-03:00,0.0
2020-12-28 05:17:47-03:00,5.7
2020-12-28 05:22:48-03:00,0.0
2020-12-28 05:27:48-03:00,0.0
2020-12-28 05:32:48-03:00,5.5
2020-12-28 05:37:49-03:00,0.0
2020-12-28 05:42:49-03:00,5.7
2020-12-28 05:47:49-03:00,0.0
2020-12-28 05:52:49-03:00,0.0
2020-12-28 05:57:50-03:00,5.6
2020-12-28 06:02:50-03:00,0.0
2020-12-28 06:07:50-03:00,0.0
2020-12-28 06:12:51-03:00,5.7
2020-12-28 06:17:51-03:00,0.0
2020-12-28 06:22:51-03:00,0.0
2020-12-28 06:27:52-03:00,5.8
2020-12-28 06:32:52-03:00,0.0
2020-12-28 06:37:52-03:00,0.0
2020-12-28 06:42:53-03:00,5.9
2020-12-28 06:47:53-03:00,0.0
2020-12-28 06:52:53-03:00,0.0
2020-12-28 06:57:53-03:00,5.6
2020-12-28 07:02:54-03:00,0.0
2020-12-28 07:07:54-03:00,5.8
2020-12-28 07:12:54-03:00,0.0
2020-12-28 07:17:55-03:00,0.0
2020-12-28 07:22:55-03:00,0.0
2020-12-28 07:27:55-03:00,0.0
2020-12-28 07:32:56-03:00,0.0
2020-12-28 07:37:56-03:00,0.0
2020-12-28 07:42:56-03:00,5.6
2020-12-28 07:47:57-03:00,0.0
2020-12-28 07:52:57-03:00,0.0
2020-12-28 07:57:57-03:00,5.6
2020-12-28 08:02:58-03:00,0.0
2020-12-28 08:07:58-03:00,0.0
2020-12-28 08:12:58-03:00,5.5
2020-12-28 08:17:58-03:00,0.0
2020-12-28 08:22:59-03:00,0.0
2020-12-28 08:27:59-03:00,5.5
2020-12-28 08:32:59-03:00,0.0
2020-12-28 08:38:00-03:00,5.6
2020-12-28 08:43:00-03:00,0.0
2020-12-28 08:48:00-03:00,0.0
2020-12-28 08:53:01-03:00,0.0
2020-12-28 08:58:01-03:00,0.0
2020-12-28 09:03:01-03:00,0.0
2020-12-28 09:08:02-03:00,5.6
2020-12-28 09:13:02-03:00,0.0
2020-12-28 09:18:02-03:00,0.0
2020-12-28 09:23:02-03:00,5.6
2020-12-28 09:28:03-03:00,0.0
2020-12-28 09:33:03-03:00,0.0
2020-12-28 09:38:04-03:00,5.6
2020-12-28 09:43:04-03:00,0.0
2020-12-28 09:48:04-03:00,5.9
2020-12-28 09:53:04-03:00,0.0
2020-12-28 09:58:05-03:00,0.0
2020-12-28 10:03:05-03:00,5.5
2020-12-28 10:08:05-03:00,0.0
2020-12-28 10:13:06-03:00,5.8
2020-12-28 10:18:06-03:00,0.0
2020-12-28 10:23:06-03:00,0.0
2020-12-28 10:28:07-03:00,5.6
2020-12-28 10:33:07-03:00,0.0
2020-12-28 10:38:07-03:00,0.0
2020-12-28 10:43:08-03:00,5.5
2020-12-28 10:48:08-03:00,0.0
2020-12-28 10:53:08-03:00,5.8
2020-12-28 10:58:08-03:00,0.0
2020-12-28 11:03:09-03:00,0.0
2020-12-28 11:08:09-03:00,5.2
2020-12-28 11:13:09-03:00,0.0
2020-12-28 11:18:10-03:00,0.0
2020-12-28 11:23:10-03:00,5.1
2020-12-28 11:28:10-03:00,0.0
2020-12-28 11:33:11-03:00,0.0
2020-12-28 11:38:11-03:00,5.0
2020-12-28 11:43:11-03:00,0.0
2020-12-28 11:48:12-03:00,0.0
2020-12-28 11:53:12-03:00,0.0
2020-12-28 11:58:12-03:00,0.0
2020-12-28 12:03:00-03:00,0.0
2020-12-28 12:04:18-03:00,0.0
2020-12-28 12:09:18-03:00,0.0
2020-12-28 12:14:18-03:00,3.8
2020-12-28 12:19:19-03:00,5.4
2020-12-28 12:24:19-03:00,5.3
2020-12-28 12:29:19-03:00,0.0
2020-12-28 12:34:19-03:00,5.4
2020-12-28 12:34:21-03:00,5.4
2020-12-28 12:36:19-03:00,0.0
2020-12-28 12:41:19-03:00,5.6
2020-12-28 12:46:19-03:00,0.0
2020-12-28 12:51:20-03:00,5.4
2020-12-28 12:54:14-03:00,0.0
2020-12-28 12:59:14-03:00,0.0
2020-12-28 13:04:14-03:00,0.0
2020-12-28 13:09:15-03:00,0.0
2020-12-28 13:13:01-03:00,0.0
2020-12-28 13:18:01-03:00,5.6
2020-12-28 13:23:01-03:00,5.4
2020-12-28 13:28:02-03:00,5.4
2020-12-28 13:33:02-03:00,0.0
2020-12-28 13:38:03-03:00,5.6
2020-12-28 13:43:03-03:00,0.0
2020-12-28 13:48:03-03:00,5.4
2020-12-28 13:53:03-03:00,0.0
2020-12-28 13:58:04-03:00,5.4
2020-12-28 14:03:04-03:00,0.0
2020-12-28 14:08:04-03:00,5.4
2020-12-28 14:13:05-03:00,13.6
2020-12-28 14:18:05-03:00,0.0
2020-12-28 14:23:05-03:00,5.5
2020-12-28 14:28:06-03:00,0.0
2020-12-28 14:33:06-03:00,5.4
2020-12-28 14:38:06-03:00,0.0
2020-12-28 14:43:07-03:00,5.4
2020-12-28 14:48:07-03:00,0.0
2020-12-28 14:53:07-03:00,0.0
2020-12-28 14:58:07-03:00,5.6
2020-12-28 15:03:08-03:00,0.0
2020-12-28 15:08:08-03:00,5.4
2020-12-28 15:13:08-03:00,0.0
2020-12-28 15:18:09-03:00,5.4
2020-12-28 15:23:09-03:00,0.0
2020-12-28 15:28:09-03:00,5.4
2020-12-28 15:33:10-03:00,0.0
2020-12-28 15:38:10-03:00,0.0
2020-12-28 15:43:10-03:00,5.6
2020-12-28 15:48:11-03:00,0.0
2020-12-28 15:53:11-03:00,5.4
2020-12-28 15:58:11-03:00,0.0
2020-12-28 16:03:12-03:00,5.4
2020-12-28 16:08:12-03:00,0.0
2020-12-28 16:13:12-03:00,5.4
2020-12-28 16:18:13-03:00,0.0
2020-12-28 16:23:13-03:00,0.0
2020-12-28 16:28:13-03:00,5.6
2020-12-28 16:33:13-03:00,0.0
2020-12-28 16:38:14-03:00,5.4
2020-12-28 16:43:14-03:00,0.0
2020-12-28 16:48:14-03:00,5.4
2020-12-28 16:53:15-03:00,0.0
2020-12-28 16:58:15-03:00,5.4
2020-12-28 17:03:15-03:00,0.0
2020-12-28 17:08:16-03:00,0.0
2020-12-28 17:13:16-03:00,5.5
2020-12-28 17:18:16-03:00,0.0
2020-12-28 17:23:17-03:00,5.4
2020-12-28 17:28:17-03:00,0.0
2020-12-28 17:33:17-03:00,5.4
2020-12-28 17:38:17-03:00,0.0
2020-12-28 17:43:18-03:00,5.4
2020-12-28 17:48:18-03:00,41.6
2020-12-28 17:53:18-03:00,0.0
2020-12-28 17:58:19-03:00,5.6
2020-12-28 18:03:19-03:00,0.0
2020-12-28 18:08:19-03:00,5.4
2020-12-28 18:13:20-03:00,0.0
2020-12-28 18:18:20-03:00,5.4
2020-12-28 18:23:20-03:00,0.0
2020-12-28 18:28:21-03:00,5.3
2020-12-28 18:33:21-03:00,5.7
2020-12-28 18:38:21-03:00,0.0
2020-12-28 18:43:21-03:00,5.4
2020-12-28 18:48:22-03:00,0.0
2020-12-28 18:53:22-03:00,5.4
2020-12-28 18:58:22-03:00,0.0
2020-12-28 19:03:23-03:00,5.3
2020-12-28 19:08:23-03:00,166.6
2020-12-28 19:13:23-03:00,0.0
2020-12-28 19:18:24-03:00,5.4
2020-12-28 19:23:24-03:00,0.0
2020-12-28 19:28:24-03:00,5.3
2020-12-28 19:33:25-03:00,0.0
2020-12-28 19:38:25-03:00,5.3
2020-12-28 19:43:26-03:00,0.0
2020-12-28 19:48:26-03:00,5.3
2020-12-28 19:53:26-03:00,0.0
2020-12-28 19:58:26-03:00,5.3
2020-12-28 20:03:27-03:00,0.0
2020-12-28 20:08:27-03:00,0.0
2020-12-28 20:13:27-03:00,5.6
2020-12-28 20:18:28-03:00,0.0
2020-12-28 20:23:28-03:00,5.3
2020-12-28 20:28:28-03:00,0.0
2020-12-28 20:33:29-03:00,5.3
2020-12-28 20:38:29-03:00,0.0
2020-12-28 20:43:29-03:00,5.3
2020-12-28 20:48:30-03:00,0.0
2020-12-28 20:53:30-03:00,5.3
2020-12-28 20:58:30-03:00,0.0
2020-12-28 21:03:30-03:00,0.0
2020-12-28 21:08:31-03:00,5.5
2020-12-28 21:13:31-03:00,0.0
2020-12-28 21:18:31-03:00,5.4
2020-12-28 21:23:32-03:00,0.0
2020-12-28 21:28:32-03:00,5.3
2020-12-28 21:33:32-03:00,0.0
2020-12-28 21:38:33-03:00,5.3
2020-12-28 21:43:33-03:00,0.0
2020-12-28 21:48:33-03:00,0.0
2020-12-28 21:53:34-03:00,14.2
2020-12-28 21:58:34-03:00,0.0
2020-12-28 22:03:34-03:00,5.5
2020-12-28 22:08:35-03:00,0.0
2020-12-28 22:13:35-03:00,5.3
2020-12-28 22:18:35-03:00,0.0
2020-12-28 22:23:35-03:00,5.3
2020-12-28 22:28:36-03:00,0.0
2020-12-28 22:33:36-03:00,0.0
2020-12-28 22:38:36-03:00,5.6
2020-12-28 22:43:37-03:00,0.0
2020-12-28 22:48:37-03:00,5.4
2020-12-28 22:53:37-03:00,0.0
2020-12-28 22:58:38-03:00,5.3
2020-12-28 23:03:38-03:00,0.0
2020-12-28 23:08:38-03:00,5.3
2020-12-28 23:13:39-03:00,0.0
2020-12-28 23:18:39-03:00,0.0
2020-12-28 23:23:39-03:00,5.5
2020-12-28 23:28:39-03:00,0.0
2020-12-28 23:33:40-03:00,5.3
2020-12-28 23:38:40-03:00,0.0
2020-12-28 23:43:41-03:00,5.3
2020-12-28 23:48:41-03:00,0.0
2020-12-28 23:53:41-03:00,5.3
2020-12-28 23:58:42-03:00,0.0
2020-12-29 00:03:42-03:00,0.0
2020-12-29 00:08:42-03:00,5.5
2020-12-29 00:13:43-03:00,0.0
2020-12-29 00:18:43-03:00,5.3
2020-12-29 00:23:43-03:00,0.0
2020-12-29 00:28:43-03:00,5.3
2020-12-29 00:33:44-03:00,0.0
2020-12-29 00:38:44-03:00,5.3
2020-12-29 00:43:44-03:00,37.0
2020-12-29 00:48:45-03:00,0.0
2020-12-29 00:53:45-03:00,5.5
2020-12-29 00:58:45-03:00,0.0
2020-12-29 01:03:46-03:00,5.3
2020-12-29 01:08:46-03:00,0.0
2020-12-29 01:13:46-03:00,5.2
2020-12-29 01:18:47-03:00,0.0
2020-12-29 01:23:47-03:00,5.2
2020-12-29 01:28:47-03:00,0.0
2020-12-29 01:33:48-03:00,5.2
2020-12-29 01:38:48-03:00,0.0
2020-12-29 01:43:48-03:00,5.2
2020-12-29 01:48:49-03:00,0.0
2020-12-29 01:53:49-03:00,0.0
2020-12-29 01:58:49-03:00,5.4
2020-12-29 02:03:49-03:00,0.0
2020-12-29 02:08:50-03:00,5.2
2020-12-29 02:13:50-03:00,0.0
2020-12-29 02:18:50-03:00,5.2
2020-12-29 02:23:51-03:00,0.0
2020-12-29 02:28:51-03:00,5.2
2020-12-29 02:33:51-03:00,0.0
2020-12-29 02:38:52-03:00,5.1
2020-12-29 02:43:52-03:00,0.0
2020-12-29 02:48:52-03:00,0.0
2020-12-29 02:53:53-03:00,5.4
2020-12-29 02:58:53-03:00,0.0
2020-12-29 03:03:53-03:00,5.2
2020-12-29 03:08:53-03:00,0.0
2020-12-29 03:13:54-03:00,0.0
2020-12-29 03:18:54-03:00,0.0
2020-12-29 03:23:54-03:00,0.0
2020-12-29 03:28:55-03:00,0.0
2020-12-29 03:33:55-03:00,0.0
2020-12-29 03:38:55-03:00,0.0
2020-12-29 03:43:56-03:00,0.0
2020-12-29 03:48:56-03:00,0.0
2020-12-29 03:53:56-03:00,0.0
2020-12-29 03:58:57-03:00,0.0
2020-12-29 04:03:57-03:00,0.0
2020-12-29 04:08:57-03:00,0.0
2020-12-29 04:13:58-03:00,0.0
2020-12-29 04:18:58-03:00,5.3
2020-12-29 04:23:58-03:00,5.4
2020-12-29 04:28:58-03:00,5.2
2020-12-29 04:33:59-03:00,5.1
2020-12-29 04:38:59-03:00,5.1
2020-12-29 04:43:59-03:00,5.0
2020-12-29 04:49:00-03:00,5.0
2020-12-29 04:54:00-03:00,4.9
2020-12-29 04:59:00-03:00,4.9
2020-12-29 05:04:01-03:00,0.0
2020-12-29 05:09:01-03:00,0.0
2020-12-29 05:14:01-03:00,0.0
2020-12-29 05:19:02-03:00,0.0
2020-12-29 05:24:02-03:00,0.0
2020-12-29 05:29:02-03:00,0.0
2020-12-29 05:34:03-03:00,0.0
2020-12-29 05:39:03-03:00,0.0
2020-12-29 05:44:03-03:00,0.0
2020-12-29 05:49:04-03:00,0.0
2020-12-29 05:54:04-03:00,0.0
2020-12-29 05:59:04-03:00,0.0
2020-12-29 06:04:05-03:00,0.0
2020-12-29 06:09:05-03:00,0.0
2020-12-29 06:14:05-03:00,0.0
2020-12-29 06:19:06-03:00,0.0
2020-12-29 06:24:06-03:00,0.0
2020-12-29 06:29:06-03:00,0.0
2020-12-29 06:34:06-03:00,0.0
2020-12-29 06:39:07-03:00,0.0
2020-12-29 06:44:07-03:00,0.0
2020-12-29 06:49:07-03:00,0.0
2020-12-29 06:54:08-03:00,0.0
2020-12-29 06:59:08-03:00,0.0
2020-12-29 07:04:08-03:00,0.0
2020-12-29 07:09:09-03:00,0.0
2020-12-29 07:14:09-03:00,0.0
2020-12-29 07:19:09-03:00,0.0
2020-12-29 07:24:10-03:00,0.0
2020-12-29 07:29:10-03:00,0.0
2020-12-29 07:34:10-03:00,0.0
2020-12-29 07:39:10-03:00,0.0
2020-12-29 07:44:11-03:00,0.0
2020-12-29 07:49:11-03:00,0.0
2020-12-29 07:54:11-03:00,0.0
2020-12-29 07:59:12-03:00,0.0
2020-12-29 08:04:12-03:00,0.0
2020-12-29 08:09:12-03:00,0.0
2020-12-29 08:14:13-03:00,0.0
2020-12-29 08:19:13-03:00,5.3
2020-12-29 08:24:13-03:00,5.3
2020-12-29 08:29:14-03:00,5.0
2020-12-29 08:34:14-03:00,5.0
2020-12-29 08:39:14-03:00,5.0
2020-12-29 08:44:14-03:00,4.9
2020-12-29 08:49:15-03:00,4.9
2020-12-29 08:54:15-03:00,4.9
2020-12-29 08:59:15-03:00,4.8
2020-12-29 09:04:16-03:00,4.8
2020-12-29 09:09:16-03:00,4.8
2020-12-29 09:14:16-03:00,4.8
2020-12-29 09:19:17-03:00,4.8
2020-12-29 09:24:17-03:00,4.8
2020-12-29 09:29:17-03:00,4.8
2020-12-29 09:34:18-03:00,4.8
2020-12-29 09:39:18-03:00,0.0
2020-12-29 09:44:18-03:00,0.0
2020-12-29 09:49:19-03:00,0.0
2020-12-29 09:54:19-03:00,0.0
2020-12-29 09:59:19-03:00,0.0
2020-12-29 10:01:17-03:00,0.0
2020-12-29 10:06:18-03:00,0.0
2020-12-29 10:11:18-03:00,0.0
2020-12-29 10:16:18-03:00,0.0
2020-12-29 10:21:19-03:00,0.0
2020-12-29 10:26:19-03:00,0.0
2020-12-29 10:31:19-03:00,0.0
2020-12-29 10:36:20-03:00,0.0
2020-12-29 10:41:20-03:00,0.0
2020-12-29 10:46:20-03:00,0.0
2020-12-29 10:51:20-03:00,0.0
2020-12-29 10:56:21-03:00,0.0
2020-12-29 11:01:21-03:00,0.0
2020-12-29 11:06:21-03:00,6.0
2020-12-29 11:11:22-03:00,0.0
2020-12-29 11:16:22-03:00,0.0
2020-12-29 11:21:22-03:00,3.8
2020-12-29 11:26:23-03:00,5.5
2020-12-29 11:31:23-03:00,5.5
2020-12-29 11:36:23-03:00,5.5
2020-12-29 11:41:24-03:00,5.5
2020-12-29 11:46:24-03:00,5.5
2020-12-29 11:51:24-03:00,5.5
2020-12-29 11:56:25-03:00,5.4
2020-12-29 12:01:25-03:00,5.4
2020-12-29 12:06:25-03:00,5.4
2020-12-29 12:11:25-03:00,5.4
2020-12-29 12:16:26-03:00,5.4
2020-12-29 12:21:26-03:00,5.4
2020-12-29 12:26:26-03:00,5.4
2020-12-29 12:31:27-03:00,5.4
2020-12-29 12:36:27-03:00,5.4
2020-12-29 12:41:27-03:00,5.4
2020-12-29 12:46:28-03:00,5.4
2020-12-29 12:51:28-03:00,5.4
2020-12-29 12:56:28-03:00,5.4
2020-12-29 13:01:29-03:00,5.4
2020-12-29 13:06:29-03:00,5.4
2020-12-29 13:11:29-03:00,5.4
2020-12-29 13:16:29-03:00,5.4
2020-12-29 13:21:30-03:00,0.0
2020-12-29 13:26:30-03:00,0.0
2020-12-29 13:31:31-03:00,0.0
2020-12-29 13:36:31-03:00,0.0
2020-12-29 13:41:31-03:00,0.0
2020-12-29 13:46:31-03:00,0.0
2020-12-29 13:51:32-03:00,0.0
2020-12-29 13:56:32-03:00,0.0
2020-12-29 14:01:32-03:00,0.0
2020-12-29 14:06:33-03:00,0.0
2020-12-29 14:11:33-03:00,0.0
2020-12-29 14:16:33-03:00,0.0
2020-12-29 14:21:34-03:00,0.0
2020-12-29 14:26:34-03:00,0.0
2020-12-29 14:31:34-03:00,0.0
2020-12-29 14:36:35-03:00,0.0
2020-12-29 14:41:35-03:00,0.0
2020-12-29 14:46:35-03:00,0.0
2020-12-29 14:51:35-03:00,0.0
2020-12-29 14:56:36-03:00,0.0
2020-12-29 15:01:36-03:00,0.0
2020-12-29 15:06:36-03:00,0.0
2020-12-29 15:11:37-03:00,0.0
2020-12-29 15:16:37-03:00,5.7
2020-12-29 15:21:37-03:00,5.6
2020-12-29 15:26:38-03:00,5.6
2020-12-29 15:31:38-03:00,5.7
2020-12-29 15:36:38-03:00,5.6
2020-12-29 15:41:39-03:00,5.5
2020-12-29 15:46:39-03:00,5.5
2020-12-29 15:51:39-03:00,5.5
2020-12-29 15:56:40-03:00,5.5
2020-12-29 16:01:40-03:00,5.5
2020-12-29 16:06:40-03:00,5.5
2020-12-29 16:11:40-03:00,5.5
2020-12-29 16:16:41-03:00,0.0
2020-12-29 16:21:41-03:00,0.0
2020-12-29 16:26:41-03:00,0.0
2020-12-29 16:31:42-03:00,0.0
2020-12-29 16:36:42-03:00,0.0
2020-12-29 16:41:42-03:00,0.0
2020-12-29 16:46:43-03:00,0.0
2020-12-29 16:51:43-03:00,0.0
2020-12-29 16:56:43-03:00,0.0
2020-12-29 17:01:44-03:00,0.0
2020-12-29 17:06:44-03:00,0.0
2020-12-29 17:11:44-03:00,0.0
2020-12-29 17:16:44-03:00,0.0
2020-12-29 17:21:45-03:00,0.0
2020-12-29 17:26:45-03:00,0.0
2020-12-29 17:31:45-03:00,0.0
2020-12-29 17:36:46-03:00,0.0
2020-12-29 17:41:46-03:00,0.0
2020-12-29 17:46:46-03:00,0.0
2020-12-29 17:51:47-03:00,0.0
2020-12-29 17:56:47-03:00,0.0
2020-12-29 18:01:47-03:00,0.0
2020-12-29 18:06:48-03:00,0.0
2020-12-29 18:11:48-03:00,0.0
2020-12-29 18:16:48-03:00,0.0
2020-12-29 18:21:48-03:00,0.0
2020-12-29 18:26:49-03:00,5.7
2020-12-29 18:31:49-03:00,5.7
2020-12-29 18:36:49-03:00,5.6
2020-12-29 18:41:50-03:00,5.8
2020-12-29 18:46:50-03:00,5.6
2020-12-29 18:51:50-03:00,5.5
2020-12-29 18:56:51-03:00,5.5
2020-12-29 19:01:51-03:00,5.5
2020-12-29 19:06:51-03:00,5.5
2020-12-29 19:11:52-03:00,5.5
2020-12-29 19:16:52-03:00,5.5
2020-12-29 19:21:52-03:00,5.5
2020-12-29 19:26:52-03:00,5.5
2020-12-29 19:31:53-03:00,5.5
2020-12-29 19:36:53-03:00,5.5
2020-12-29 19:41:54-03:00,5.4
2020-12-29 19:46:54-03:00,5.5
2020-12-29 19:51:54-03:00,5.4
2020-12-29 19:56:54-03:00,5.4
2020-12-29 20:01:55-03:00,5.4
2020-12-29 20:06:55-03:00,5.4
2020-12-29 20:11:55-03:00,5.4
2020-12-29 20:16:56-03:00,5.4
2020-12-29 20:21:56-03:00,5.4
2020-12-29 20:26:56-03:00,5.4
2020-12-29 20:31:57-03:00,0.0
2020-12-29 20:36:57-03:00,0.0
2020-12-29 20:41:57-03:00,0.0
2020-12-29 20:46:58-03:00,0.0
2020-12-29 20:51:58-03:00,0.0
2020-12-29 20:56:58-03:00,0.0
2020-12-29 21:01:58-03:00,0.0
2020-12-29 21:06:59-03:00,0.0
2020-12-29 21:11:59-03:00,0.0
2020-12-29 21:16:59-03:00,0.0
2020-12-29 21:22:00-03:00,0.0
2020-12-29 21:27:00-03:00,0.0
2020-12-29 21:32:00-03:00,0.0
2020-12-29 21:37:01-03:00,0.0
2020-12-29 21:42:01-03:00,5.7
2020-12-29 21:47:01-03:00,5.6
2020-12-29 21:52:02-03:00,5.5
2020-12-29 21:57:02-03:00,5.5
2020-12-29 22:02:02-03:00,5.5
2020-12-29 22:07:03-03:00,5.5
2020-12-29 22:12:03-03:00,5.4
2020-12-29 22:17:03-03:00,5.4
2020-12-29 22:22:03-03:00,5.4
2020-12-29 22:27:04-03:00,5.4
2020-12-29 22:32:04-03:00,5.4
2020-12-29 22:37:04-03:00,5.4
2020-12-29 22:42:05-03:00,5.4
2020-12-29 22:47:05-03:00,5.4
2020-12-29 22:52:05-03:00,5.3
2020-12-29 22:57:06-03:00,5.3
2020-12-29 23:02:06-03:00,0.0
2020-12-29 23:07:06-03:00,0.0
2020-12-29 23:12:07-03:00,0.0
2020-12-29 23:17:07-03:00,0.0
2020-12-29 23:22:07-03:00,0.0
2020-12-29 23:27:07-03:00,0.0
2020-12-29 23:32:08-03:00,0.0
2020-12-29 23:37:08-03:00,0.0
2020-12-29 23:42:09-03:00,0.0
2020-12-29 23:47:09-03:00,0.0
2020-12-29 23:52:09-03:00,0.0
2020-12-29 23:57:10-03:00,0.0
2020-12-30 00:02:10-03:00,0.0
2020-12-30 00:07:10-03:00,0.0
2020-12-30 00:12:10-03:00,0.0
2020-12-30 00:17:11-03:00,0.0
2020-12-30 00:22:11-03:00,0.0
2020-12-30 00:27:11-03:00,0.0
2020-12-30 00:32:12-03:00,0.0
2020-12-30 00:37:12-03:00,0.0
2020-12-30 00:42:12-03:00,0.0
2020-12-30 00:47:13-03:00,0.0
2020-12-30 00:52:13-03:00,0.0
2020-12-30 00:57:13-03:00,0.0
2020-12-30 01:02:14-03:00,0.0
2020-12-30 01:07:14-03:00,0.0
2020-12-30 01:12:14-03:00,0.0
2020-12-30 01:17:14-03:00,0.0
2020-12-30 01:22:15-03:00,0.0
2020-12-30 01:27:15-03:00,0.0
2020-12-30 01:32:15-03:00,0.0
2020-12-30 01:37:16-03:00,0.0
2020-12-30 01:42:16-03:00,0.0
2020-12-30 01:47:16-03:00,0.0
2020-12-30 01:52:17-03:00,0.0
2020-12-30 01:57:17-03:00,0.0
2020-12-30 02:02:17-03:00,0.0
2020-12-30 02:07:18-03:00,0.0
2020-12-30 02:12:18-03:00,0.0
2020-12-30 02:17:18-03:00,0.0
2020-12-30 02:22:18-03:00,0.0
2020-12-30 02:27:19-03:00,0.0
2020-12-30 02:32:19-03:00,0.0
2020-12-30 02:37:19-03:00,0.0
2020-12-30 02:42:20-03:00,0.0
2020-12-30 02:47:20-03:00,0.0
2020-12-30 02:52:20-03:00,0.0
2020-12-30 02:57:21-03:00,0.0
2020-12-30 03:02:21-03:00,0.0
2020-12-30 03:07:21-03:00,0.0
2020-12-30 03:12:22-03:00,0.0
2020-12-30 03:17:22-03:00,5.6
2020-12-30 03:22:22-03:00,5.5
2020-12-30 03:27:22-03:00,5.7
2020-12-30 03:32:23-03:00,5.4
2020-12-30 03:37:23-03:00,5.4
2020-12-30 03:42:23-03:00,5.4
2020-12-30 03:47:24-03:00,5.4
2020-12-30 03:52:24-03:00,5.4
2020-12-30 03:57:24-03:00,5.4
2020-12-30 04:02:25-03:00,0.0
2020-12-30 04:07:25-03:00,0.0
2020-12-30 04:12:25-03:00,0.0
2020-12-30 04:17:26-03:00,0.0
2020-12-30 04:22:26-03:00,0.0
2020-12-30 04:27:26-03:00,0.0
2020-12-30 04:32:27-03:00,0.0
2020-12-30 04:37:27-03:00,0.0
2020-12-30 04:42:27-03:00,0.0
2020-12-30 04:47:28-03:00,0.0
2020-12-30 04:52:28-03:00,0.0
2020-12-30 04:57:28-03:00,0.0
2020-12-30 05:02:28-03:00,0.0
2020-12-30 05:07:29-03:00,0.0
2020-12-30 05:12:29-03:00,0.0
2020-12-30 05:17:29-03:00,0.0
2020-12-30 05:22:30-03:00,0.0
2020-12-30 05:27:30-03:00,0.0
2020-12-30 05:32:30-03:00,0.0
2020-12-30 05:37:31-03:00,0.0
2020-12-30 05:42:31-03:00,0.0
2020-12-30 05:47:31-03:00,0.0
2020-12-30 05:52:32-03:00,0.0
2020-12-30 05:57:32-03:00,0.0
2020-12-30 06:02:32-03:00,0.0
2020-12-30 06:07:32-03:00,0.0
2020-12-30 06:12:33-03:00,0.0
2020-12-30 06:17:33-03:00,0.0
2020-12-30 06:22:33-03:00,0.0
2020-12-30 06:27:34-03:00,0.0
2020-12-30 06:32:34-03:00,0.0
2020-12-30 06:37:34-03:00,0.0
2020-12-30 06:42:35-03:00,0.0
2020-12-30 06:47:35-03:00,0.0
2020-12-30 06:52:35-03:00,0.0
2020-12-30 06:57:36-03:00,0.0
2020-12-30 07:02:36-03:00,0.0
2020-12-30 07:07:36-03:00,0.0
2020-12-30 07:12:37-03:00,0.0
2020-12-30 07:17:37-03:00,0.0
2020-12-30 07:22:37-03:00,0.0
2020-12-30 07:27:37-03:00,0.0
2020-12-30 07:32:38-03:00,0.0
2020-12-30 07:37:38-03:00,0.0
2020-12-30 07:42:39-03:00,0.0
2020-12-30 07:47:39-03:00,0.0
2020-12-30 07:52:39-03:00,0.0
2020-12-30 07:57:39-03:00,0.0
2020-12-30 08:02:40-03:00,0.0
2020-12-30 08:07:40-03:00,5.9
2020-12-30 08:12:40-03:00,5.5
2020-12-30 08:17:41-03:00,5.5
2020-12-30 08:22:41-03:00,5.5
2020-12-30 08:27:41-03:00,5.5
2020-12-30 08:32:42-03:00,5.4
2020-12-30 08:37:42-03:00,5.4
2020-12-30 08:42:42-03:00,5.4
2020-12-30 08:47:43-03:00,5.4
2020-12-30 08:52:43-03:00,5.4
2020-12-30 08:57:43-03:00,5.3
2020-12-30 09:02:43-03:00,5.3
2020-12-30 09:07:44-03:00,5.3
2020-12-30 09:12:44-03:00,0.0
2020-12-30 09:17:44-03:00,0.0
2020-12-30 09:22:45-03:00,0.0
2020-12-30 09:27:45-03:00,0.0
2020-12-30 09:32:45-03:00,0.0
2020-12-30 09:37:46-03:00,0.0
2020-12-30 09:42:46-03:00,0.0
2020-12-30 09:47:46-03:00,0.0
2020-12-30 09:52:47-03:00,0.0
2020-12-30 09:57:47-03:00,0.0
2020-12-30 10:02:47-03:00,0.0
2020-12-30 10:07:48-03:00,0.0
2020-12-30 10:12:48-03:00,0.0
2020-12-30 10:17:48-03:00,0.0
2020-12-30 10:22:48-03:00,0.0
2020-12-30 10:27:49-03:00,0.0
2020-12-30 10:32:49-03:00,0.0
2020-12-30 10:37:49-03:00,0.0
2020-12-30 10:42:50-03:00,5.7
2020-12-30 10:47:50-03:00,5.5
2020-12-30 10:52:50-03:00,5.5
2020-12-30 10:57:51-03:00,5.5
2020-12-30 11:02:51-03:00,5.4
2020-12-30 11:07:51-03:00,5.4
2020-12-30 11:12:52-03:00,5.4
2020-12-30 11:17:52-03:00,5.4
2020-12-30 11:22:52-03:00,5.4
2020-12-30 11:27:52-03:00,5.4
2020-12-30 11:32:53-03:00,5.3
2020-12-30 11:37:53-03:00,5.3
2020-12-30 11:42:53-03:00,5.3
2020-12-30 11:47:54-03:00,5.3
2020-12-30 11:52:54-03:00,5.3
2020-12-30 11:57:54-03:00,5.3
2020-12-30 12:02:55-03:00,5.3
2020-12-30 12:07:55-03:00,0.0
2020-12-30 12:12:55-03:00,0.0
2020-12-30 12:17:56-03:00,0.0
2020-12-30 12:22:56-03:00,0.0
2020-12-30 12:27:56-03:00,0.0
2020-12-30 12:32:57-03:00,0.0
2020-12-30 12:37:57-03:00,0.0
2020-12-30 12:42:57-03:00,0.0
2020-12-30 12:47:57-03:00,0.0
2020-12-30 12:52:58-03:00,0.0
2020-12-30 12:57:58-03:00,0.0
2020-12-30 13:02:58-03:00,0.0
2020-12-30 13:07:59-03:00,0.0
2020-12-30 13:12:59-03:00,0.0
2020-12-30 13:17:59-03:00,0.0
2020-12-30 13:23:00-03:00,0.0
2020-12-30 13:28:00-03:00,0.0
2020-12-30 13:33:00-03:00,5.5
2020-12-30 13:38:01-03:00,5.5
2020-12-30 13:43:01-03:00,5.5
2020-12-30 13:48:01-03:00,5.4
2020-12-30 13:53:02-03:00,5.4
2020-12-30 13:58:02-03:00,5.4
2020-12-30 14:03:02-03:00,5.4
2020-12-30 14:08:02-03:00,5.3
2020-12-30 14:13:03-03:00,5.3
2020-12-30 14:18:03-03:00,5.3
2020-12-30 14:23:03-03:00,5.3
2020-12-30 14:28:04-03:00,0.0
2020-12-30 14:33:04-03:00,0.0
2020-12-30 14:38:04-03:00,3.9
2020-12-30 14:43:05-03:00,5.8
2020-12-30 14:48:05-03:00,5.8
2020-12-30 14:53:05-03:00,5.8
2020-12-30 14:58:06-03:00,5.8
2020-12-30 15:03:06-03:00,5.8
2020-12-30 15:08:06-03:00,5.8
2020-12-30 15:13:06-03:00,5.7
2020-12-30 15:18:07-03:00,5.7
2020-12-30 15:23:07-03:00,5.7
2020-12-30 15:28:07-03:00,5.7
2020-12-30 15:33:08-03:00,5.7
2020-12-30 15:38:08-03:00,5.7
2020-12-30 15:43:08-03:00,0.0
2020-12-30 15:48:09-03:00,0.0
2020-12-30 15:53:09-03:00,0.0
2020-12-30 15:58:09-03:00,0.0
2020-12-30 16:03:10-03:00,0.0
2020-12-30 16:08:10-03:00,0.0
2020-12-30 16:13:10-03:00,0.0
2020-12-30 16:18:10-03:00,0.0
2020-12-30 16:23:11-03:00,0.0
2020-12-30 16:28:11-03:00,0.0
2020-12-30 16:33:11-03:00,0.0
2020-12-30 16:38:12-03:00,0.0
2020-12-30 16:43:12-03:00,0.0
2020-12-30 16:48:12-03:00,0.0
2020-12-30 16:53:13-03:00,0.0
2020-12-30 16:58:13-03:00,0.0
2020-12-30 17:03:13-03:00,0.0
2020-12-30 17:08:14-03:00,0.0
2020-12-30 17:13:14-03:00,0.0
2020-12-30 17:18:14-03:00,0.0
2020-12-30 17:23:15-03:00,0.0
2020-12-30 17:28:15-03:00,0.0
2020-12-30 17:33:15-03:00,5.8
2020-12-30 17:38:15-03:00,5.8
2020-12-30 17:43:16-03:00,5.8
2020-12-30 17:48:16-03:00,5.8
2020-12-30 17:53:16-03:00,5.8
2020-12-30 17:58:17-03:00,5.7
2020-12-30 18:03:17-03:00,5.7
2020-12-30 18:08:17-03:00,5.7
2020-12-30 18:13:18-03:00,5.7
2020-12-30 18:18:18-03:00,5.7
2020-12-30 18:23:18-03:00,5.7
2020-12-30 18:28:19-03:00,5.7
2020-12-30 18:33:19-03:00,5.7
2020-12-30 18:38:19-03:00,5.7
2020-12-30 18:43:19-03:00,5.7
2020-12-30 18:48:20-03:00,5.7
2020-12-30 18:53:20-03:00,5.7
2020-12-30 18:58:20-03:00,0.0
2020-12-30 19:03:21-03:00,0.0
2020-12-30 19:08:21-03:00,0.0
2020-12-30 19:13:21-03:00,0.0
2020-12-30 19:18:22-03:00,0.0
2020-12-30 19:23:22-03:00,0.0
2020-12-30 19:28:22-03:00,0.0
2020-12-30 19:33:23-03:00,0.0
2020-12-30 19:38:23-03:00,0.0
2020-12-30 19:43:23-03:00,0.0
2020-12-30 19:48:23-03:00,0.0
2020-12-30 19:53:24-03:00,0.0
2020-12-30 19:58:24-03:00,0.0
2020-12-30 20:03:24-03:00,0.0
2020-12-30 20:08:25-03:00,0.0
2020-12-30 20:13:25-03:00,5.7
2020-12-30 20:18:25-03:00,5.7
2020-12-30 20:23:26-03:00,5.7
2020-12-30 20:28:26-03:00,5.7
2020-12-30 20:33:26-03:00,5.7
2020-12-30 20:38:27-03:00,5.6
2020-12-30 20:43:27-03:00,5.6
2020-12-30 20:48:27-03:00,5.6
2020-12-30 20:53:27-03:00,5.6
2020-12-30 20:58:28-03:00,5.6
